{"type":"FeatureCollection","features":[{"type":"Feature","properties":{},"geometry":{"type":"MultiPolygon","coordinates":[[[[51.74,46.93],[52.14,46.83],[52.48,46.99],[52.92,46.95],[53.07,46.86],[53.17,46.67],[53.06,46.48],[53.14,46.19],[52.77,45.57],[53.2,45.33],[52.43,45.4],[51.42,45.36],[51.01,44.92],[51.31,44.62],[51.54,44.53],[50.41,44.62],[50.3,44.58],[50.25,44.41],[50.83,44.19],[51.3,43.48],[51.3,43.17],[51.62,43.16],[51.9,42.87],[52.6,42.76],[52.64,42.56],[52.47,41.89],[52.85,41.2],[52.88,41.65],[52.81,41.71],[52.97,41.98],[53.16,42.09],[53.75,42.13],[53.85,42.09],[54.09,41.52],[54.7,41.07],[54.69,40.87],[54.32,40.83],[54.38,40.69],[53.87,40.65],[53.62,40.82],[53.15,40.82],[52.94,41.04],[52.73,40.4],[52.8,40.05],[53.04,39.77],[52.99,39.99],[53.49,39.91],[53.47,39.67],[53.6,39.55],[53.24,39.61],[53.12,39.43],[53.16,39.26],[53.34,39.34],[53.7,39.21],[53.87,38.95],[53.82,37.93],[54.02,36.95],[53.97,36.82],[53.68,36.85],[53.92,36.93],[53.77,36.93],[51.76,36.61],[50.93,36.81],[50.34,37.15],[50.13,37.41],[49.37,37.52],[49.08,37.67],[48.87,38.39],[48.85,38.82],[48.96,39.08],[49.01,39.13],[49.17,39.03],[49.36,39.35],[49.32,39.61],[49.55,40.19],[49.92,40.32],[50.37,40.28],[50.18,40.5],[49.78,40.58],[49.46,40.8],[48.82,41.63],[48.38,41.95],[47.73,42.68],[47.71,42.81],[47.46,43.04],[47.65,43.88],[47.46,43.56],[47.31,44.1],[46.71,44.5],[47.0,44.88],[47.08,44.82],[47.35,45.22],[47.53,45.53],[47.48,45.69],[47.63,45.58],[47.7,45.69],[48.16,45.74],[48.49,45.93],[48.73,45.9],[48.68,46.09],[49.25,46.29],[49.21,46.39],[49.36,46.41],[49.35,46.52],[49.89,46.6],[50.92,47.04],[51.29,47.1],[51.74,46.93]],[[47.92,45.62],[47.92,45.56],[47.97,45.47],[47.98,45.49],[47.99,45.55],[47.95,45.65],[47.92,45.62]],[[50.35,45.08],[50.29,45.08],[50.26,45.02],[50.28,44.96],[50.31,44.97],[50.33,45.0],[50.35,45.08]],[[50.12,45.06],[50.0,44.94],[50.15,44.83],[50.04,44.95],[50.12,45.06]]],[[[17.96,59.36],[18.58,59.57],[18.99,59.83],[18.79,60.08],[18.54,60.15],[18.56,60.25],[17.96,60.59],[17.66,60.54],[17.59,60.63],[17.25,60.7],[17.13,61.58],[17.2,61.72],[17.47,61.68],[17.37,61.87],[17.51,62.17],[17.63,62.23],[17.43,62.33],[17.38,62.46],[17.65,62.45],[18.04,62.6],[17.9,62.66],[17.97,62.72],[17.88,62.87],[18.17,62.79],[18.46,62.9],[18.5,62.99],[18.31,63.0],[18.61,63.18],[19.03,63.24],[19.35,63.48],[19.72,63.46],[19.91,63.61],[20.76,63.87],[21.02,64.18],[21.52,64.46],[21.14,64.81],[21.57,65.13],[21.41,65.32],[21.61,65.26],[21.57,65.41],[21.88,65.42],[21.92,65.53],[22.15,65.55],[22.09,65.61],[22.25,65.6],[22.4,65.86],[22.54,65.79],[22.75,65.87],[23.1,65.74],[23.69,65.83],[24.4,65.78],[24.63,65.86],[24.58,65.76],[24.67,65.67],[25.35,65.48],[25.26,65.14],[25.37,65.01],[25.23,64.95],[25.29,64.86],[24.56,64.8],[23.6,64.04],[22.53,63.65],[22.24,63.44],[22.32,63.31],[21.55,63.2],[21.65,63.04],[21.47,63.03],[21.1,62.62],[21.17,62.41],[21.34,62.28],[21.26,61.99],[21.61,61.59],[21.5,61.55],[21.57,61.48],[21.36,60.97],[21.44,60.6],[21.61,60.53],[21.81,60.59],[21.85,60.51],[22.58,60.38],[22.51,60.28],[22.59,60.23],[22.44,60.16],[22.46,60.03],[22.75,60.06],[22.91,60.21],[23.2,60.02],[23.02,59.82],[23.46,59.99],[24.45,60.02],[25.66,60.33],[25.76,60.27],[26.04,60.34],[25.96,60.47],[26.38,60.42],[26.57,60.62],[26.53,60.41],[27.21,60.54],[27.46,60.46],[28.51,60.68],[28.65,60.61],[28.62,60.49],[28.49,60.54],[28.64,60.38],[29.07,60.19],[29.72,60.2],[30.17,59.96],[30.12,59.87],[29.15,60.0],[28.95,59.83],[28.52,59.85],[28.33,59.69],[28.06,59.78],[28.06,59.55],[27.89,59.41],[25.51,59.64],[25.44,59.52],[24.38,59.47],[24.05,59.37],[24.08,59.29],[23.49,59.2],[23.52,59.0],[23.43,58.92],[23.5,58.79],[23.68,58.79],[23.51,58.66],[23.77,58.36],[24.11,58.27],[24.34,58.38],[24.53,58.35],[24.3,57.78],[24.38,57.25],[23.93,57.01],[23.65,56.97],[23.29,57.09],[23.14,57.32],[22.55,57.72],[21.73,57.57],[21.46,57.32],[21.35,57.02],[21.07,56.82],[21.03,56.64],[21.06,55.81],[21.24,55.46],[21.19,54.94],[20.59,54.98],[21.03,55.35],[21.11,55.62],[21.01,55.4],[20.68,55.1],[20.4,54.95],[19.97,54.92],[19.86,54.63],[19.41,54.39],[18.84,54.37],[18.67,54.43],[18.44,54.74],[18.8,54.63],[18.76,54.68],[18.09,54.84],[17.26,54.73],[16.56,54.55],[16.19,54.29],[14.38,53.92],[13.83,54.13],[13.93,53.88],[14.56,53.82],[14.58,53.64],[13.95,53.8],[13.72,54.15],[13.45,54.14],[13.03,54.41],[12.58,54.47],[12.11,54.17],[11.8,54.15],[11.4,53.94],[10.85,54.01],[10.81,54.08],[11.06,54.28],[11.01,54.38],[10.73,54.32],[10.14,54.49],[9.87,54.47],[10.03,54.58],[10.02,54.67],[9.75,54.81],[9.69,55.0],[9.45,55.04],[9.67,55.27],[9.59,55.49],[10.02,55.76],[9.9,55.84],[10.18,55.87],[10.32,56.21],[10.75,56.24],[10.93,56.44],[10.28,56.62],[10.3,57.0],[10.52,57.24],[10.54,57.45],[10.44,57.56],[10.61,57.74],[9.96,57.58],[9.43,57.17],[8.62,57.11],[8.27,56.75],[8.47,56.66],[8.77,56.73],[8.99,57.02],[9.11,57.04],[9.25,57.01],[9.2,56.7],[9.07,56.79],[8.89,56.74],[8.67,56.5],[8.16,56.61],[8.13,55.6],[8.62,55.42],[8.67,55.16],[8.57,55.13],[8.68,54.79],[8.96,54.54],[8.95,54.47],[8.65,54.4],[8.64,54.29],[8.91,54.26],[8.98,53.93],[9.31,53.86],[9.78,53.55],[9.21,53.86],[8.62,53.88],[8.53,53.78],[8.5,53.39],[8.49,53.51],[8.33,53.61],[8.2,53.43],[8.01,53.69],[7.63,53.7],[7.21,53.65],[7.05,53.38],[7.2,53.28],[6.82,53.44],[6.06,53.41],[5.53,53.27],[5.06,52.96],[4.77,52.94],[4.48,52.31],[4.03,51.93],[3.95,51.81],[4.18,51.61],[4.0,51.6],[4.27,51.47],[3.74,51.6],[3.45,51.54],[4.23,51.39],[3.43,51.39],[1.77,50.94],[1.58,50.74],[1.59,50.25],[1.41,50.09],[0.19,49.7],[0.13,49.51],[0.42,49.45],[-0.16,49.3],[-1.14,49.39],[-1.26,49.68],[-1.86,49.68],[-1.58,49.2],[-1.57,48.81],[-1.38,48.65],[-1.91,48.7],[-2.0,48.58],[-2.45,48.65],[-2.69,48.54],[-3.0,48.79],[-3.23,48.84],[-4.72,48.54],[-4.72,48.36],[-4.24,48.3],[-4.58,48.29],[-4.33,48.17],[-4.68,48.04],[-4.43,47.97],[-4.31,47.82],[-3.9,47.84],[-2.79,47.63],[-2.77,47.51],[-2.43,47.47],[-2.5,47.31],[-1.98,47.31],[-1.74,47.22],[-2.15,47.22],[-2.2,47.16],[-2.02,47.04],[-2.09,46.87],[-1.79,46.51],[-1.15,46.31],[-1.03,45.74],[-1.2,45.71],[-0.79,45.47],[-0.55,45.0],[-0.69,45.09],[-0.83,45.38],[-1.08,45.53],[-1.25,44.67],[-1.15,44.76],[-1.08,44.69],[-1.25,44.56],[-1.48,43.56],[-1.99,43.35],[-2.88,43.45],[-3.05,43.37],[-3.6,43.52],[-4.52,43.42],[-5.85,43.65],[-7.06,43.55],[-7.7,43.76],[-8.26,43.58],[-8.25,43.44],[-8.36,43.4],[-8.87,43.33],[-9.18,43.17],[-9.24,42.98],[-8.93,42.8],[-9.03,42.59],[-8.81,42.64],[-8.73,42.41],[-8.82,42.29],[-8.69,42.27],[-8.89,42.11],[-8.88,41.95],[-8.78,41.94],[-8.89,41.76],[-8.76,41.7],[-8.81,41.56],[-8.66,41.09],[-8.68,40.75],[-8.87,40.26],[-8.84,40.12],[-9.15,39.54],[-9.37,39.34],[-9.48,38.8],[-9.36,38.7],[-9.14,38.74],[-8.95,39.02],[-8.79,39.08],[-8.94,39.0],[-9.02,38.75],[-9.25,38.66],[-9.21,38.45],[-8.8,38.52],[-8.67,38.42],[-8.88,38.45],[-8.8,38.18],[-8.88,37.96],[-8.81,37.43],[-9.0,37.03],[-8.6,37.12],[-7.83,37.01],[-7.49,37.17],[-6.97,37.2],[-6.86,37.28],[-6.88,37.19],[-6.4,36.83],[-6.22,36.91],[-6.41,36.73],[-6.38,36.64],[-6.27,36.6],[-6.04,36.19],[-5.63,36.03],[-5.36,36.13],[-5.17,36.42],[-4.67,36.51],[-4.37,36.72],[-2.79,36.71],[-2.45,36.83],[-2.11,36.78],[-1.64,37.39],[-1.33,37.56],[-0.72,37.63],[-0.81,37.77],[-0.52,38.32],[0.2,38.76],[-0.2,39.06],[-0.33,39.52],[0.6,40.61],[0.89,40.72],[0.71,40.82],[1.03,41.06],[2.08,41.29],[3.25,41.94],[3.15,42.16],[3.17,42.26],[3.31,42.29],[3.09,42.59],[3.04,42.84],[3.26,43.19],[4.05,43.59],[4.71,43.37],[5.06,43.44],[5.41,43.23],[6.12,43.07],[6.57,43.2],[7.26,43.7],[8.0,43.88],[8.55,44.35],[8.77,44.42],[9.29,44.32],[10.19,43.95],[10.52,43.2],[10.51,42.97],[10.71,42.94],[11.17,42.54],[11.14,42.39],[11.3,42.42],[11.64,42.29],[12.63,41.47],[13.09,41.24],[13.73,41.24],[14.04,40.81],[14.46,40.73],[14.34,40.6],[14.77,40.67],[14.95,40.47],[14.95,40.24],[15.69,39.99],[16.21,38.94],[16.2,38.76],[15.88,38.61],[15.9,38.48],[15.64,38.18],[15.65,38.03],[15.72,37.94],[16.06,37.94],[16.28,38.25],[16.55,38.41],[16.62,38.8],[17.17,39.0],[17.11,39.38],[16.52,39.75],[16.67,40.14],[16.93,40.46],[17.18,40.5],[17.4,40.34],[17.87,40.28],[18.08,39.94],[18.34,39.82],[18.46,40.22],[17.95,40.66],[15.9,41.51],[15.91,41.62],[16.15,41.76],[16.16,41.9],[15.17,41.93],[14.54,42.24],[14.01,42.69],[13.56,43.57],[12.4,44.22],[12.25,44.72],[12.28,44.83],[12.38,44.8],[12.52,44.97],[12.23,45.24],[12.27,45.45],[13.03,45.64],[13.21,45.77],[13.47,45.71],[13.63,45.77],[13.78,45.63],[13.52,45.48],[13.63,45.11],[13.86,44.84],[13.97,44.84],[14.31,45.34],[14.55,45.3],[14.85,45.08],[14.98,44.6],[15.47,44.27],[15.12,44.26],[15.19,44.17],[15.94,43.66],[15.99,43.52],[16.39,43.54],[16.9,43.39],[17.72,42.85],[17.05,43.01],[18.65,42.44],[19.19,41.95],[19.58,41.79],[19.44,41.42],[19.46,40.93],[19.34,40.66],[19.46,40.41],[19.32,40.41],[19.4,40.28],[19.85,40.04],[20.3,39.33],[20.78,39.01],[21.12,39.03],[21.11,38.9],[20.77,38.87],[21.18,38.35],[21.3,38.37],[21.33,38.49],[21.47,38.32],[21.97,38.41],[22.32,38.36],[22.42,38.44],[23.15,38.18],[23.12,38.07],[22.89,38.05],[22.92,37.96],[21.82,38.33],[21.66,38.18],[21.4,38.2],[21.12,37.89],[21.68,37.39],[21.58,37.08],[21.89,36.74],[21.96,36.99],[22.08,37.03],[22.38,36.7],[22.43,36.48],[22.49,36.45],[22.61,36.78],[22.72,36.79],[23.16,36.45],[22.73,37.54],[23.02,37.48],[23.16,37.33],[23.49,37.44],[23.4,37.58],[23.2,37.62],[23.04,37.88],[23.5,38.03],[24.02,37.68],[24.02,38.14],[23.97,38.27],[23.68,38.35],[23.25,38.66],[22.57,38.87],[23.07,39.04],[22.97,39.03],[22.89,39.17],[22.84,39.26],[22.92,39.31],[23.16,39.26],[23.15,39.1],[23.33,39.17],[22.59,40.04],[22.63,40.5],[22.92,40.59],[22.9,40.4],[23.31,40.22],[23.4,39.99],[23.63,39.92],[23.43,40.12],[23.43,40.26],[23.66,40.22],[23.95,39.97],[23.97,40.11],[23.73,40.33],[23.91,40.36],[24.34,40.15],[24.21,40.33],[23.87,40.42],[23.76,40.75],[24.08,40.72],[24.48,40.95],[24.79,40.86],[25.1,40.99],[25.86,40.84],[26.11,40.61],[26.79,40.63],[26.25,40.31],[26.2,40.08],[26.77,40.5],[27.26,40.69],[27.5,40.97],[28.17,41.08],[28.96,41.01],[29.06,41.23],[28.2,41.55],[27.99,41.85],[27.98,42.05],[27.48,42.47],[27.89,42.75],[27.93,43.19],[28.13,43.4],[28.47,43.39],[28.56,43.5],[28.65,44.3],[28.89,44.57],[28.81,44.57],[28.93,44.97],[29.1,44.98],[29.05,44.76],[29.56,44.84],[29.73,45.34],[29.63,45.72],[30.22,45.87],[30.66,46.27],[30.8,46.55],[31.4,46.63],[31.56,46.78],[31.53,46.66],[31.87,46.65],[31.91,46.93],[31.76,47.21],[32.04,46.64],[32.35,46.56],[32.58,46.62],[32.36,46.47],[31.55,46.55],[32.01,46.43],[31.78,46.32],[31.83,46.28],[32.48,46.08],[33.2,46.18],[33.43,46.06],[33.59,46.1],[33.66,45.95],[32.51,45.4],[32.61,45.33],[32.92,45.35],[33.56,45.1],[33.61,44.91],[33.45,44.55],[33.91,44.39],[34.28,44.54],[34.47,44.72],[35.09,44.8],[35.47,45.1],[35.87,45.01],[36.39,45.07],[36.58,45.39],[36.17,45.45],[35.46,45.32],[35.02,45.7],[34.86,45.99],[34.85,46.19],[35.23,46.44],[35.28,46.28],[35.01,46.11],[35.83,46.62],[36.56,46.76],[36.79,46.71],[37.54,47.07],[38.18,47.08],[38.58,47.24],[38.76,47.26],[38.55,47.15],[38.67,47.14],[39.2,47.27],[39.27,47.04],[38.44,46.81],[38.5,46.66],[37.77,46.64],[37.91,46.41],[38.08,46.39],[38.49,46.09],[38.18,46.09],[38.08,45.93],[38.01,46.05],[37.93,46.0],[37.61,45.56],[37.65,45.38],[37.21,45.27],[36.87,45.43],[36.72,45.37],[36.94,45.29],[36.63,45.15],[37.2,44.97],[37.5,44.7],[37.85,44.7],[38.18,44.42],[38.72,44.29],[39.87,43.47],[41.42,42.74],[41.76,41.97],[41.7,41.71],[41.41,41.42],[40.27,40.96],[39.43,41.11],[38.38,40.92],[37.07,41.18],[36.78,41.36],[36.41,41.27],[36.18,41.43],[36.05,41.68],[35.56,41.63],[35.3,41.73],[35.12,41.89],[35.15,42.03],[35.01,42.06],[34.75,41.96],[33.38,42.02],[32.31,41.73],[31.46,41.32],[31.25,41.11],[29.15,41.22],[29.05,41.01],[29.11,40.94],[29.36,40.81],[29.85,40.76],[28.79,40.53],[29.01,40.39],[27.96,40.37],[27.99,40.49],[27.87,40.51],[27.73,40.48],[27.85,40.38],[27.73,40.33],[27.48,40.32],[27.28,40.46],[26.74,40.4],[26.18,39.99],[26.11,39.47],[26.9,39.55],[26.68,39.29],[26.85,39.12],[26.81,38.96],[27.01,38.89],[26.76,38.71],[26.91,38.48],[27.14,38.45],[26.73,38.42],[26.67,38.34],[26.59,38.56],[26.44,38.64],[26.38,38.62],[26.42,38.37],[26.29,38.28],[27.23,37.98],[27.22,37.73],[27.07,37.66],[27.22,37.39],[27.52,37.25],[27.54,37.16],[27.3,37.13],[27.26,36.98],[28.24,37.03],[28.01,36.83],[27.47,36.75],[27.54,36.68],[28.08,36.75],[28.02,36.63],[28.11,36.65],[28.3,36.81],[28.82,36.68],[28.97,36.72],[29.22,36.32],[29.69,36.16],[30.23,36.31],[30.45,36.27],[30.64,36.87],[31.24,36.82],[32.02,36.54],[32.38,36.18],[32.79,36.04],[33.69,36.18],[34.7,36.82],[35.39,36.58],[36.05,36.91],[36.18,36.81],[36.19,36.66],[35.81,36.31],[35.96,36.0],[35.76,35.57],[35.9,35.42],[35.98,34.55],[35.65,34.25],[34.48,31.59],[33.9,31.18],[32.6,31.07],[32.25,31.29],[32.28,31.2],[32.1,31.09],[32.01,31.22],[31.77,31.29],[31.89,31.48],[32.14,31.34],[31.89,31.54],[31.52,31.46],[31.08,31.6],[31.0,31.46],[30.56,31.42],[30.92,31.57],[30.4,31.46],[30.22,31.26],[29.93,31.23],[29.43,30.93],[29.07,30.83],[28.51,31.05],[27.97,31.1],[26.77,31.47],[25.89,31.62],[25.23,31.53],[24.88,31.98],[24.13,32.01],[23.8,32.16],[23.29,32.21],[23.11,32.33],[23.09,32.62],[22.19,32.92],[21.64,32.94],[21.42,32.8],[21.06,32.78],[20.62,32.58],[20.12,32.22],[19.93,31.82],[20.14,31.2],[20.01,30.8],[19.59,30.41],[19.29,30.29],[18.94,30.29],[17.83,30.93],[16.78,31.21],[16.12,31.26],[15.71,31.43],[15.5,31.66],[15.36,32.16],[15.18,32.39],[14.51,32.51],[14.16,32.71],[13.28,32.91],[12.75,32.8],[12.28,32.86],[11.81,33.09],[11.2,33.25],[11.26,33.31],[10.96,33.63],[10.72,33.51],[10.71,33.69],[10.31,33.73],[10.05,34.06],[10.06,34.21],[10.69,34.68],[11.12,35.24],[11.0,35.63],[10.59,35.89],[10.49,36.25],[11.13,36.87],[11.05,37.07],[10.95,37.06],[10.41,36.73],[10.29,36.78],[10.2,37.21],[9.88,37.25],[9.83,37.14],[9.84,37.31],[9.69,37.34],[9.14,37.19],[8.82,37.0],[7.91,36.86],[7.43,37.06],[7.2,37.09],[7.24,36.97],[6.93,36.92],[6.49,37.09],[6.06,36.86],[5.3,36.65],[4.76,36.9],[3.78,36.9],[3.52,36.8],[2.97,36.78],[2.59,36.6],[1.26,36.52],[0.31,36.16],[-0.05,35.83],[-0.43,35.86],[-0.92,35.67],[-1.91,35.09],[-2.84,35.13],[-2.97,35.41],[-3.39,35.21],[-3.69,35.28],[-4.33,35.16],[-4.63,35.21],[-5.25,35.61],[-5.34,35.75],[-5.28,35.9],[-5.92,35.79],[-6.35,34.78],[-6.9,33.97],[-8.51,33.25],[-9.25,32.57],[-9.35,32.09],[-9.81,31.42],[-9.88,30.72],[-9.65,30.45],[-9.67,30.11],[-10.2,29.38],[-10.49,29.06],[-11.55,28.31],[-12.95,27.91],[-13.18,27.66],[-13.58,26.74],[-14.47,26.16],[-14.79,25.4],[-14.9,24.72],[-15.9,23.84],[-15.98,23.67],[-15.79,23.79],[-16.21,23.1],[-16.36,22.59],[-16.93,21.9],[-17.1,20.86],[-17.05,20.81],[-17.0,21.04],[-16.88,21.09],[-16.62,20.63],[-16.56,20.6],[-16.53,20.71],[-16.43,20.65],[-16.21,20.23],[-16.28,19.79],[-16.44,19.47],[-16.31,19.51],[-16.51,19.36],[-16.21,19.0],[-16.08,18.52],[-16.08,17.55],[-16.46,16.6],[-16.57,15.73],[-17.15,14.92],[-17.54,14.76],[-17.45,14.65],[-17.35,14.73],[-17.17,14.64],[-16.79,14.0],[-16.62,14.04],[-16.77,13.9],[-16.44,13.35],[-15.43,13.47],[-16.16,13.38],[-16.19,13.28],[-16.41,13.27],[-16.56,13.3],[-16.67,13.47],[-16.75,13.43],[-16.82,13.34],[-16.77,12.63],[-16.6,12.72],[-16.44,12.61],[-16.78,12.47],[-16.44,12.2],[-16.24,12.24],[-16.33,12.05],[-16.14,11.92],[-15.92,11.94],[-15.94,11.79],[-15.08,11.97],[-15.5,11.78],[-15.41,11.62],[-15.23,11.69],[-15.07,11.6],[-15.43,11.5],[-15.48,11.41],[-15.35,11.38],[-15.39,11.22],[-15.22,11.16],[-15.22,11.03],[-15.05,11.14],[-15.01,10.8],[-14.89,10.97],[-14.78,10.93],[-14.68,10.69],[-14.59,10.77],[-14.61,10.55],[-14.43,10.25],[-14.05,10.14],[-13.82,9.89],[-13.69,9.93],[-13.69,9.54],[-13.44,9.42],[-13.27,9.17],[-13.27,8.99],[-13.06,8.88],[-13.21,8.84],[-13.18,8.58],[-12.89,8.63],[-13.09,8.42],[-13.27,8.43],[-13.15,8.21],[-12.96,8.15],[-12.85,7.82],[-12.7,7.72],[-12.48,7.75],[-12.49,7.39],[-11.73,7.09],[-11.29,6.69],[-10.85,6.47],[-10.79,6.31],[-10.28,6.08],[-9.13,5.05],[-8.26,4.59],[-7.54,4.35],[-5.91,5.01],[-5.06,5.13],[-5.37,5.15],[-5.28,5.21],[-4.9,5.14],[-4.04,5.23],[-4.61,5.24],[-4.12,5.31],[-3.35,5.13],[-3.2,5.35],[-3.17,5.2],[-3.02,5.13],[-3.25,5.11],[-2.0,4.76],[0.26,5.76],[0.95,5.81],[1.11,6.05],[1.31,6.15],[2.29,6.33],[3.34,6.4],[3.43,6.53],[3.72,6.6],[3.45,6.43],[4.43,6.35],[4.86,6.03],[5.11,5.64],[5.33,5.71],[5.46,5.61],[5.2,5.53],[5.39,5.4],[5.55,5.47],[5.37,5.34],[5.49,4.84],[5.59,4.65],[6.08,4.29],[6.21,4.29],[6.27,4.43],[6.26,4.31],[6.55,4.34],[6.58,4.48],[6.63,4.34],[6.86,4.37],[6.77,4.72],[6.92,4.39],[7.15,4.51],[7.08,4.72],[7.28,4.55],[7.46,4.56],[7.53,4.66],[7.64,4.53],[8.29,4.56],[8.25,4.92],[8.43,4.75],[8.57,4.75],[8.57,4.53],[8.69,4.55],[8.66,4.67],[8.92,4.55],[9.0,4.09],[9.43,3.92],[9.48,4.07],[9.69,4.06],[9.64,3.97],[9.74,3.85],[9.56,3.8],[9.64,3.61],[9.77,3.62],[9.67,3.54],[9.95,3.08],[9.81,1.93],[9.39,1.14],[9.6,1.05],[9.62,0.58],[9.5,0.66],[9.32,0.55],[9.55,0.3],[10.0,0.19],[9.8,0.04],[9.47,0.16],[9.35,0.34],[9.3,-0.35],[8.95,-0.69],[8.82,-0.71],[8.7,-0.59],[9.06,-1.3],[9.2,-1.38],[9.35,-1.32],[9.3,-1.52],[9.5,-1.56],[9.32,-1.63],[9.04,-1.31],[9.27,-1.83],[9.48,-1.89],[9.48,-1.96],[9.3,-1.9],[9.62,-2.37],[10.06,-2.55],[9.72,-2.47],[10.35,-3.01],[11.78,-4.57],[12.18,-5.32],[12.16,-5.63],[12.24,-5.81],[12.45,-6.0],[13.07,-5.86],[12.28,-6.12],[12.82,-6.95],[12.86,-7.23],[13.38,-8.37],[13.36,-8.69],[13.0,-9.05],[13.33,-10.0],[13.72,-10.63],[13.85,-11.05],[13.69,-12.12],[13.42,-12.52],[12.98,-12.78],[12.9,-13.03],[12.55,-13.44],[12.02,-15.51],[11.75,-15.83],[11.82,-16.5],[11.72,-17.47],[11.78,-18.0],[12.04,-18.47],[12.46,-18.93],[13.17,-20.18],[13.45,-20.92],[14.46,-22.45],[14.52,-22.81],[14.4,-22.97],[14.5,-24.2],[14.84,-25.03],[14.85,-25.73],[14.97,-26.32],[15.14,-26.51],[15.13,-26.79],[15.34,-27.39],[15.72,-27.97],[16.48,-28.64],[16.74,-29.01],[17.35,-30.44],[18.21,-31.74],[18.33,-32.5],[18.12,-32.75],[17.97,-32.71],[17.85,-32.83],[18.43,-33.72],[18.47,-33.89],[18.35,-33.94],[18.35,-34.19],[18.46,-34.35],[18.5,-34.11],[18.75,-34.08],[18.83,-34.36],[19.1,-34.35],[19.33,-34.49],[19.3,-34.62],[20.02,-34.79],[20.53,-34.46],[20.99,-34.37],[21.79,-34.37],[22.25,-34.07],[22.55,-34.01],[23.27,-34.08],[23.7,-33.99],[24.6,-34.17],[24.83,-34.17],[25.0,-33.97],[25.57,-34.04],[25.81,-33.74],[26.61,-33.71],[27.86,-33.05],[29.97,-31.32],[30.47,-30.71],[31.34,-29.38],[32.38,-28.5],[32.53,-28.2],[32.89,-26.83],[32.95,-26.08],[32.85,-26.27],[32.59,-26.0],[32.79,-25.64],[33.35,-25.26],[34.99,-24.65],[35.44,-24.17],[35.54,-23.82],[35.37,-23.8],[35.58,-22.96],[35.49,-22.66],[35.54,-22.3],[35.46,-22.12],[35.38,-22.45],[35.32,-22.4],[35.27,-21.65],[34.98,-20.81],[34.71,-20.47],[34.76,-19.82],[34.65,-19.7],[34.95,-19.81],[35.85,-18.99],[36.24,-18.86],[36.26,-18.72],[36.4,-18.77],[36.94,-17.99],[37.51,-17.57],[38.14,-17.24],[39.08,-16.97],[39.84,-16.44],[39.79,-16.29],[39.98,-16.23],[40.56,-15.47],[40.62,-15.12],[40.84,-14.79],[40.82,-14.47],[40.73,-14.42],[40.65,-14.54],[40.72,-14.21],[40.6,-14.12],[40.57,-12.98],[40.44,-12.98],[40.58,-12.64],[40.49,-12.49],[40.53,-12.0],[40.4,-11.33],[40.6,-10.83],[40.49,-10.77],[40.61,-10.66],[40.39,-10.35],[39.73,-10.0],[39.78,-9.91],[39.64,-9.19],[39.45,-8.94],[39.3,-8.44],[39.44,-8.01],[39.43,-7.81],[39.29,-7.79],[39.29,-7.52],[39.55,-7.02],[38.87,-6.33],[38.8,-6.07],[39.23,-4.67],[39.49,-4.48],[39.86,-3.58],[40.12,-3.25],[40.28,-2.63],[40.64,-2.54],[40.81,-2.39],[40.92,-2.19],[40.89,-2.02],[40.95,-2.06],[41.0,-1.95],[41.39,-1.87],[41.98,-0.97],[43.72,0.86],[44.92,1.81],[46.05,2.48],[47.98,4.5],[49.05,6.17],[49.23,6.78],[49.67,7.47],[49.85,7.96],[50.1,8.2],[50.83,9.43],[50.93,10.34],[51.21,10.43],[51.38,10.39],[51.19,10.55],[51.03,10.44],[51.14,10.66],[51.08,11.34],[51.25,11.83],[50.79,11.98],[50.11,11.53],[49.06,11.27],[48.57,11.32],[47.71,11.11],[47.4,11.17],[46.57,10.75],[45.82,10.84],[44.94,10.44],[44.28,10.47],[43.85,10.78],[43.44,11.35],[43.16,11.57],[42.54,11.5],[42.52,11.57],[42.64,11.56],[42.8,11.74],[43.34,12.03],[43.41,12.19],[43.35,12.37],[43.08,12.82],[43.0,12.9],[42.97,12.81],[42.8,12.86],[42.52,13.22],[42.4,13.21],[42.25,13.59],[41.66,13.98],[41.18,14.62],[40.2,15.01],[40.04,15.33],[39.86,15.47],[39.79,15.12],[39.51,15.53],[39.3,15.92],[38.91,17.43],[38.57,18.07],[38.28,18.29],[38.2,18.25],[37.92,18.56],[37.47,18.82],[37.19,20.12],[37.23,20.56],[37.14,20.98],[37.15,21.1],[37.26,21.04],[37.26,21.11],[36.93,21.59],[36.87,22.02],[36.23,22.63],[35.91,22.74],[35.7,22.95],[35.5,23.78],[35.54,23.92],[35.78,23.94],[35.19,24.48],[33.96,26.65],[33.85,27.18],[33.55,27.61],[33.55,27.9],[32.66,28.93],[32.6,29.32],[32.36,29.63],[32.47,29.93],[32.57,29.97],[32.72,29.52],[33.13,28.98],[33.25,28.57],[33.76,28.05],[34.22,27.76],[34.4,28.02],[34.74,29.27],[34.97,29.56],[34.62,28.06],[34.72,28.13],[35.18,28.03],[37.15,25.29],[37.27,24.96],[37.18,24.82],[37.54,24.29],[37.92,24.19],[38.46,23.71],[39.06,22.59],[38.99,21.88],[39.15,21.52],[39.09,21.31],[39.28,20.97],[39.73,20.39],[40.08,20.27],[40.76,19.76],[41.23,18.68],[41.66,18.01],[42.29,17.43],[42.38,17.12],[42.7,16.74],[42.79,16.45],[42.84,16.03],[42.72,15.65],[42.8,15.33],[42.66,15.23],[42.86,15.13],[42.94,14.94],[43.09,14.01],[43.28,13.69],[43.23,13.27],[43.49,12.7],[43.63,12.74],[43.93,12.62],[44.36,12.67],[44.62,12.82],[45.04,12.82],[45.66,13.34],[46.79,13.47],[47.41,13.66],[47.99,14.05],[48.67,14.05],[49.35,14.64],[51.32,15.23],[52.22,15.66],[52.24,16.17],[52.58,16.47],[53.61,16.76],[54.07,17.01],[54.77,16.96],[55.06,17.04],[55.28,17.32],[55.26,17.59],[55.48,17.84],[56.38,17.99],[56.55,18.17],[56.66,18.59],[56.83,18.75],[57.81,19.02],[57.71,19.68],[57.86,20.24],[58.17,20.59],[58.25,20.6],[58.21,20.42],[58.47,20.41],[58.9,21.11],[59.37,21.5],[59.82,22.31],[59.82,22.51],[59.43,22.66],[58.77,23.52],[58.58,23.64],[58.32,23.62],[57.22,23.92],[56.64,24.47],[56.37,25.02],[56.3,25.65],[56.41,26.35],[56.16,26.21],[55.94,25.79],[54.75,24.81],[54.4,24.28],[54.15,24.17],[53.8,24.07],[52.65,24.15],[52.12,23.97],[51.84,24.01],[51.77,24.25],[51.61,24.34],[51.31,24.34],[51.42,24.53],[51.27,24.61],[51.43,24.67],[51.61,25.05],[51.49,25.52],[51.54,25.9],[51.26,26.15],[51.0,25.98],[50.75,25.4],[50.8,24.79],[50.08,25.96],[50.03,26.11],[50.16,26.1],[50.21,26.31],[50.01,26.68],[50.15,26.66],[49.41,27.18],[49.18,27.44],[49.24,27.49],[48.8,27.72],[48.81,27.9],[48.05,29.36],[47.72,29.39],[47.97,29.62],[48.14,29.57],[47.98,30.01],[48.45,29.94],[48.83,30.04],[49.0,30.51],[49.22,30.47],[49.19,30.38],[49.0,30.37],[49.55,30.03],[50.07,30.2],[50.17,29.92],[50.65,29.42],[50.68,29.15],[50.88,29.06],[50.87,28.87],[51.06,28.73],[51.28,28.13],[51.59,27.86],[52.03,27.82],[52.48,27.62],[52.69,27.32],[53.45,26.94],[53.71,26.73],[54.25,26.7],[54.64,26.51],[55.42,26.77],[55.65,26.98],[56.12,27.14],[56.36,27.2],[56.73,27.13],[57.04,26.8],[57.33,25.79],[57.8,25.65],[58.8,25.55],[59.05,25.42],[59.46,25.48],[60.4,25.31],[60.51,25.44],[60.66,25.28],[61.41,25.1],[61.53,25.2],[61.91,25.13],[62.2,25.22],[62.32,25.13],[62.66,25.26],[63.49,25.21],[63.56,25.35],[64.06,25.4],[64.66,25.18],[64.78,25.31],[66.47,25.45],[66.13,25.49],[66.22,25.59],[66.43,25.58],[66.7,25.23],[66.7,24.86],[67.17,24.76],[67.31,24.17],[67.56,23.88],[67.65,23.92],[67.67,23.81],[67.86,23.9],[68.12,23.75],[68.17,23.86],[68.23,23.6],[68.78,23.85],[68.42,23.57],[68.82,23.05],[69.66,22.76],[70.12,22.95],[70.34,22.94],[70.49,23.09],[70.51,23.0],[70.18,22.57],[69.28,22.29],[69.05,22.44],[68.97,22.29],[70.03,21.18],[70.49,20.84],[71.02,20.74],[72.02,21.16],[72.25,21.53],[72.21,21.73],[72.04,21.82],[72.27,22.09],[72.31,22.19],[72.18,22.27],[72.81,22.23],[72.55,22.16],[72.52,21.98],[72.7,21.97],[72.54,21.7],[73.11,21.75],[72.61,21.46],[72.73,21.47],[72.62,21.37],[72.69,21.18],[72.81,21.12],[72.89,20.67],[72.67,19.83],[72.79,19.36],[72.99,19.28],[72.81,19.3],[72.8,19.08],[72.83,18.98],[72.97,19.15],[73.01,19.02],[72.88,18.64],[73.16,17.62],[73.34,16.46],[73.68,15.71],[73.83,15.66],[73.77,15.57],[73.93,15.4],[73.8,15.4],[73.95,15.07],[74.38,14.49],[74.95,12.56],[75.2,12.06],[75.72,11.36],[76.2,10.09],[76.35,9.92],[76.46,9.54],[76.38,9.54],[76.34,9.83],[76.24,9.93],[76.32,9.45],[76.55,8.9],[77.07,8.32],[77.52,8.08],[78.06,8.38],[78.19,8.89],[78.42,9.11],[78.98,9.27],[79.41,9.19],[79.02,9.33],[78.94,9.57],[79.31,10.26],[79.84,10.32],[79.85,11.2],[79.8,11.34],[79.69,11.31],[79.79,11.45],[79.86,11.99],[80.23,12.69],[80.34,13.36],[80.06,13.61],[80.16,13.71],[80.31,13.49],[80.11,14.21],[80.18,14.48],[80.05,15.07],[80.29,15.71],[80.65,15.9],[80.98,15.76],[81.29,16.34],[81.76,16.33],[82.26,16.56],[82.36,17.1],[83.2,17.61],[83.65,18.07],[84.1,18.29],[84.77,19.13],[85.44,19.63],[85.37,19.68],[85.18,19.59],[85.25,19.76],[85.5,19.89],[85.56,19.75],[85.5,19.7],[85.58,19.69],[86.22,19.9],[86.31,19.99],[86.25,20.05],[86.38,20.01],[86.75,20.31],[86.98,20.7],[86.86,21.24],[87.1,21.5],[87.68,21.65],[87.95,21.83],[88.16,22.12],[87.96,22.26],[87.94,22.37],[88.2,22.14],[88.06,21.69],[88.12,21.64],[88.25,21.62],[88.29,21.76],[88.45,21.61],[88.58,21.66],[88.64,22.12],[88.74,22.01],[88.75,21.58],[88.86,21.74],[88.91,21.65],[89.05,21.65],[88.95,21.94],[89.03,21.94],[89.05,22.09],[89.09,21.87],[89.35,21.72],[89.5,21.91],[89.48,22.28],[89.57,21.77],[89.81,21.98],[89.88,22.39],[89.99,22.47],[89.92,22.12],[89.95,22.02],[90.21,22.16],[90.07,21.89],[90.23,21.83],[90.62,22.36],[90.44,22.75],[90.55,22.9],[90.47,23.05],[90.6,23.13],[90.59,23.27],[90.27,23.46],[90.56,23.42],[90.6,23.59],[90.66,23.03],[90.95,22.6],[91.22,22.64],[91.48,22.88],[91.8,22.3],[91.86,22.35],[92.06,21.17],[92.31,20.79],[92.72,20.3],[92.74,20.56],[92.89,20.34],[92.83,20.18],[93.07,20.38],[93.02,20.19],[93.1,20.18],[93.0,20.07],[93.13,19.86],[93.2,19.9],[93.16,20.04],[93.25,20.07],[93.71,19.91],[93.61,19.78],[94.0,19.44],[93.82,19.24],[93.58,19.4],[93.49,19.37],[93.71,19.03],[93.93,18.9],[94.04,19.29],[94.07,18.89],[94.25,18.74],[94.17,18.73],[94.43,18.2],[94.59,17.57],[94.27,16.52],[94.22,16.02],[94.44,16.09],[94.67,16.34],[94.7,16.51],[94.66,15.9],[94.8,15.97],[94.89,16.18],[94.94,15.82],[95.18,15.83],[95.35,16.1],[95.3,15.76],[95.39,15.72],[95.76,16.17],[96.32,16.44],[96.19,16.77],[96.43,16.5],[96.77,16.71],[96.91,17.03],[96.85,17.4],[97.2,17.1],[97.38,16.52],[97.73,16.57],[97.63,16.46],[97.58,16.02],[97.71,15.88],[97.81,14.86],[98.02,14.65],[97.91,14.65],[98.1,14.16],[98.11,13.71],[98.15,13.65],[98.2,13.98],[98.25,13.73],[98.58,13.16],[98.68,12.35],[98.6,12.25],[98.7,12.23],[98.64,11.74],[98.88,11.72],[98.74,11.59],[98.68,10.99],[98.46,10.68],[98.56,10.03],[98.7,10.19],[98.24,8.77],[98.31,8.23],[98.42,8.18],[98.58,8.34],[98.7,8.26],[98.79,8.06],[99.05,7.89],[99.08,7.72],[99.26,7.62],[99.36,7.37],[99.6,7.36],[99.55,7.22],[99.72,7.11],[99.7,6.88],[100.12,6.44],[100.34,5.98],[100.61,4.37],[100.8,4.02],[100.72,3.97],[101.3,3.25],[101.3,2.89],[102.73,1.86],[103.36,1.55],[103.48,1.33],[103.69,1.45],[103.99,1.45],[103.98,1.62],[104.18,1.36],[104.29,1.48],[103.97,2.26],[103.81,2.58],[103.44,2.93],[103.45,3.52],[103.36,3.77],[103.45,4.67],[103.2,5.26],[102.53,5.86],[102.34,6.17],[101.8,6.47],[101.5,6.87],[101.02,6.86],[100.59,7.18],[100.42,7.19],[100.16,7.6],[100.16,7.73],[100.26,7.77],[100.28,7.55],[100.38,7.54],[100.44,7.28],[100.55,7.23],[100.28,8.27],[100.16,8.51],[100.13,8.43],[99.99,8.59],[99.84,9.29],[99.25,9.27],[99.17,10.32],[99.49,10.89],[99.63,11.46],[99.99,12.17],[99.96,12.69],[100.09,13.05],[100.02,13.35],[100.6,13.57],[100.96,13.43],[100.9,12.65],[101.72,12.69],[102.23,12.33],[102.26,12.39],[102.54,12.11],[102.59,12.2],[103.13,11.46],[103.15,10.91],[103.35,10.92],[103.53,11.15],[103.72,10.89],[103.54,10.67],[103.59,10.55],[103.66,10.51],[103.87,10.66],[104.26,10.54],[104.66,10.17],[104.8,10.2],[105.03,10.07],[105.09,9.9],[104.9,9.82],[104.85,9.61],[104.82,8.8],[104.9,8.75],[104.77,8.6],[105.11,8.63],[105.5,9.09],[106.17,9.4],[106.16,9.59],[105.83,10.0],[106.38,9.56],[106.57,9.64],[106.14,10.22],[106.6,9.86],[106.79,10.12],[106.46,10.3],[106.76,10.3],[106.74,10.44],[106.61,10.46],[106.73,10.54],[106.95,10.4],[107.01,10.66],[107.26,10.4],[108.0,10.72],[108.09,10.9],[108.99,11.34],[109.04,11.59],[109.2,11.72],[109.2,12.0],[109.26,11.95],[109.21,12.42],[109.3,12.39],[109.22,12.65],[109.34,12.75],[109.44,12.6],[109.42,12.96],[109.27,13.28],[109.3,13.86],[108.82,15.38],[108.03,16.33],[107.83,16.32],[106.37,17.75],[106.48,17.72],[106.5,17.95],[105.89,18.5],[105.62,18.97],[105.98,19.94],[106.52,20.29],[106.55,20.53],[106.75,20.74],[106.68,21.0],[107.16,20.95],[107.35,21.06],[107.41,21.28],[107.81,21.5],[108.25,21.56],[108.32,21.69],[108.5,21.63],[108.48,21.9],[108.59,21.9],[108.77,21.63],[109.1,21.59],[109.08,21.44],[109.54,21.54],[109.52,21.69],[109.69,21.52],[109.93,21.48],[109.68,21.13],[109.66,20.92],[109.97,20.45],[109.89,20.41],[109.94,20.3],[110.34,20.29],[110.51,20.52],[110.31,20.67],[110.37,20.84],[110.18,20.86],[110.15,20.94],[110.37,21.17],[110.41,21.34],[110.57,21.21],[111.02,21.51],[111.6,21.56],[111.94,21.85],[112.3,21.74],[112.39,21.8],[112.36,21.98],[112.59,21.78],[112.81,21.94],[112.95,21.91],[113.09,22.21],[113.15,22.07],[113.55,22.22],[113.55,22.59],[113.33,22.91],[113.52,23.1],[113.62,23.13],[113.62,22.86],[114.02,22.51],[113.9,22.4],[114.27,22.3],[114.34,22.4],[114.27,22.54],[114.55,22.53],[114.65,22.76],[114.85,22.62],[115.2,22.82],[115.5,22.72],[115.64,22.85],[115.85,22.8],[116.25,22.98],[116.47,22.95],[116.54,23.18],[116.7,23.28],[116.63,23.35],[116.86,23.45],[116.91,23.65],[117.08,23.58],[117.29,23.71],[117.37,23.59],[117.47,23.84],[117.63,23.84],[118.06,24.25],[118.02,24.38],[117.84,24.47],[118.01,24.48],[118.09,24.63],[118.66,24.62],[118.72,24.75],[118.64,24.84],[118.91,24.93],[118.98,25.21],[119.29,25.23],[119.18,25.45],[119.62,25.39],[119.54,25.59],[119.62,26.0],[119.33,25.95],[119.14,26.12],[119.46,26.05],[119.88,26.33],[119.59,26.78],[119.71,26.73],[119.82,26.85],[119.88,26.61],[120.09,26.67],[120.28,27.1],[120.61,27.41],[120.59,27.58],[120.83,27.89],[120.75,28.01],[120.96,28.04],[121.15,28.33],[121.22,28.35],[121.27,28.22],[121.61,28.29],[121.48,28.64],[121.66,28.85],[121.54,28.93],[121.68,28.95],[121.45,29.13],[121.72,29.26],[121.92,29.14],[121.97,29.49],[121.89,29.63],[121.51,29.48],[122.08,29.87],[121.68,29.98],[121.26,30.3],[120.63,30.13],[120.49,30.3],[120.19,30.24],[120.45,30.39],[120.82,30.35],[121.0,30.56],[121.42,30.79],[121.88,30.92],[121.66,31.32],[120.79,31.82],[120.72,31.98],[120.04,31.94],[120.52,32.11],[120.97,31.87],[121.35,31.86],[121.68,31.71],[121.87,31.7],[121.86,31.82],[121.75,31.99],[121.4,32.21],[121.34,32.43],[120.85,32.66],[120.87,33.02],[120.5,33.64],[120.27,34.27],[119.35,34.75],[119.2,34.75],[119.17,34.85],[119.43,35.3],[120.28,35.98],[120.09,36.12],[120.18,36.2],[120.33,36.23],[120.39,36.05],[120.64,36.13],[120.71,36.41],[120.9,36.44],[120.81,36.63],[121.05,36.61],[121.93,36.96],[122.16,36.96],[122.34,36.83],[122.52,36.95],[122.45,37.07],[122.67,37.4],[122.34,37.41],[122.06,37.53],[121.96,37.45],[121.64,37.46],[120.75,37.83],[120.26,37.68],[120.31,37.62],[119.88,37.35],[119.76,37.16],[119.29,37.14],[118.95,37.33],[118.99,37.64],[119.09,37.7],[118.94,38.04],[118.8,38.13],[118.01,38.18],[117.66,38.42],[117.55,38.69],[117.78,39.13],[118.04,39.23],[118.3,39.07],[118.98,39.18],[119.22,39.41],[119.39,39.75],[120.48,40.23],[121.17,40.9],[121.73,40.85],[121.83,40.97],[121.86,40.84],[122.14,40.69],[122.26,40.5],[121.8,39.95],[121.52,39.84],[121.52,39.64],[121.27,39.54],[121.28,39.38],[121.82,39.39],[121.63,39.22],[121.68,39.11],[121.11,38.92],[121.16,38.73],[121.65,38.87],[121.68,39.0],[121.98,39.05],[122.33,39.37],[122.84,39.6],[123.58,39.79],[123.65,39.88],[124.11,39.84],[124.35,40.01],[124.35,39.91],[124.56,39.79],[124.64,39.62],[124.78,39.76],[125.36,39.53],[125.41,39.29],[125.17,38.81],[125.55,38.69],[125.07,38.56],[124.87,38.23],[124.69,38.13],[125.21,38.08],[124.99,37.93],[125.31,37.84],[125.36,37.72],[125.77,37.99],[126.05,37.87],[126.12,37.74],[126.37,37.88],[126.63,37.78],[126.56,37.72],[126.79,37.29],[126.75,37.19],[126.98,36.94],[126.87,36.82],[126.78,36.95],[126.49,37.01],[126.16,36.77],[126.18,36.69],[126.49,36.69],[126.54,36.17],[126.75,35.87],[126.49,35.65],[126.61,35.57],[126.29,35.15],[126.42,34.82],[126.59,34.82],[126.47,34.76],[126.52,34.7],[126.26,34.67],[126.48,34.49],[126.53,34.31],[126.75,34.51],[126.9,34.44],[127.25,34.76],[127.17,34.55],[127.32,34.46],[127.48,34.63],[127.4,34.82],[127.72,34.72],[127.64,34.89],[127.71,34.95],[128.04,35.02],[128.09,34.93],[128.44,34.87],[128.42,35.02],[128.51,35.1],[129.21,35.18],[129.56,35.95],[129.57,36.05],[129.4,36.05],[129.42,37.06],[128.33,38.68],[127.79,39.08],[127.39,39.21],[127.42,39.37],[127.55,39.46],[127.57,39.78],[127.97,40.0],[128.51,40.13],[129.34,40.73],[129.71,40.86],[129.77,41.3],[129.69,41.59],[129.76,41.71],[130.24,42.18],[130.73,42.33],[130.83,42.52],[130.71,42.66],[131.16,42.63],[131.79,43.26],[132.01,43.28],[131.87,43.1],[131.95,43.1],[132.31,43.31],[132.3,42.88],[132.71,42.88],[133.16,42.7],[134.01,42.95],[135.13,43.53],[135.48,43.84],[135.87,44.37],[136.14,44.49],[136.8,45.17],[137.69,45.82],[138.34,46.54],[138.59,47.06],[139.0,47.38],[139.37,47.89],[140.11,48.42],[140.38,48.96],[140.31,49.05],[140.52,49.6],[140.46,49.91],[140.62,50.08],[140.54,50.13],[140.52,50.8],[140.93,51.62],[141.37,51.92],[141.49,52.18],[141.13,52.44],[141.25,52.55],[141.26,52.84],[140.84,53.09],[141.18,53.02],[141.4,53.18],[141.37,53.29],[140.69,53.6],[140.35,53.81],[140.18,54.05],[139.8,54.26],[139.32,54.19],[138.7,54.32],[138.66,53.74],[138.45,53.54],[138.25,53.52],[138.57,53.82],[138.53,53.96],[137.95,53.6],[137.25,53.55],[137.83,53.95],[137.34,54.1],[137.67,54.28],[137.14,54.18],[137.1,54.13],[137.26,54.03],[137.16,53.82],[136.72,53.8],[136.8,54.62],[135.85,54.58],[135.26,54.73],[135.26,54.94],[137.69,56.14],[138.66,56.97],[140.0,57.69],[140.45,57.81],[140.79,58.3],[141.6,58.65],[142.03,59.0],[142.58,59.24],[143.87,59.41],[145.55,59.41],[146.05,59.17],[146.27,59.22],[146.54,59.46],[147.51,59.27],[148.26,59.41],[148.49,59.26],[148.73,59.26],[148.96,59.37],[148.74,59.37],[148.8,59.53],[149.2,59.49],[149.07,59.63],[149.64,59.77],[150.67,59.56],[150.48,59.49],[151.35,59.56],[151.8,59.32],[152.26,59.22],[151.12,59.08],[151.33,58.88],[152.09,58.91],[152.32,59.03],[152.82,58.93],[153.27,59.09],[153.36,59.21],[153.7,59.22],[154.01,59.08],[154.46,59.22],[154.7,59.14],[155.16,59.19],[155.17,59.36],[154.97,59.45],[154.15,59.53],[154.29,59.83],[154.97,60.38],[155.72,60.68],[156.06,61.0],[156.63,61.27],[156.68,61.48],[157.08,61.68],[157.47,61.8],[158.07,61.75],[159.19,61.93],[159.55,61.72],[160.31,61.89],[160.25,61.65],[159.88,61.29],[159.95,61.13],[159.79,60.96],[160.38,61.03],[160.17,60.64],[160.77,60.75],[162.39,61.66],[162.86,61.71],[162.99,61.54],[163.09,61.57],[163.26,61.7],[163.01,61.79],[163.02,61.89],[163.33,62.55],[164.42,62.7],[165.4,62.49],[165.21,62.37],[164.6,62.47],[164.21,62.29],[164.02,61.71],[163.8,61.46],[164.01,61.34],[163.55,61.03],[163.71,60.92],[162.97,60.78],[162.07,60.47],[161.75,60.15],[159.85,59.13],[159.21,58.52],[158.28,58.01],[157.67,58.02],[157.45,57.8],[156.83,57.78],[156.98,57.47],[156.85,57.29],[155.98,56.7],[155.72,56.07],[155.56,55.2],[156.11,52.87],[156.36,52.51],[156.52,51.38],[156.75,50.97],[158.1,51.81],[158.49,52.38],[158.48,52.63],[158.61,52.87],[158.43,52.96],[158.47,53.03],[158.75,52.91],[159.59,53.24],[160.03,53.13],[159.84,53.78],[160.07,54.19],[160.77,54.54],[161.13,54.6],[161.62,54.52],[162.11,54.75],[161.78,55.21],[161.72,55.5],[162.08,56.09],[162.53,56.26],[162.49,56.4],[162.67,56.49],[163.04,56.52],[162.63,56.23],[162.84,56.07],[163.05,56.04],[163.34,56.23],[163.26,56.69],[162.8,56.81],[162.76,57.24],[162.78,57.36],[163.19,57.64],[163.23,57.79],[162.65,57.95],[162.39,57.72],[162.41,57.78],[162.04,57.92],[161.96,58.08],[162.14,58.45],[162.97,58.99],[162.94,59.11],[163.27,59.3],[163.32,59.71],[163.49,59.89],[163.78,60.04],[164.14,59.98],[164.11,59.9],[164.44,60.07],[164.95,59.84],[165.07,59.95],[165.08,60.1],[166.35,60.48],[166.14,59.98],[166.19,59.85],[166.27,59.86],[167.23,60.41],[168.46,60.59],[169.23,60.6],[169.62,60.44],[169.98,60.07],[170.35,59.97],[170.61,60.43],[172.39,61.06],[172.4,61.17],[172.91,61.31],[172.86,61.47],[173.13,61.41],[173.62,61.72],[173.82,61.68],[174.51,61.82],[176.7,62.51],[177.16,62.56],[176.96,62.66],[177.02,62.78],[177.34,62.78],[177.29,62.6],[179.12,62.32],[179.18,62.47],[179.48,62.61],[179.57,62.77],[179.26,63.01],[179.41,63.08],[179.33,63.19],[178.92,63.35],[178.79,63.54],[178.74,63.39],[178.65,63.56],[178.47,63.57],[178.73,63.67],[178.69,63.84],[178.65,63.97],[178.45,64.01],[178.48,64.13],[178.23,64.36],[178.04,64.22],[177.69,64.3],[177.43,64.44],[177.47,64.74],[177.39,64.77],[176.14,64.59],[176.35,64.71],[176.06,64.9],[175.68,64.78],[174.55,64.68],[175.78,64.84],[176.06,64.96],[177.07,64.79],[177.22,64.86],[177.04,65.0],[176.34,65.05],[176.88,65.08],[177.75,64.72],[178.52,64.6],[179.45,64.82],[180,65.07],[180,-16.15],[178.96,-16.48],[178.81,-16.63],[178.58,-16.62],[178.5,-16.79],[178.6,-16.8],[178.71,-16.98],[179.01,-16.9],[179.2,-16.71],[179.42,-16.81],[179.93,-16.74],[179.93,-16.52],[179.57,-16.75],[179.56,-16.64],[180.0,-16.17],[180,-16.79],[179.9,-16.96],[180,-16.96],[180,-84.35],[179.4,-84.21],[171.92,-83.64],[171.04,-83.45],[168.11,-83.36],[167.66,-83.27],[168.24,-83.23],[168.61,-83.07],[168.09,-82.97],[167.6,-83.05],[167.3,-82.99],[167.12,-82.8],[164.75,-82.35],[163.01,-82.53],[161.28,-82.49],[161.17,-82.41],[163.68,-82.19],[162.82,-81.87],[160.47,-81.34],[160.72,-81.2],[160.72,-80.91],[160.26,-80.79],[160.83,-80.73],[160.52,-80.58],[160.64,-80.45],[158.57,-80.42],[158.56,-80.35],[158.77,-80.29],[160.56,-80.01],[160.56,-79.93],[159.9,-79.86],[159.87,-79.79],[160.35,-79.69],[159.98,-79.59],[160.65,-79.43],[160.48,-79.2],[160.87,-79.05],[161.19,-78.98],[161.95,-79.03],[161.5,-78.68],[161.51,-78.57],[161.67,-78.54],[162.64,-78.9],[164.63,-78.6],[166.12,-78.57],[166.52,-78.69],[167.05,-78.69],[167.13,-78.61],[167.06,-78.52],[166.21,-78.45],[165.66,-78.31],[165.52,-78.06],[165.42,-78.04],[164.63,-78.32],[163.98,-78.22],[164.49,-77.95],[163.77,-77.7],[163.62,-77.58],[163.61,-77.39],[163.09,-77.03],[162.45,-76.96],[162.76,-76.75],[162.67,-76.57],[162.82,-76.46],[162.73,-76.23],[162.44,-76.15],[162.82,-75.85],[162.24,-75.62],[162.19,-75.47],[160.91,-75.33],[161.68,-75.22],[162.41,-75.24],[162.53,-75.17],[162.6,-74.82],[163.17,-74.6],[163.4,-74.38],[163.74,-74.56],[165.41,-74.56],[164.78,-74.03],[164.98,-73.93],[164.75,-73.56],[164.81,-73.4],[165.13,-73.38],[165.35,-73.88],[166.11,-73.74],[165.86,-73.59],[167.0,-73.54],[167.71,-73.39],[166.83,-73.22],[166.45,-72.94],[167.16,-73.15],[168.38,-73.07],[169.03,-73.2],[169.55,-73.05],[169.83,-72.73],[168.82,-72.55],[168.43,-72.38],[170.21,-72.57],[170.26,-72.37],[169.95,-72.4],[170.03,-72.12],[170.22,-71.95],[170.68,-71.97],[170.86,-71.87],[170.44,-71.42],[170.28,-71.44],[170.16,-71.63],[168.17,-71.18],[167.57,-70.81],[164.4,-70.51],[164.0,-70.64],[163.35,-70.62],[162.67,-70.3],[162.22,-70.33],[162.02,-70.44],[162.04,-70.62],[162.29,-70.97],[162.19,-71.04],[161.42,-70.83],[161.04,-70.32],[160.65,-70.08],[160.21,-69.97],[160.13,-69.73],[159.78,-69.52],[157.93,-69.18],[157.48,-69.31],[157.05,-69.18],[156.49,-69.18],[155.52,-69.02],[153.91,-68.32],[153.78,-68.35],[153.71,-68.73],[153.08,-68.86],[152.55,-68.73],[151.56,-68.69],[151.29,-68.82],[151.14,-68.76],[151.07,-68.38],[150.94,-68.36],[148.46,-68.47],[147.09,-68.37],[146.8,-68.27],[146.9,-68.12],[146.83,-67.96],[145.98,-67.62],[145.13,-67.63],[144.19,-67.9],[143.98,-67.86],[143.94,-67.79],[144.62,-67.14],[144.55,-67.04],[144.35,-67.02],[143.91,-67.09],[143.86,-66.94],[143.73,-66.88],[142.69,-67.01],[141.97,-66.81],[141.29,-66.83],[139.24,-66.57],[138.27,-66.56],[137.34,-66.35],[136.55,-66.44],[135.35,-66.13],[134.97,-66.33],[134.29,-66.48],[134.18,-66.28],[133.44,-66.08],[132.87,-66.18],[130.95,-66.19],[130.12,-66.29],[129.74,-66.47],[129.24,-67.04],[128.98,-67.1],[127.54,-67.05],[126.87,-66.76],[126.66,-66.5],[125.87,-66.36],[125.4,-66.42],[125.1,-66.64],[124.82,-66.69],[123.97,-66.61],[122.18,-66.86],[121.49,-67.09],[119.13,-67.37],[118.92,-67.32],[120.37,-66.98],[119.77,-66.99],[118.71,-67.17],[116.71,-67.05],[114.03,-67.44],[113.91,-67.37],[113.99,-67.21],[115.27,-67.03],[115.64,-66.77],[115.31,-66.56],[114.34,-66.36],[113.71,-65.93],[113.1,-65.8],[110.91,-66.08],[110.59,-66.31],[110.62,-66.52],[109.46,-66.91],[108.38,-66.77],[108.16,-66.64],[107.79,-66.66],[107.17,-66.47],[102.67,-65.87],[101.38,-65.97],[101.33,-66.1],[100.89,-66.36],[99.37,-66.65],[98.86,-66.67],[98.72,-66.55],[98.26,-66.47],[97.72,-66.61],[97.1,-66.5],[95.54,-66.63],[94.84,-66.5],[94.09,-66.69],[92.07,-66.51],[89.7,-66.82],[87.98,-66.79],[85.71,-67.16],[84.49,-67.11],[83.49,-67.44],[83.3,-67.6],[82.02,-67.69],[79.04,-68.18],[78.56,-68.39],[78.49,-68.63],[77.82,-69.07],[76.36,-69.49],[76.11,-69.49],[75.89,-69.58],[75.64,-69.85],[74.57,-69.88],[73.94,-69.74],[73.32,-69.85],[72.82,-70.1],[72.76,-70.4],[71.77,-70.8],[71.46,-71.15],[71.28,-71.62],[70.62,-71.84],[69.55,-72.37],[68.42,-72.52],[67.97,-72.75],[67.97,-73.09],[67.32,-73.3],[66.57,-73.21],[66.5,-73.13],[66.89,-72.95],[67.43,-72.0],[68.04,-71.39],[68.87,-71.04],[69.19,-70.7],[69.25,-70.43],[69.02,-70.33],[67.94,-70.42],[67.27,-70.27],[68.18,-69.84],[68.74,-69.92],[69.08,-69.87],[69.19,-69.65],[68.88,-69.47],[68.91,-69.37],[69.63,-69.23],[69.53,-69.02],[69.65,-68.93],[69.53,-68.74],[69.98,-68.46],[69.6,-68.04],[69.66,-67.86],[69.56,-67.76],[68.33,-67.89],[63.7,-67.51],[62.69,-67.65],[60.48,-67.39],[59.25,-67.48],[58.74,-67.23],[57.63,-67.01],[56.76,-67.07],[56.15,-67.26],[55.8,-67.2],[56.39,-66.97],[56.48,-66.86],[56.15,-66.63],[56.82,-66.71],[57.19,-66.61],[56.86,-66.42],[56.36,-66.37],[55.29,-65.95],[53.67,-65.86],[51.88,-66.02],[50.33,-66.44],[50.24,-66.6],[50.31,-66.75],[50.52,-66.82],[50.55,-67.19],[50.01,-67.18],[49.25,-66.94],[48.47,-67.04],[48.71,-67.22],[49.22,-67.23],[48.63,-67.52],[48.65,-67.79],[48.37,-67.99],[48.21,-67.7],[47.49,-67.73],[47.12,-67.57],[47.4,-67.41],[47.35,-67.36],[46.56,-67.27],[46.32,-67.4],[46.44,-67.53],[46.4,-67.62],[45.2,-67.73],[44.37,-67.96],[42.96,-68.1],[42.41,-68.35],[40.22,-68.8],[39.86,-68.97],[39.71,-69.43],[38.86,-70.01],[38.89,-70.17],[37.79,-69.73],[37.11,-69.81],[36.59,-69.64],[35.36,-69.68],[34.6,-69.09],[33.81,-69.1],[33.77,-69.02],[34.22,-68.79],[34.19,-68.7],[33.47,-68.67],[33.12,-68.69],[32.64,-68.87],[32.57,-69.07],[32.9,-69.38],[32.99,-69.62],[32.81,-69.91],[32.62,-70.0],[31.38,-70.23],[30.0,-70.3],[26.5,-71.02],[24.76,-70.89],[24.39,-70.7],[24.39,-70.54],[24.02,-70.41],[23.8,-70.4],[23.41,-70.72],[22.98,-70.81],[22.28,-70.7],[22.23,-70.64],[22.4,-70.56],[22.37,-70.48],[21.7,-70.26],[21.34,-70.5],[21.07,-70.84],[19.41,-70.92],[19.27,-70.9],[19.03,-70.67],[19.2,-70.29],[19.01,-70.21],[18.43,-70.29],[18.12,-70.54],[16.71,-70.4],[16.58,-70.2],[16.38,-70.15],[15.81,-70.32],[13.82,-70.34],[13.3,-70.23],[13.07,-70.05],[12.63,-70.07],[12.6,-70.12],[12.93,-70.21],[11.7,-70.77],[10.97,-70.69],[9.14,-70.18],[8.52,-70.47],[7.68,-70.36],[7.4,-70.49],[1.91,-71.0],[0.54,-71.27],[-0.54,-71.71],[-0.76,-71.63],[-0.9,-71.35],[-1.07,-71.27],[-1.35,-71.39],[-2.01,-71.43],[-2.61,-71.32],[-6.12,-71.33],[-6.08,-71.15],[-5.59,-70.86],[-5.69,-70.75],[-5.94,-70.71],[-6.84,-70.84],[-7.75,-70.84],[-7.87,-70.94],[-7.59,-71.22],[-7.71,-71.55],[-7.92,-71.64],[-8.65,-71.67],[-9.23,-71.17],[-10.27,-70.94],[-10.33,-71.02],[-10.03,-71.13],[-10.52,-71.3],[-10.83,-71.55],[-11.93,-71.29],[-12.35,-71.39],[-12.15,-71.61],[-11.33,-71.79],[-11.01,-71.76],[-10.96,-71.9],[-11.5,-72.41],[-13.21,-72.79],[-14.3,-72.73],[-14.0,-73.0],[-14.32,-73.12],[-15.01,-73.05],[-15.6,-73.1],[-16.44,-73.43],[-16.52,-73.64],[-15.94,-73.76],[-16.28,-73.87],[-16.22,-73.92],[-14.61,-73.85],[-14.57,-73.94],[-15.67,-74.41],[-16.43,-74.32],[-17.44,-74.38],[-18.22,-74.97],[-18.52,-75.05],[-18.75,-75.24],[-18.3,-75.43],[-19.49,-75.54],[-20.49,-75.49],[-21.43,-75.68],[-24.27,-75.77],[-28.93,-76.37],[-32.06,-77.16],[-32.61,-77.14],[-34.08,-77.43],[-34.55,-77.73],[-35.09,-77.84],[-35.51,-78.04],[-36.18,-78.47],[-36.27,-78.62],[-36.24,-78.77],[-35.52,-78.93],[-32.99,-79.23],[-30.32,-79.16],[-30.18,-79.3],[-30.21,-79.49],[-29.95,-79.6],[-23.41,-79.86],[-23.57,-79.96],[-24.24,-80.06],[-29.53,-80.18],[-31.02,-80.31],[-31.31,-80.45],[-35.33,-80.65],[-35.97,-80.89],[-37.21,-81.06],[-38.77,-80.88],[-41.43,-81.3],[-43.67,-82.27],[-45.79,-82.49],[-46.52,-82.45],[-46.45,-82.34],[-46.05,-82.16],[-46.26,-81.95],[-47.36,-82.0],[-48.36,-81.89],[-53.99,-82.2],[-55.29,-82.46],[-55.8,-82.48],[-59.52,-83.46],[-61.43,-83.4],[-61.59,-83.34],[-61.2,-83.1],[-61.22,-82.99],[-61.92,-82.98],[-62.74,-82.53],[-60.53,-82.2],[-64.92,-82.37],[-65.71,-82.28],[-65.91,-82.18],[-65.79,-82.05],[-65.84,-81.99],[-66.13,-81.95],[-64.14,-81.87],[-64.19,-81.79],[-65.62,-81.73],[-64.7,-81.65],[-62.17,-81.64],[-62.35,-81.58],[-65.57,-81.46],[-68.14,-81.13],[-68.59,-80.97],[-69.77,-80.96],[-70.24,-80.86],[-70.69,-80.63],[-73.03,-80.92],[-73.94,-80.82],[-75.08,-80.86],[-75.71,-80.38],[-76.41,-80.09],[-78.18,-80.17],[-79.66,-80.0],[-77.7,-80.01],[-76.56,-79.9],[-76.03,-79.63],[-76.22,-79.39],[-80.15,-79.27],[-80.49,-79.32],[-80.53,-79.51],[-80.89,-79.5],[-81.66,-79.1],[-83.26,-78.77],[-83.76,-78.46],[-83.54,-78.36],[-83.23,-78.4],[-83.69,-78.15],[-83.78,-77.98],[-82.61,-78.41],[-80.29,-78.82],[-77.87,-78.75],[-77.45,-78.56],[-77.43,-78.43],[-77.86,-78.35],[-81.58,-77.85],[-80.6,-77.75],[-75.4,-78.16],[-74.04,-78.11],[-73.25,-77.89],[-72.88,-77.69],[-72.85,-77.59],[-75.39,-77.47],[-76.25,-77.27],[-77.29,-76.7],[-77.19,-76.63],[-75.27,-76.58],[-71.8,-76.75],[-70.21,-76.67],[-69.3,-76.35],[-66.37,-76.01],[-63.36,-75.45],[-63.26,-75.4],[-64.28,-75.29],[-63.23,-75.15],[-63.17,-75.11],[-63.34,-75.03],[-63.92,-75.0],[-63.2,-74.91],[-63.13,-74.85],[-63.18,-74.68],[-62.71,-74.74],[-62.37,-74.95],[-62.14,-74.93],[-61.86,-74.78],[-62.24,-74.44],[-61.37,-74.51],[-61.01,-74.48],[-60.7,-74.31],[-60.78,-74.24],[-61.33,-74.33],[-61.84,-74.29],[-61.04,-74.12],[-61.84,-74.03],[-61.69,-73.92],[-61.2,-73.96],[-60.9,-73.87],[-60.79,-73.71],[-61.08,-73.54],[-61.64,-73.5],[-61.79,-73.25],[-62.01,-73.15],[-61.43,-73.19],[-61.08,-73.33],[-60.56,-73.21],[-60.12,-73.28],[-59.96,-73.03],[-60.01,-72.94],[-60.38,-73.01],[-60.53,-72.83],[-60.53,-72.67],[-60.94,-72.7],[-61.29,-72.6],[-61.28,-72.47],[-60.73,-72.43],[-60.66,-72.36],[-60.72,-72.07],[-61.31,-72.11],[-62.26,-72.02],[-61.94,-71.9],[-61.04,-71.82],[-60.95,-71.75],[-61.0,-71.66],[-61.21,-71.56],[-61.56,-71.68],[-61.96,-71.66],[-60.96,-71.24],[-61.31,-70.87],[-61.96,-70.9],[-61.99,-70.73],[-61.7,-70.68],[-61.49,-70.57],[-61.5,-70.49],[-62.0,-70.5],[-62.38,-70.36],[-62.22,-70.23],[-62.01,-70.28],[-61.96,-70.12],[-62.41,-69.83],[-62.45,-69.58],[-62.59,-69.48],[-63.46,-69.04],[-63.34,-68.81],[-63.77,-68.63],[-62.93,-68.44],[-63.92,-68.5],[-64.17,-68.58],[-64.08,-68.77],[-65.16,-68.62],[-65.24,-68.58],[-65.0,-68.41],[-65.45,-68.34],[-64.83,-68.13],[-64.88,-68.06],[-65.64,-68.13],[-65.47,-68.01],[-65.6,-67.88],[-65.42,-67.66],[-65.52,-67.44],[-65.44,-67.33],[-64.82,-67.31],[-65.03,-67.21],[-64.79,-67.12],[-64.88,-67.02],[-64.69,-66.81],[-64.04,-66.93],[-63.75,-66.87],[-63.81,-66.76],[-64.08,-66.65],[-63.65,-66.38],[-63.75,-66.28],[-63.26,-66.26],[-62.63,-66.71],[-62.54,-66.71],[-62.54,-66.62],[-62.75,-66.31],[-62.68,-66.24],[-62.12,-66.21],[-61.76,-66.43],[-61.68,-66.25],[-61.43,-66.14],[-61.15,-66.21],[-61.03,-66.34],[-60.9,-66.19],[-61.01,-66.11],[-60.74,-66.11],[-60.57,-65.98],[-60.91,-65.92],[-62.01,-66.11],[-62.31,-65.84],[-61.99,-65.59],[-61.76,-65.57],[-62.15,-65.33],[-61.95,-65.19],[-61.58,-65.19],[-61.7,-64.99],[-61.06,-64.98],[-60.34,-64.55],[-59.96,-64.43],[-59.77,-64.45],[-59.65,-64.58],[-59.61,-64.44],[-59.46,-64.35],[-58.79,-64.52],[-58.91,-64.35],[-58.8,-64.29],[-59.05,-64.23],[-58.84,-64.19],[-58.26,-63.76],[-57.28,-63.49],[-57.1,-63.52],[-57.12,-63.64],[-56.78,-63.57],[-57.08,-63.26],[-57.39,-63.23],[-58.87,-63.55],[-59.51,-63.82],[-60.86,-64.07],[-61.08,-64.31],[-61.63,-64.6],[-62.24,-64.75],[-62.5,-64.66],[-62.53,-64.83],[-63.12,-64.94],[-63.06,-65.14],[-63.76,-65.03],[-64.07,-65.28],[-64.05,-65.42],[-63.82,-65.53],[-64.44,-65.64],[-64.39,-65.71],[-64.47,-65.78],[-64.65,-65.75],[-64.65,-65.87],[-64.51,-65.96],[-65.27,-65.99],[-65.17,-66.12],[-65.62,-66.14],[-65.77,-66.29],[-65.68,-66.4],[-65.77,-66.62],[-66.31,-66.59],[-66.5,-66.69],[-66.5,-67.29],[-66.61,-67.21],[-66.9,-67.26],[-67.03,-66.95],[-67.49,-67.11],[-67.54,-67.53],[-67.12,-67.49],[-66.68,-67.56],[-66.92,-67.69],[-67.15,-68.02],[-66.79,-68.24],[-67.04,-68.45],[-67.13,-68.77],[-67.39,-68.86],[-67.02,-69.03],[-66.97,-69.16],[-67.37,-69.41],[-68.14,-69.35],[-68.71,-69.43],[-68.47,-69.64],[-68.4,-70.02],[-67.69,-70.69],[-67.5,-71.06],[-67.46,-71.53],[-66.95,-71.9],[-66.83,-72.09],[-67.31,-72.61],[-67.67,-72.83],[-68.82,-73.11],[-72.93,-73.45],[-74.0,-73.7],[-75.29,-73.64],[-77.05,-73.84],[-77.13,-73.82],[-76.76,-73.57],[-76.85,-73.46],[-78.79,-73.51],[-78.96,-73.31],[-79.52,-73.09],[-80.44,-72.94],[-80.59,-72.98],[-80.61,-73.08],[-80.34,-73.41],[-81.18,-73.25],[-81.26,-73.31],[-81.16,-73.63],[-81.31,-73.74],[-82.18,-73.86],[-84.98,-73.5],[-85.8,-73.19],[-86.79,-73.36],[-87.4,-73.19],[-88.42,-73.23],[-88.56,-73.12],[-88.19,-72.79],[-88.78,-72.68],[-89.13,-72.69],[-89.34,-72.89],[-89.82,-72.86],[-90.3,-72.98],[-90.27,-73.12],[-90.43,-73.24],[-90.92,-73.32],[-92.83,-73.16],[-94.25,-73.31],[-95.24,-73.22],[-96.39,-73.3],[-98.01,-73.03],[-101.68,-73.03],[-102.41,-72.99],[-102.48,-72.95],[-102.27,-72.83],[-102.48,-72.74],[-103.11,-72.72],[-103.38,-72.82],[-102.91,-73.29],[-100.44,-73.35],[-98.9,-73.61],[-100.72,-73.76],[-102.8,-73.65],[-102.86,-73.78],[-102.77,-73.88],[-101.72,-74.02],[-101.25,-74.49],[-100.24,-74.48],[-100.01,-74.66],[-100.47,-74.87],[-98.56,-75.19],[-98.75,-75.32],[-101.04,-75.42],[-101.71,-75.13],[-103.12,-75.1],[-104.9,-75.12],[-106.62,-75.34],[-109.27,-75.19],[-111.36,-75.22],[-111.46,-75.13],[-110.53,-74.84],[-110.3,-74.71],[-110.23,-74.54],[-110.31,-74.37],[-111.18,-74.19],[-111.63,-74.18],[-111.81,-74.27],[-111.7,-74.5],[-111.79,-74.57],[-111.58,-74.75],[-111.7,-74.79],[-114.11,-74.98],[-113.9,-74.64],[-113.33,-74.45],[-113.75,-74.37],[-113.71,-74.23],[-113.49,-74.16],[-113.51,-74.09],[-114.62,-73.9],[-115.22,-74.49],[-118.66,-74.39],[-119.68,-74.65],[-121.54,-74.75],[-127.02,-74.7],[-130.2,-74.89],[-132.05,-74.77],[-133.8,-74.85],[-135.36,-74.69],[-136.23,-74.84],[-136.65,-75.16],[-137.62,-75.08],[-139.15,-75.16],[-141.22,-75.55],[-140.87,-75.75],[-142.33,-75.49],[-143.57,-75.56],[-144.72,-75.83],[-145.99,-75.89],[-146.38,-76.1],[-145.44,-76.41],[-145.89,-76.42],[-148.32,-76.1],[-149.65,-76.37],[-148.6,-76.49],[-147.34,-76.44],[-145.75,-76.75],[-145.63,-76.95],[-145.97,-77.07],[-145.52,-77.2],[-145.81,-77.27],[-145.6,-77.46],[-145.68,-77.49],[-146.39,-77.47],[-146.93,-77.26],[-147.73,-77.31],[-148.57,-77.11],[-148.78,-77.12],[-148.84,-77.28],[-148.16,-77.46],[-149.72,-77.8],[-151.72,-77.43],[-153.46,-77.42],[-153.91,-77.23],[-154.81,-77.13],[-156.21,-77.11],[-157.14,-77.24],[-157.47,-77.23],[-157.84,-77.08],[-158.21,-77.16],[-158.23,-77.5],[-158.5,-77.78],[-158.29,-77.95],[-157.85,-78.07],[-157.27,-78.2],[-154.29,-78.26],[-154.72,-78.4],[-156.47,-78.64],[-156.11,-78.74],[-154.52,-79.05],[-152.14,-79.12],[-152.09,-79.24],[-151.05,-79.46],[-148.42,-79.73],[-148.08,-79.86],[-148.43,-79.93],[-148.32,-80.07],[-150.22,-80.15],[-150.58,-80.35],[-150.13,-80.51],[-149.21,-80.6],[-149.15,-80.72],[-148.02,-80.84],[-148.12,-80.9],[-155.92,-81.13],[-156.53,-81.16],[-157.03,-81.32],[-154.91,-81.51],[-153.96,-81.7],[-154.72,-81.94],[-153.01,-82.45],[-153.4,-82.59],[-155.15,-82.86],[-155.46,-82.98],[-157.68,-83.13],[-157.03,-83.23],[-157.7,-83.38],[-159.44,-83.54],[-162.2,-83.52],[-163.11,-83.33],[-164.45,-83.47],[-164.92,-83.29],[-165.62,-83.22],[-168.42,-83.23],[-171.82,-82.85],[-173.07,-82.92],[-174.24,-82.79],[-174.07,-82.9],[-169.17,-83.45],[-167.8,-83.79],[-164.95,-83.81],[-164.01,-84.02],[-164.69,-84.15],[-163.76,-84.31],[-165.24,-84.38],[-165.14,-84.41],[-156.62,-84.84],[-156.49,-84.89],[-157.45,-84.91],[-156.46,-85.19],[-162.93,-84.9],[-167.49,-84.83],[-168.67,-84.68],[-171.7,-84.54],[-175.87,-84.51],[-176.29,-84.42],[-178.39,-84.34],[-180,-84.35],[-180,-16.96],[-179.82,-16.77],[-179.86,-16.69],[-180,-16.79],[-180,-16.54],[-179.9,-16.43],[-180,-16.49],[-180,65.07],[-179.7,65.19],[-179.35,65.52],[-179.37,65.64],[-179.79,65.9],[-179.68,66.18],[-179.33,66.16],[-179.34,66.29],[-179.14,66.38],[-179.11,66.23],[-178.87,66.19],[-178.53,66.4],[-178.75,66.01],[-178.94,66.03],[-178.5,65.74],[-178.53,65.59],[-178.41,65.5],[-177.49,65.5],[-177.06,65.61],[-176.09,65.47],[-175.86,65.23],[-175.85,65.01],[-175.44,64.82],[-174.57,64.72],[-173.73,64.36],[-173.33,64.54],[-173.38,64.35],[-173.16,64.28],[-172.92,64.37],[-172.9,64.53],[-172.74,64.41],[-172.38,64.43],[-172.49,64.54],[-172.9,64.63],[-172.8,64.79],[-173.07,64.85],[-172.21,65.05],[-172.29,65.21],[-172.66,65.25],[-172.31,65.28],[-172.23,65.46],[-172.42,65.45],[-172.35,65.5],[-172.78,65.68],[-172.44,65.67],[-171.91,65.5],[-171.17,65.5],[-171.05,65.55],[-171.45,65.79],[-170.67,65.62],[-170.56,65.66],[-170.54,65.87],[-169.73,66.06],[-169.78,66.14],[-170.24,66.17],[-170.19,66.2],[-170.3,66.29],[-170.6,66.25],[-170.47,66.32],[-171.8,66.93],[-173.01,67.06],[-172.52,66.95],[-173.19,66.99],[-173.18,66.86],[-173.26,66.84],[-173.35,66.85],[-173.32,66.95],[-173.16,67.07],[-173.68,67.14],[-174.55,67.09],[-174.09,66.94],[-174.01,66.78],[-174.23,66.63],[-173.77,66.43],[-174.07,66.23],[-174.08,66.47],[-174.39,66.34],[-174.5,66.54],[-174.92,66.62],[-174.77,66.78],[-174.94,67.09],[-174.85,67.35],[-175.0,67.44],[-175.37,67.36],[-175.23,67.45],[-175.35,67.68],[-177.3,68.22],[-177.59,68.22],[-177.53,68.29],[-178.37,68.57],[-177.8,68.34],[-178.06,68.26],[-178.1,68.42],[-178.69,68.55],[-178.75,68.66],[-178.54,68.59],[-178.87,68.75],[-180,68.98],[-180,70.99],[-179.16,70.94],[-177.82,71.07],[-177.5,71.22],[-178.44,71.54],[-180,71.54],[-180,90],[180,90],[180,71.54],[178.89,71.23],[178.63,71.05],[178.79,70.82],[180,70.99],[180,68.98],[178.85,69.39],[176.92,69.65],[175.92,69.9],[174.79,69.86],[173.44,69.95],[173.28,69.82],[172.56,69.97],[170.49,70.11],[170.5,69.86],[170.16,69.63],[170.58,69.58],[171.0,69.13],[171.0,69.05],[170.54,68.83],[169.61,68.79],[169.31,69.08],[168.3,69.27],[168.15,69.58],[167.86,69.73],[167.63,69.74],[166.82,69.5],[164.51,69.61],[163.95,69.74],[163.2,69.71],[162.17,69.61],[161.54,69.38],[161.48,69.2],[161.57,68.91],[161.1,68.56],[160.86,68.54],[161.13,68.65],[161.34,68.91],[161.04,69.1],[160.91,69.61],[159.83,69.78],[159.73,69.87],[160.01,70.31],[159.91,70.51],[159.35,70.79],[158.7,70.94],[157.45,71.07],[155.9,71.1],[152.51,70.83],[151.76,70.98],[152.09,71.02],[151.58,71.29],[150.97,71.38],[150.1,71.23],[150.67,71.46],[148.92,71.71],[150.02,71.9],[149.96,71.99],[149.5,72.16],[148.4,72.31],[147.26,72.33],[146.07,71.81],[145.19,71.7],[144.99,71.75],[145.06,71.93],[145.76,71.94],[145.66,72.07],[145.76,72.23],[146.23,72.14],[146.01,71.95],[146.11,71.94],[146.83,72.3],[144.47,72.17],[144.17,72.26],[144.9,72.4],[146.23,72.35],[146.25,72.44],[143.52,72.7],[142.06,72.72],[140.81,72.89],[140.65,72.84],[141.08,72.59],[139.6,72.5],[139.14,72.33],[139.18,72.16],[140.19,72.19],[139.36,71.95],[139.72,71.88],[139.7,71.7],[139.98,71.49],[139.21,71.44],[138.78,71.63],[138.23,71.6],[137.92,71.38],[138.31,71.33],[137.84,71.23],[137.94,71.13],[137.12,71.42],[136.09,71.62],[135.56,71.61],[134.7,71.39],[133.69,71.43],[133.13,71.61],[132.65,71.93],[132.23,71.64],[132.0,71.35],[132.04,71.24],[131.56,70.9],[131.02,70.75],[130.76,70.96],[130.54,70.89],[129.76,71.12],[129.13,71.59],[128.84,71.66],[129.46,71.74],[129.21,71.92],[129.12,71.95],[129.12,71.82],[128.91,71.76],[127.73,72.41],[128.93,72.08],[129.28,72.09],[129.41,72.17],[129.41,72.32],[129.28,72.44],[128.42,72.54],[129.25,72.71],[129.02,72.87],[128.6,72.9],[129.1,73.11],[128.26,73.27],[128.28,73.33],[127.74,73.48],[127.03,73.55],[126.55,73.33],[126.29,73.39],[126.34,73.51],[126.25,73.55],[125.6,73.45],[125.62,73.52],[124.54,73.75],[123.42,73.64],[123.32,73.43],[123.62,73.19],[123.16,72.95],[122.53,73.02],[122.75,72.91],[122.54,72.88],[121.75,72.97],[119.75,72.98],[118.43,73.25],[118.38,73.37],[118.46,73.46],[118.94,73.48],[118.45,73.59],[115.34,73.7],[114.06,73.58],[113.51,73.5],[113.89,73.35],[113.56,73.23],[113.54,73.05],[113.22,72.81],[113.66,72.63],[113.31,72.66],[113.13,72.83],[113.47,73.05],[113.49,73.35],[113.16,73.46],[113.42,73.65],[113.03,73.91],[112.84,73.96],[112.94,73.84],[112.8,73.75],[112.15,73.71],[111.4,73.83],[111.23,73.97],[111.55,74.03],[111.13,74.05],[111.06,73.94],[110.26,74.02],[109.67,73.8],[109.75,73.72],[110.87,73.73],[109.86,73.47],[109.33,73.49],[107.75,73.17],[106.48,73.14],[105.71,72.84],[105.14,72.78],[105.68,72.96],[106.19,73.31],[106.68,73.33],[107.27,73.62],[108.2,73.69],[109.08,74.03],[109.81,74.17],[109.91,74.26],[109.84,74.32],[112.92,75.02],[113.61,75.29],[113.73,75.45],[113.24,75.61],[112.96,75.57],[112.47,75.84],[113.39,75.68],[113.57,75.57],[113.86,75.92],[113.56,75.89],[113.27,76.25],[112.99,76.24],[113.15,76.17],[112.66,76.05],[112.8,76.13],[112.62,76.38],[111.94,76.38],[112.09,76.48],[111.11,76.72],[108.18,76.74],[107.72,76.52],[106.41,76.51],[106.38,76.59],[106.64,76.57],[107.43,76.93],[106.94,77.03],[105.82,77.0],[105.65,77.1],[104.2,77.1],[106.06,77.39],[105.71,77.53],[104.01,77.73],[102.61,77.51],[101.52,77.2],[100.91,76.9],[101.1,76.7],[100.93,76.56],[101.68,76.49],[101.6,76.44],[100.84,76.53],[98.81,76.48],[99.83,76.14],[99.85,75.93],[99.54,75.8],[99.44,75.8],[99.77,76.03],[98.66,76.24],[97.5,75.98],[97.35,76.03],[96.5,75.89],[96.6,75.99],[95.65,75.89],[96.08,76.08],[95.58,76.14],[93.26,76.1],[92.86,75.98],[92.99,75.9],[94.16,75.96],[91.48,75.65],[90.18,75.59],[87.67,75.13],[87.01,75.17],[86.94,75.07],[87.47,75.01],[86.86,74.72],[86.65,74.68],[86.2,74.82],[85.79,74.65],[86.43,74.59],[87.23,74.36],[86.9,74.33],[86.4,74.45],[86.0,74.32],[86.57,74.24],[87.21,73.88],[87.57,73.81],[87.12,73.62],[86.09,73.52],[85.91,73.39],[86.68,73.11],[85.82,73.33],[85.79,73.44],[87.03,73.82],[86.89,73.89],[85.2,73.72],[80.58,73.57],[80.6,73.47],[80.4,73.36],[80.42,73.23],[80.51,73.09],[80.84,72.95],[80.66,72.71],[80.83,72.49],[82.09,72.27],[82.65,71.93],[83.2,71.87],[83.53,71.68],[83.55,71.54],[83.15,71.1],[83.74,70.55],[83.5,70.35],[83.07,70.28],[83.08,70.09],[82.68,70.22],[83.03,70.58],[83.01,70.9],[82.87,70.95],[82.59,70.89],[82.22,70.4],[82.16,70.6],[82.34,70.81],[82.24,71.0],[82.32,71.26],[82.98,71.45],[83.23,71.67],[83.11,71.72],[81.66,71.72],[80.86,71.97],[80.76,72.09],[79.42,72.38],[78.48,72.39],[77.97,72.33],[77.41,72.11],[78.02,72.09],[78.23,71.95],[78.19,71.91],[77.55,71.84],[76.87,72.03],[76.03,71.91],[76.43,71.55],[77.48,71.31],[78.21,71.27],[78.49,71.03],[79.08,71.0],[79.02,70.95],[78.32,70.93],[77.59,71.17],[76.93,71.13],[75.73,71.27],[75.33,71.34],[75.28,71.43],[75.47,71.53],[75.5,71.65],[75.25,71.81],[75.27,71.96],[75.74,72.3],[75.59,72.46],[75.6,72.58],[75.37,72.8],[74.79,72.81],[75.06,72.55],[75.09,72.26],[74.99,72.14],[73.67,71.85],[73.09,71.44],[73.58,71.22],[74.34,70.58],[73.83,70.18],[73.58,69.8],[73.56,69.71],[73.89,69.42],[73.78,69.2],[73.98,69.11],[74.81,69.09],[75.42,69.24],[76.0,69.24],[77.65,68.9],[78.0,68.26],[77.66,68.19],[77.54,68.01],[77.59,67.75],[78.92,67.59],[77.77,67.57],[77.17,67.78],[77.24,68.47],[76.46,68.98],[75.12,68.86],[74.58,68.75],[74.39,68.42],[74.74,68.07],[74.77,67.77],[74.07,67.41],[73.79,67.0],[72.42,66.56],[72.32,66.33],[72.07,66.25],[69.98,66.4],[69.19,66.58],[69.01,66.79],[69.88,66.85],[70.28,66.69],[70.69,66.75],[70.38,66.6],[70.72,66.52],[71.54,66.68],[71.37,66.96],[71.85,67.01],[72.59,67.59],[73.07,67.77],[73.17,67.97],[73.14,68.18],[73.59,68.48],[73.55,68.57],[72.58,68.97],[72.6,69.79],[72.47,70.27],[72.7,70.46],[72.7,70.96],[72.58,71.15],[71.87,71.46],[72.28,71.7],[72.57,72.01],[72.81,72.69],[71.62,72.9],[69.74,72.88],[69.65,72.9],[69.69,72.98],[69.39,72.96],[69.04,72.67],[68.61,72.01],[68.27,71.68],[66.92,71.28],[66.64,71.08],[66.85,71.06],[66.67,70.9],[66.7,70.82],[67.14,70.84],[67.28,70.74],[67.15,70.22],[67.24,70.11],[66.93,70.01],[66.8,69.74],[66.9,69.55],[67.06,69.69],[67.62,69.58],[68.01,69.48],[68.12,69.24],[68.54,68.97],[69.14,68.95],[68.83,68.57],[68.5,68.35],[68.37,68.31],[67.73,68.51],[67.0,68.87],[64.9,69.25],[64.93,69.33],[64.19,69.53],[63.36,69.68],[60.91,69.85],[60.17,69.59],[60.66,69.11],[60.86,69.15],[60.93,68.99],[60.49,68.73],[59.9,68.71],[59.92,68.47],[59.73,68.35],[59.1,68.44],[59.11,68.62],[59.37,68.74],[59.06,69.01],[58.24,68.83],[58.17,68.89],[57.13,68.55],[56.04,68.65],[55.42,68.57],[54.92,68.37],[54.86,68.2],[54.48,68.29],[53.26,68.27],[53.93,68.44],[53.76,68.63],[53.97,68.84],[53.8,68.91],[54.49,68.99],[53.8,69.0],[52.34,68.61],[52.72,68.48],[52.4,68.35],[52.18,68.37],[52.29,68.46],[51.99,68.54],[50.7,68.32],[49.16,67.87],[48.75,67.9],[48.7,67.87],[48.88,67.73],[48.83,67.68],[47.87,67.58],[47.91,67.45],[47.66,66.98],[46.49,66.8],[45.89,66.89],[45.56,67.19],[44.9,67.41],[45.53,67.76],[46.69,67.85],[46.68,67.97],[45.89,68.48],[45.08,68.58],[44.05,68.55],[43.33,68.67],[44.2,68.25],[44.23,68.0],[43.78,67.25],[44.29,67.1],[44.43,66.94],[44.49,66.67],[44.1,66.24],[44.1,66.01],[43.84,66.14],[43.54,66.12],[43.65,66.25],[43.23,66.42],[42.21,66.52],[41.48,66.12],[40.69,65.96],[39.82,65.6],[39.8,65.35],[40.44,64.78],[40.06,64.77],[39.76,64.58],[38.01,64.88],[37.14,65.19],[36.88,65.17],[36.79,64.99],[36.53,64.94],[36.58,64.79],[37.18,64.41],[37.95,64.32],[38.06,64.09],[37.97,63.95],[37.44,63.81],[36.36,64.0],[36.15,64.19],[35.65,64.38],[35.04,64.44],[34.87,64.56],[34.86,64.71],[34.95,64.76],[34.83,64.8],[34.8,64.99],[34.41,65.4],[34.62,65.51],[34.78,65.77],[34.69,65.95],[34.11,66.23],[33.36,66.33],[33.66,66.44],[33.22,66.53],[33.18,66.68],[32.86,66.72],[32.46,66.92],[32.5,67.0],[31.9,67.16],[32.93,67.09],[32.85,67.02],[33.15,66.84],[34.45,66.65],[34.4,66.61],[34.48,66.55],[34.82,66.61],[35.51,66.4],[38.65,66.07],[40.1,66.3],[41.19,66.83],[41.36,67.21],[41.13,67.27],[40.97,67.71],[40.38,67.83],[39.81,68.15],[39.75,68.16],[39.82,68.06],[39.57,68.07],[38.83,68.32],[38.43,68.36],[37.73,68.69],[35.86,69.19],[33.68,69.31],[33.44,69.13],[33.14,69.07],[33.33,69.15],[33.45,69.43],[32.98,69.37],[33.0,69.47],[32.38,69.48],[32.09,69.63],[32.92,69.6],[33.01,69.72],[31.98,69.95],[32.0,69.81],[31.55,69.7],[30.71,69.8],[30.43,69.72],[30.24,69.86],[30.09,69.72],[29.69,69.74],[29.6,69.98],[28.78,70.15],[30.26,70.12],[30.94,70.27],[30.96,70.34],[30.6,70.52],[30.21,70.54],[30.24,70.62],[30.07,70.7],[29.74,70.65],[28.83,70.86],[28.61,70.76],[28.19,70.25],[28.27,70.67],[27.9,70.68],[28.38,70.87],[28.39,70.98],[28.14,71.04],[27.6,71.09],[27.33,71.0],[27.24,70.95],[27.55,70.8],[27.31,70.8],[26.99,70.51],[26.59,70.41],[26.64,70.64],[26.56,70.67],[26.73,70.85],[26.66,70.94],[26.51,70.91],[25.47,70.34],[25.42,70.24],[25.04,70.11],[24.99,70.22],[25.27,70.55],[25.78,70.82],[25.44,70.91],[25.26,70.84],[24.76,71.01],[24.26,70.83],[24.42,70.7],[24.04,70.49],[23.38,70.25],[23.29,70.1],[23.35,69.98],[23.05,70.1],[22.94,70.3],[22.68,70.37],[22.32,70.26],[21.36,70.23],[21.8,70.07],[21.97,69.83],[21.43,70.01],[21.25,70.0],[21.16,69.89],[20.62,69.91],[20.53,69.69],[20.74,69.52],[20.49,69.54],[20.11,69.34],[20.04,69.36],[20.34,69.62],[20.32,69.95],[19.96,69.82],[19.64,69.42],[19.69,69.8],[19.2,69.75],[18.99,69.56],[18.61,69.49],[18.92,69.34],[18.86,69.31],[18.26,69.47],[18.08,69.33],[18.1,69.16],[17.7,69.1],[17.39,68.8],[16.51,68.53],[17.55,68.43],[16.2,68.32],[16.26,68.14],[16.39,68.09],[16.26,68.0],[16.31,67.88],[16.01,68.23],[15.29,68.04],[15.62,67.95],[15.13,67.97],[14.8,67.81],[14.78,67.67],[15.3,67.77],[15.25,67.6],[15.69,67.52],[15.58,67.44],[15.59,67.35],[14.96,67.57],[14.44,67.27],[15.42,67.2],[14.11,67.12],[13.65,66.91],[13.96,66.79],[13.62,66.79],[13.21,66.64],[13.07,66.43],[13.12,66.23],[14.03,66.3],[13.67,66.18],[12.78,66.1],[13.03,65.96],[12.69,65.9],[12.27,65.57],[12.13,65.28],[12.42,65.18],[12.92,65.34],[12.51,65.1],[12.16,65.18],[11.49,64.98],[11.3,64.75],[11.63,64.81],[10.57,64.42],[9.57,63.71],[9.77,63.7],[9.92,63.52],[10.06,63.51],[10.93,63.77],[11.05,63.85],[10.91,63.92],[11.31,64.05],[11.46,64.0],[11.18,63.9],[11.37,63.8],[10.73,63.62],[10.67,63.56],[10.76,63.46],[10.02,63.39],[9.7,63.62],[9.16,63.46],[9.08,63.5],[9.14,63.59],[8.58,63.6],[8.36,63.5],[8.64,63.34],[8.27,63.29],[8.16,63.16],[8.62,62.85],[8.1,63.09],[7.57,63.1],[6.94,62.93],[6.73,62.72],[8.1,62.73],[7.54,62.67],[7.69,62.59],[7.57,62.55],[6.35,62.61],[6.14,62.41],[6.69,62.47],[6.21,62.35],[5.72,62.38],[5.36,62.15],[5.14,62.16],[5.1,62.03],[5.27,61.94],[6.13,61.85],[6.73,61.87],[6.02,61.79],[4.99,61.9],[4.91,61.81],[5.0,61.65],[5.34,61.49],[4.99,61.38],[5.02,61.25],[5.32,61.11],[6.38,61.13],[6.6,61.29],[6.94,61.16],[7.28,61.18],[7.44,61.43],[7.35,61.3],[7.6,61.21],[7.04,61.09],[7.04,60.95],[6.78,61.14],[5.01,61.04],[5.12,60.64],[5.24,60.57],[5.65,60.69],[5.14,60.45],[5.29,60.21],[5.69,60.12],[5.21,60.09],[5.15,59.64],[5.88,60.07],[6.15,60.35],[7.0,60.51],[6.72,60.42],[6.53,60.15],[6.57,60.36],[6.35,60.35],[5.73,59.86],[6.22,59.82],[5.77,59.66],[5.47,59.71],[5.24,59.56],[5.17,59.16],[6.42,59.55],[5.95,59.3],[5.89,59.1],[6.1,58.95],[6.36,59.0],[6.1,58.87],[5.61,59.01],[5.52,58.82],[5.59,58.62],[6.05,58.38],[6.66,58.26],[6.56,58.12],[6.73,58.07],[6.88,58.15],[7.0,58.02],[7.47,58.02],[8.17,58.15],[9.4,58.81],[9.31,58.86],[9.66,58.97],[9.56,59.11],[9.84,58.96],[10.18,59.01],[10.43,59.28],[10.4,59.52],[10.57,59.59],[10.6,59.76],[10.64,59.39],[10.83,59.18],[11.39,59.07],[11.2,59.08],[11.15,58.99],[11.25,58.37],[11.43,58.34],[11.45,58.12],[11.7,57.97],[11.73,57.72],[11.88,57.68],[11.96,57.43],[12.05,57.45],[12.42,56.91],[12.88,56.62],[12.86,56.45],[12.66,56.44],[12.8,56.26],[12.47,56.29],[12.97,55.75],[12.89,55.41],[14.17,55.4],[14.34,55.53],[14.22,55.83],[14.56,56.05],[14.75,56.03],[14.71,56.13],[15.83,56.12],[16.0,56.22],[16.53,57.07],[16.48,57.27],[16.65,57.5],[16.56,57.81],[16.69,57.92],[16.77,58.21],[16.65,58.43],[16.92,58.49],[16.79,58.59],[16.21,58.64],[16.98,58.65],[18.29,59.11],[18.41,59.29],[18.62,59.33],[18.51,59.41],[17.96,59.36]],[[-33.4,83.58],[-37.72,83.5],[-38.75,83.37],[-37.93,83.16],[-38.16,83.0],[-40.36,83.33],[-41.3,83.1],[-43.01,83.26],[-45.41,83.02],[-46.17,83.06],[-46.48,82.95],[-46.14,82.86],[-41.37,82.75],[-41.88,82.68],[-45.56,82.75],[-44.33,82.47],[-44.24,82.37],[-44.55,82.26],[-44.64,82.1],[-44.53,81.85],[-44.73,81.78],[-48.86,82.41],[-50.04,82.47],[-50.99,82.46],[-50.71,82.24],[-49.54,81.92],[-50.89,81.9],[-53.02,82.32],[-53.1,82.12],[-52.93,82.04],[-53.04,81.87],[-53.56,81.65],[-53.58,82.06],[-53.67,82.16],[-54.55,82.35],[-58.72,82.09],[-59.27,81.98],[-56.62,81.36],[-59.28,81.88],[-60.43,81.92],[-61.2,81.75],[-61.1,81.4],[-61.44,81.13],[-62.99,81.21],[-63.24,81.08],[-63.06,80.89],[-63.72,81.06],[-64.52,81],[-66.61,80.53],[-67.19,80.28],[-67.14,80.17],[-66.84,80.08],[-65.81,80.02],[-64.18,80.1],[-64.79,80.0],[-65.29,79.44],[-65.83,79.17],[-68.38,79.04],[-69.03,78.94],[-68.92,78.88],[-68.99,78.86],[-71.65,78.62],[-72.47,78.48],[-72.71,78.36],[-72.58,78.28],[-72.82,78.19],[-72.16,77.96],[-71.27,77.81],[-70.11,77.84],[-70.56,77.72],[-69.35,77.47],[-68.62,77.6],[-67.69,77.52],[-66.82,77.69],[-66.27,77.52],[-66.45,77.39],[-66.39,77.28],[-68.14,77.38],[-68.59,77.34],[-68.98,77.2],[-70.6,77.19],[-71.15,77.07],[-70.61,76.82],[-69.69,76.99],[-69.89,76.83],[-69.25,76.69],[-68.11,76.65],[-69.48,76.4],[-68.32,76.09],[-66.83,75.97],[-66.67,75.98],[-67.08,76.19],[-66.47,76.14],[-65.95,76.24],[-65.37,76.13],[-64.31,76.32],[-63.84,76.22],[-63.29,76.35],[-61.19,76.16],[-58.52,75.69],[-58.25,75.51],[-58.57,75.35],[-56.26,74.53],[-56.72,74.43],[-56.64,74.28],[-56.71,74.22],[-57.23,74.13],[-56.23,74.13],[-55.84,73.76],[-55.97,73.76],[-56.1,73.56],[-55.74,73.38],[-55.45,73.46],[-55.29,73.33],[-55.36,73.2],[-55.69,73.11],[-55.67,73.01],[-55.29,72.93],[-55.07,73.02],[-54.74,72.87],[-54.74,72.7],[-54.92,72.57],[-55.6,72.45],[-55.3,72.35],[-55.64,72.3],[-55.58,72.18],[-54.84,72.36],[-55.32,72.11],[-55.67,71.69],[-55.59,71.55],[-55.34,71.43],[-54.69,71.37],[-53.96,71.46],[-53.91,71.53],[-54.02,71.66],[-53.78,71.68],[-53.46,71.89],[-53.93,72.32],[-53.65,72.36],[-53.81,72.29],[-53.42,72.0],[-53.33,71.79],[-53.14,71.81],[-53.48,71.64],[-53.44,71.58],[-51.78,71.68],[-52.75,71.5],[-53.12,71.31],[-53.01,71.18],[-51.38,71.12],[-51.02,71.0],[-51.77,71.01],[-51.26,70.85],[-51.32,70.59],[-50.68,70.4],[-51.52,70.44],[-52.8,70.75],[-54.17,70.82],[-54.53,70.7],[-54.01,70.42],[-53.02,70.3],[-52.25,70.06],[-50.32,70.03],[-50.5,69.94],[-50.35,69.8],[-50.8,69.66],[-51.08,69.21],[-50.54,69.25],[-50.3,69.17],[-51.08,69.13],[-51.25,68.74],[-50.8,68.79],[-51.13,68.6],[-51.62,68.53],[-52.6,68.71],[-53.04,68.61],[-53.38,68.3],[-52.2,68.22],[-51.17,68.39],[-51.6,68.05],[-53.15,68.21],[-53.58,67.84],[-53.74,67.55],[-52.34,67.84],[-51.77,67.74],[-50.97,67.81],[-50.89,67.78],[-51.17,67.69],[-50.61,67.53],[-52.51,67.76],[-53.8,67.42],[-53.88,67.14],[-53.69,66.99],[-52.39,66.88],[-53.04,66.83],[-53.42,66.65],[-53.63,66.41],[-53.61,66.15],[-53.04,66.2],[-51.23,66.88],[-53.39,66.05],[-53.11,65.98],[-53.23,65.77],[-53.2,65.59],[-52.76,65.59],[-52.55,65.46],[-52.35,65.46],[-51.72,65.72],[-51.09,65.78],[-51.62,65.71],[-52.54,65.33],[-52.26,65.15],[-52.09,64.68],[-52.09,64.42],[-51.92,64.22],[-51.26,64.76],[-51.14,64.79],[-51.22,64.63],[-50.72,64.8],[-50.96,65.2],[-50.52,64.77],[-50.12,64.7],[-50.01,64.45],[-50.36,64.68],[-50.68,64.68],[-50.85,64.64],[-50.83,64.56],[-51.23,64.56],[-51.71,64.21],[-51.54,64.1],[-50.44,64.31],[-50.49,64.21],[-50.26,64.21],[-51.55,64.01],[-51.45,63.9],[-51.54,63.76],[-51.47,63.64],[-50.39,62.82],[-49.79,63.04],[-50.3,62.72],[-50.32,62.47],[-49.55,62.23],[-49.67,62.15],[-49.62,62.0],[-49.12,62.11],[-48.83,62.08],[-49.38,61.89],[-49.19,61.69],[-49.29,61.59],[-49.05,61.52],[-48.92,61.28],[-48.43,61.19],[-48.39,61.0],[-47.77,61.0],[-48.21,60.86],[-48.18,60.77],[-46.87,60.82],[-46.01,61.1],[-45.87,61.22],[-46.14,60.78],[-46.05,60.62],[-45.38,60.44],[-44.76,60.66],[-44.97,60.46],[-45.37,60.37],[-45.38,60.2],[-44.61,60.02],[-44.22,60.27],[-44.45,60.01],[-44.41,59.92],[-44.07,59.92],[-44.12,59.83],[-43.91,59.82],[-43.66,59.86],[-43.96,60.03],[-43.32,59.93],[-43.12,60.06],[-43.21,60.39],[-43.92,60.6],[-43.04,60.52],[-42.72,60.77],[-42.32,61.68],[-42.59,61.72],[-42.11,61.86],[-42.14,62.01],[-42.32,62.15],[-42.15,62.57],[-42.94,62.72],[-41.91,62.74],[-41.63,62.97],[-42.17,63.21],[-41.84,63.07],[-41.39,63.06],[-41.11,63.27],[-41.15,63.35],[-41.05,63.51],[-40.78,63.53],[-40.77,63.63],[-40.55,63.73],[-40.65,63.93],[-40.62,64.13],[-41.03,64.12],[-41.58,64.3],[-40.78,64.22],[-40.7,64.33],[-40.18,64.48],[-40.66,64.92],[-40.97,64.87],[-41.09,65.04],[-41.08,65.1],[-40.67,65.11],[-40.25,65.05],[-39.58,65.34],[-40.17,65.56],[-38.2,65.71],[-38.22,65.84],[-38.52,66.01],[-38.14,65.9],[-37.75,66.26],[-38.16,66.39],[-37.28,66.3],[-37.79,65.98],[-37.8,65.86],[-38.0,65.71],[-37.75,65.59],[-37.41,65.66],[-37.32,65.79],[-37.06,65.87],[-36.93,65.78],[-36.67,65.79],[-36.53,66.01],[-36.39,65.96],[-36.38,65.83],[-35.63,66.14],[-35.87,66.44],[-35.19,66.25],[-34.63,66.43],[-34.42,66.63],[-34.1,66.73],[-33.53,67.26],[-33.5,67.38],[-33.11,67.66],[-32.16,67.99],[-32.37,68.21],[-32.18,68.26],[-32.33,68.44],[-30.98,68.06],[-30.61,68.12],[-30.72,68.25],[-30.2,68.2],[-29.87,68.31],[-29.25,68.3],[-26.48,68.68],[-25.09,69.17],[-25.19,69.26],[-24.3,69.44],[-24.22,69.48],[-24.3,69.59],[-23.74,69.59],[-23.87,69.74],[-23.05,69.79],[-23.09,69.88],[-22.44,69.99],[-22.21,70.11],[-23.67,70.14],[-25.53,70.35],[-27.03,70.2],[-27.38,69.99],[-27.63,70.03],[-27.33,70.22],[-26.51,70.4],[-26.75,70.48],[-29.07,70.44],[-28.15,70.66],[-27.98,70.84],[-28.4,70.99],[-26.72,70.95],[-26.01,71.09],[-25.67,71.27],[-25.84,71.48],[-27.11,71.53],[-27.16,71.6],[-27.09,71.63],[-25.89,71.57],[-24.56,71.22],[-24.27,71.05],[-23.97,70.65],[-23.33,70.45],[-22.69,70.44],[-22.44,70.86],[-22.38,70.46],[-21.52,70.53],[-21.67,70.86],[-21.75,71.48],[-22.3,71.43],[-22.42,71.25],[-22.48,71.38],[-22.5,71.5],[-21.96,71.74],[-22.37,71.77],[-22.5,71.91],[-24.57,72.42],[-25.2,72.39],[-24.7,72.51],[-24.65,72.58],[-24.81,72.9],[-26.39,72.67],[-26.66,72.72],[-24.63,73.04],[-24.36,72.69],[-24.07,72.5],[-22.29,72.12],[-22.28,72.34],[-22.07,72.4],[-22.04,72.92],[-24.13,73.41],[-25.06,73.4],[-25.4,73.28],[-27.35,73.07],[-27.56,73.14],[-26.54,73.25],[-27.27,73.44],[-26.06,73.25],[-24.78,73.54],[-25.52,73.85],[-24.68,73.6],[-24.16,73.76],[-23.23,73.4],[-22.35,73.27],[-21.55,73.43],[-20.64,73.46],[-20.51,73.49],[-20.37,73.85],[-22.13,73.99],[-22.34,74.06],[-22.2,74.21],[-22.33,74.29],[-21.97,74.39],[-21.98,74.57],[-21.76,74.48],[-21.95,74.24],[-21.13,74.11],[-20.23,74.2],[-20.26,74.28],[-19.65,74.26],[-19.27,74.34],[-19.29,74.55],[-19.54,74.62],[-19.98,74.98],[-20.42,74.98],[-20.61,74.73],[-20.86,74.64],[-21.04,74.65],[-20.8,74.81],[-20.99,75.07],[-21.7,74.96],[-22.23,75.12],[-21.65,75.02],[-20.48,75.31],[-19.8,75.16],[-19.53,75.18],[-19.38,75.3],[-19.4,75.49],[-19.51,75.76],[-19.96,76.0],[-19.86,76.12],[-20.89,76.3],[-21.49,76.27],[-21.76,76.4],[-21.88,76.57],[-22.61,76.68],[-22.33,76.79],[-21.61,76.69],[-20.49,76.92],[-18.61,76.76],[-18.34,76.92],[-18.29,77.13],[-18.44,77.26],[-19.3,77.22],[-20.23,77.37],[-20.68,77.62],[-20.16,77.69],[-19.3,77.59],[-19.49,77.72],[-20.86,77.91],[-21.38,77.7],[-21.73,77.71],[-21.75,77.79],[-20.96,78.56],[-21.13,78.66],[-20.05,78.84],[-19.72,79.07],[-18.99,79.18],[-19.15,79.33],[-19.41,79.35],[-19.28,79.68],[-19.35,79.73],[-20.07,79.77],[-20.18,79.86],[-20.15,80.01],[-19.43,80.26],[-18.07,80.17],[-16.49,80.25],[-15.94,80.43],[-16.76,80.57],[-14.5,80.76],[-14.23,80.87],[-14.45,80.99],[-13.13,81.09],[-11.43,81.48],[-12.43,81.68],[-14.24,81.81],[-16.12,81.78],[-17.46,81.4],[-19.15,81.51],[-19.22,81.64],[-19.63,81.64],[-20.89,81.28],[-22.83,80.91],[-23.12,80.78],[-23.2,80.85],[-23.07,80.93],[-21.5,81.44],[-21.15,81.7],[-21.13,81.93],[-21.34,82.07],[-22.94,82.03],[-23.18,81.99],[-23.5,81.77],[-24.29,81.7],[-24.59,81.88],[-25.15,82.0],[-27.84,82.05],[-29.54,81.94],[-29.81,81.96],[-29.89,82.05],[-29.58,82.16],[-23.12,82.32],[-21.52,82.6],[-22.52,82.79],[-24.47,82.88],[-25.12,83.16],[-27.0,83.07],[-29.96,83.11],[-32.03,82.98],[-31.99,83.09],[-25.8,83.26],[-29.95,83.56],[-33.4,83.58]],[[-19.61,82.08],[-19.59,81.99],[-19.03,81.83],[-18.66,81.85],[-19.31,82.12],[-19.61,82.08]],[[59.26,81.85],[58.13,81.83],[57.91,81.72],[59.36,81.76],[59.41,81.83],[59.26,81.85]],[[57.46,81.54],[57.09,81.54],[56.16,81.3],[55.47,81.31],[55.72,81.19],[56.82,81.24],[57.45,81.14],[58.02,81.25],[57.86,81.37],[58.56,81.42],[57.46,81.54]],[[58.72,81.31],[59.37,81.33],[59.08,81.4],[58.61,81.34],[58.72,81.31]],[[95.16,81.27],[94.84,81.14],[93.07,80.99],[92.59,80.78],[93.26,80.79],[92.58,80.53],[91.52,80.36],[92.2,80.18],[93.87,80.01],[94.57,80.13],[97.18,80.24],[97.42,80.32],[97.03,80.54],[97.11,80.61],[97.86,80.7],[97.87,80.76],[96.75,80.96],[95.8,81.28],[95.16,81.27]],[[97.12,80.15],[95.5,80.11],[95.28,80.03],[94.99,80.1],[93.07,79.5],[94.22,79.4],[94.79,79.09],[96.81,78.98],[97.56,78.83],[99.44,78.83],[99.93,78.96],[99.81,79.1],[99.04,79.29],[99.68,79.32],[99.78,79.63],[100.06,79.78],[99.95,79.85],[99.29,80.02],[98.6,80.05],[98.35,79.88],[98.06,79.9],[97.65,79.76],[97.63,79.85],[98.02,80.02],[97.67,80.16],[97.12,80.15]],[[102.18,79.37],[102.25,79.26],[101.76,79.37],[101.2,79.2],[100.86,78.93],[100.96,78.79],[100.42,78.75],[100.02,78.34],[99.29,78.04],[99.85,77.96],[101.2,78.19],[102.8,78.19],[104.74,78.34],[105.31,78.5],[105.34,78.59],[105.15,78.82],[104.63,78.84],[103.8,79.15],[102.95,79.06],[102.41,78.84],[102.88,79.25],[103.1,79.3],[102.4,79.43],[102.18,79.37]],[[107.51,78.19],[106.42,78.14],[107.48,78.06],[107.7,78.13],[107.51,78.19]],[[23.12,78.24],[22.3,78.23],[22.04,78.58],[20.23,78.48],[20.56,78.42],[20.53,78.33],[21.04,78.06],[21.65,77.92],[21.2,77.62],[20.87,77.57],[20.93,77.46],[22.69,77.55],[22.44,77.43],[22.43,77.32],[22.8,77.28],[23.74,77.46],[24.13,77.66],[24.9,77.76],[23.12,77.99],[23.15,78.09],[23.45,78.15],[23.12,78.24]],[[89.2,77.27],[89.14,77.23],[89.3,77.18],[89.68,77.28],[89.2,77.27]],[[96.53,77.21],[95.27,77.02],[96.21,76.99],[96.56,77.13],[96.53,77.21]],[[68.02,76.99],[66.83,76.92],[66.06,76.75],[65.76,76.58],[64.46,76.38],[62.97,76.24],[61.2,76.28],[61.03,76.23],[61.05,76.12],[60.94,76.07],[60.28,76.1],[60.04,75.98],[58.88,75.85],[58.06,75.66],[58.09,75.59],[57.78,75.51],[57.61,75.34],[56.84,75.35],[56.88,75.24],[56.57,75.1],[56.04,75.19],[55.81,75.12],[56.0,75.0],[56.5,74.96],[55.58,74.63],[56.14,74.5],[55.34,74.42],[54.64,73.96],[53.76,73.77],[54.2,73.54],[54.13,73.48],[54.3,73.35],[55.01,73.45],[56.43,73.3],[56.96,73.37],[57.54,73.66],[57.31,73.84],[57.76,73.77],[57.87,73.85],[57.77,74.01],[58.62,74.23],[58.67,74.29],[58.53,74.5],[59.04,74.49],[59.24,74.69],[59.67,74.61],[59.75,74.75],[60.5,74.9],[60.28,75.01],[60.72,75.07],[61.36,75.31],[67.13,76.11],[68.17,76.28],[68.9,76.57],[68.87,76.79],[68.02,76.99]],[[96.35,76.21],[96.61,76.26],[95.38,76.29],[95.31,76.21],[96.3,76.12],[96.35,76.21]],[[81.91,75.46],[81.5,75.37],[81.98,75.25],[82.22,75.35],[82.17,75.52],[81.91,75.46]],[[86.69,74.85],[86.93,74.83],[87.12,74.94],[86.61,74.99],[86.26,74.89],[86.69,74.85]],[[84.54,74.49],[84.39,74.45],[84.71,74.4],[84.87,74.52],[84.54,74.49]],[[83.16,74.08],[83.62,74.09],[83.15,74.15],[82.82,74.09],[83.16,74.08]],[[71.02,73.5],[70.15,73.44],[70.0,73.36],[69.92,73.08],[70.38,73.05],[71.63,73.17],[71.59,73.28],[71.02,73.5]],[[74.14,73.07],[74.18,72.98],[74.64,72.86],[74.74,73.03],[74.96,73.06],[74.14,73.07]],[[78.66,72.89],[78.88,72.75],[79.54,72.77],[79.54,72.92],[79.16,73.09],[78.66,72.89]],[[56.19,73.03],[56.43,73.2],[54.8,73.39],[53.36,73.22],[53.19,73.1],[53.37,72.92],[52.91,72.9],[52.55,72.77],[52.92,72.67],[52.62,72.3],[52.25,72.13],[51.58,72.07],[51.44,71.93],[51.44,71.78],[51.59,71.57],[51.94,71.47],[53.41,71.53],[53.32,71.4],[53.41,71.34],[54.16,71.13],[53.67,71.09],[53.59,71.05],[53.61,70.91],[53.38,70.87],[53.72,70.81],[54.6,70.68],[54.65,70.74],[55.69,70.69],[55.8,70.62],[56.14,70.66],[56.43,70.56],[56.56,70.59],[56.26,70.71],[57.15,70.59],[57.63,70.73],[56.45,71.11],[55.3,71.94],[55.52,72.22],[55.36,72.41],[55.4,72.55],[55.62,72.6],[55.72,72.77],[56.12,72.81],[56.19,73.03]],[[53.14,71.24],[52.78,71.4],[52.24,71.33],[52.74,71.18],[53.02,70.97],[53.12,70.98],[53.05,71.03],[53.21,71.16],[53.14,71.24]],[[26.08,71.03],[25.59,71.14],[25.31,71.03],[25.76,70.95],[26.15,71.04],[26.08,71.03]],[[-7.98,71.12],[-8.34,71.14],[-9.1,70.85],[-8.0,71.04],[-7.98,71.12]],[[23.4,70.84],[22.96,70.71],[21.99,70.66],[22.36,70.51],[22.83,70.54],[23.39,70.75],[23.4,70.84]],[[23.66,70.68],[23.83,70.53],[24.08,70.65],[23.78,70.75],[23.66,70.68]],[[23.58,70.59],[23.02,70.49],[22.92,70.38],[23.09,70.38],[23.16,70.28],[23.35,70.32],[23.64,70.46],[23.58,70.59]],[[-17.59,74.99],[-17.39,75.04],[-17.5,75.15],[-17.89,75.2],[-18.0,75.41],[-18.45,75.33],[-18.64,75.39],[-18.86,75.32],[-18.88,75.2],[-18.89,75.07],[-18.67,75.0],[-17.59,74.99]],[[-18.58,76.04],[-18.73,76.64],[-19.06,76.69],[-19.09,76.43],[-18.7,76.02],[-18.58,76.04]],[[16.46,76.61],[17.06,76.66],[16.98,76.81],[17.25,76.97],[17.15,77.05],[17.62,77.4],[18.3,77.58],[18.44,78.03],[19.0,78.08],[18.96,78.18],[19.06,78.32],[19.68,78.61],[21.39,78.74],[20.5,78.98],[20.77,79.06],[20.61,79.11],[20.16,79.15],[19.89,79.06],[19.75,79.15],[19.09,79.16],[18.68,79.26],[18.81,79.3],[18.82,79.43],[18.4,79.61],[17.67,79.39],[17.69,79.53],[17.96,79.7],[17.83,79.8],[17.22,79.94],[16.79,79.91],[16.39,80.05],[16.09,80.01],[16.1,79.88],[15.82,79.68],[16.34,78.98],[15.76,79.17],[14.83,79.77],[14.59,79.8],[14.04,79.59],[14.06,79.38],[13.96,79.34],[13.38,79.48],[13.33,79.57],[12.56,79.57],[13.92,79.76],[13.69,79.86],[12.22,79.8],[12.29,79.71],[11.7,79.82],[11.15,79.72],[10.68,79.76],[10.81,79.64],[10.74,79.52],[11.21,79.13],[11.52,79.15],[11.62,79.21],[11.58,79.28],[11.98,79.29],[12.08,79.27],[11.89,79.15],[11.98,79.03],[12.4,78.95],[11.37,78.95],[11.86,78.83],[11.76,78.81],[11.77,78.72],[13.15,78.24],[14.11,78.27],[14.64,78.41],[14.43,78.49],[14.52,78.58],[14.47,78.68],[14.69,78.72],[15.02,78.63],[15.38,78.77],[15.25,78.59],[15.42,78.47],[16.78,78.66],[16.45,78.5],[16.73,78.41],[17.17,78.42],[15.78,78.33],[15.66,78.3],[15.7,78.23],[14.25,78.07],[14.31,78.01],[13.94,78.09],[13.68,78.03],[13.79,77.85],[14.09,77.77],[16.91,77.9],[17.03,77.8],[14.92,77.69],[14.7,77.53],[14.38,77.58],[14.0,77.51],[14.37,77.23],[15.12,77.09],[16.46,76.61]],[[-17.73,77.71],[-17.64,77.78],[-17.81,77.87],[-18.22,77.67],[-17.73,77.71]],[[-19.0,77.97],[-18.88,78.11],[-18.94,78.42],[-19.31,78.34],[-19.13,77.94],[-19.0,77.97]],[[11.76,78.33],[12.12,78.23],[11.83,78.44],[11.26,78.54],[10.96,78.85],[10.56,78.9],[10.63,78.75],[11.12,78.46],[11.76,78.33]],[[-18.04,79.71],[-17.4,79.94],[-17.47,80.03],[-17.98,80.06],[-19.0,79.94],[-19.14,79.85],[-18.66,79.72],[-18.04,79.71]],[[18.34,80.06],[18.86,80.04],[18.26,79.93],[18.73,79.76],[20.78,79.75],[20.49,79.63],[19.67,79.59],[20.13,79.49],[20.86,79.4],[22.87,79.41],[22.7,79.33],[22.9,79.23],[23.95,79.19],[24.75,79.36],[25.64,79.4],[26.01,79.62],[27.2,79.91],[27.15,80.06],[26.86,80.16],[25.84,80.18],[24.4,80.36],[23.11,80.19],[23.32,80.43],[23.01,80.47],[22.45,80.4],[22.44,80.19],[22.29,80.05],[21.55,80.24],[20.9,80.25],[19.73,80.48],[19.61,80.46],[19.81,80.33],[19.75,80.23],[19.18,80.33],[19.54,80.16],[19.34,80.12],[18.78,80.19],[17.92,80.14],[18.34,80.06]],[[46.06,80.48],[47.3,80.61],[47.71,80.77],[48.63,80.63],[48.69,80.72],[48.35,80.82],[47.35,80.85],[44.9,80.61],[45.97,80.57],[46.06,80.48]],[[49.51,80.87],[49.24,80.82],[49.15,80.71],[49.19,80.56],[49.09,80.52],[47.9,80.53],[46.64,80.3],[46.99,80.18],[47.98,80.21],[47.63,80.11],[47.74,80.08],[48.39,80.1],[48.58,80.2],[48.98,80.16],[48.96,80.27],[48.68,80.3],[48.9,80.37],[49.59,80.38],[49.85,80.5],[50.96,80.54],[51.7,80.69],[50.8,80.91],[49.51,80.87]],[[54.42,80.99],[54.37,80.9],[54.05,80.87],[54.07,80.81],[55.88,80.63],[57.69,80.79],[56.47,81.0],[54.72,81.12],[54.42,80.99]],[[64.26,81.14],[64.1,81.0],[63.12,80.97],[62.52,80.82],[63.37,80.7],[64.55,80.76],[65.44,80.93],[65.38,81.06],[65.17,81.14],[64.26,81.14]],[[89.98,81.11],[91.22,81.06],[91.57,81.14],[90.07,81.21],[89.9,81.17],[89.98,81.11]],[[61.85,80.89],[59.72,80.84],[59.39,80.71],[59.29,80.57],[59.65,80.43],[60.28,80.49],[61.05,80.42],[62.08,80.62],[62.23,80.79],[61.85,80.89]],[[58.97,80.42],[57.01,80.47],[57.19,80.4],[57.33,80.16],[57.8,80.1],[58.26,80.2],[58.4,80.32],[59.26,80.34],[58.97,80.42]],[[59.54,80.12],[58.92,79.98],[59.33,79.92],[59.91,79.99],[59.54,80.12]],[[91.07,79.98],[91.38,79.84],[92.44,79.68],[93.8,79.9],[92.17,80.05],[91.07,79.98]],[[51.43,79.92],[51.25,80.05],[50.94,80.09],[50.09,79.98],[51.43,79.92]],[[50.05,80.07],[50.32,80.17],[49.88,80.23],[49.56,80.16],[50.05,80.07]],[[52.64,80.18],[53.85,80.27],[53.19,80.41],[52.21,80.26],[52.64,80.18]],[[56.71,80.36],[56.02,80.34],[56.01,80.2],[55.72,80.1],[57.08,80.09],[57.08,80.35],[56.71,80.36]],[[54.42,80.47],[54.41,80.54],[53.88,80.61],[53.9,80.52],[53.81,80.48],[54.42,80.47]],[[58.93,80.83],[58.62,81.04],[58.1,81.11],[57.21,81.02],[57.94,80.79],[58.93,80.83]],[[60.32,80.96],[61.14,80.95],[61.57,81.05],[60.59,81.09],[60.06,80.98],[60.32,80.96]],[[26.46,78.72],[26.73,78.65],[27.01,78.7],[26.59,78.81],[26.41,78.78],[26.46,78.72]],[[-25.73,71.04],[-26.62,70.88],[-27.71,70.9],[-27.71,70.71],[-28.04,70.49],[-26.6,70.55],[-26.22,70.45],[-25.35,70.69],[-25.47,70.78],[-25.43,70.92],[-25.73,71.04]],[[20.65,70.23],[20.41,70.12],[20.78,70.09],[20.82,70.21],[20.65,70.23]],[[19.26,70.07],[19.21,70.25],[19.13,70.24],[19.05,70.04],[18.69,69.89],[18.67,69.78],[18.35,69.77],[18.06,69.6],[18.78,69.58],[19.61,70.02],[19.26,70.07]],[[17.86,69.54],[17.5,69.6],[17.25,69.5],[17.39,69.42],[17.0,69.36],[16.97,69.14],[16.81,69.07],[17.08,69.01],[17.49,69.2],[17.95,69.2],[17.94,69.33],[18.08,69.4],[17.86,69.54]],[[16.13,69.27],[15.89,69.28],[15.48,69.04],[15.44,68.92],[15.56,68.87],[15.41,68.62],[15.1,68.44],[14.59,68.4],[14.26,68.19],[15.28,68.37],[15.44,68.31],[15.91,68.39],[16.52,68.63],[16.55,68.72],[16.33,68.88],[15.76,68.56],[15.93,68.73],[15.81,69.02],[16.13,69.27]],[[14.12,68.25],[13.54,68.25],[13.2,68.09],[13.23,68.0],[13.35,68.01],[14.12,68.25]],[[13.12,68.05],[12.96,68.02],[12.82,67.82],[13.07,67.93],[13.12,68.05]],[[15.13,69.0],[15.04,69.0],[15.04,68.89],[14.87,68.91],[14.8,68.79],[14.55,68.82],[14.37,68.71],[14.89,68.61],[15.35,68.67],[15.4,68.78],[15.13,69.0]],[[-16.54,66.45],[-16.43,66.28],[-16.49,66.2],[-16.84,66.13],[-17.15,66.2],[-17.55,65.96],[-17.91,66.14],[-18.3,66.16],[-18.1,65.83],[-18.14,65.73],[-18.85,66.18],[-19.38,66.08],[-19.49,65.77],[-20.1,66.08],[-20.29,66.08],[-20.45,65.57],[-20.8,65.64],[-21.13,65.27],[-21.23,65.42],[-21.43,65.47],[-21.36,65.58],[-21.66,65.72],[-21.37,65.74],[-21.31,65.9],[-21.52,65.97],[-21.41,66.03],[-22.43,66.43],[-22.89,66.44],[-23.12,66.34],[-22.48,66.27],[-22.95,66.21],[-22.45,66.07],[-22.44,65.91],[-22.62,65.87],[-22.66,66.03],[-23.02,65.98],[-23.06,66.09],[-23.45,66.18],[-23.6,66.11],[-23.43,66.02],[-23.78,66.02],[-23.52,65.88],[-23.83,65.85],[-23.29,65.75],[-23.62,65.68],[-24.09,65.78],[-23.86,65.54],[-24.25,65.61],[-24.48,65.53],[-23.9,65.41],[-22.9,65.58],[-21.84,65.45],[-22.51,65.2],[-21.76,65.17],[-21.89,65.05],[-22.79,65.05],[-24.03,64.86],[-23.82,64.74],[-23.35,64.82],[-22.47,64.79],[-22.25,64.73],[-22.32,64.62],[-22.11,64.53],[-21.59,64.63],[-21.95,64.51],[-22.0,64.41],[-21.9,64.39],[-22.05,64.31],[-21.46,64.38],[-22.19,64.04],[-22.51,63.99],[-22.7,64.08],[-22.65,63.83],[-21.11,63.94],[-21.14,63.89],[-20.65,63.74],[-20.41,63.81],[-20.36,63.76],[-20.49,63.69],[-20.2,63.56],[-18.65,63.41],[-17.95,63.54],[-17.82,63.71],[-16.64,63.87],[-15.83,64.18],[-14.63,64.42],[-14.43,64.54],[-14.39,64.75],[-14.04,64.74],[-13.85,64.86],[-13.85,64.99],[-13.56,65.1],[-13.75,65.19],[-13.64,65.28],[-13.8,65.35],[-13.62,65.52],[-14.17,65.64],[-14.47,65.58],[-14.32,65.68],[-14.39,65.79],[-14.83,65.76],[-14.69,65.9],[-14.7,66.02],[-15.12,66.1],[-14.91,66.28],[-14.6,66.38],[-15.54,66.23],[-16.04,66.53],[-16.54,66.45]],[[12.34,66.08],[12.58,66.07],[12.62,66.18],[12.53,66.21],[12.34,66.08]],[[12.43,65.94],[12.43,65.9],[12.51,65.9],[12.72,65.96],[12.78,65.99],[12.75,66.01],[12.64,66.01],[12.55,66.0],[12.48,65.98],[12.43,65.94]],[[11.8,65.68],[11.78,65.6],[11.9,65.6],[12.0,65.68],[11.8,65.68]],[[10.74,64.87],[11.18,64.84],[11.25,64.91],[11.02,64.98],[10.74,64.87]],[[-36.99,65.58],[-36.95,65.66],[-37.05,65.72],[-37.22,65.7],[-37.19,65.53],[-36.99,65.58]],[[-6.55,62.36],[-6.56,62.22],[-6.45,62.19],[-6.41,62.26],[-6.55,62.36]],[[-6.8,62.27],[-7.17,62.29],[-6.73,61.95],[-6.84,62.12],[-6.66,62.09],[-6.63,62.23],[-6.8,62.27]],[[-7.19,62.14],[-7.42,62.14],[-7.25,62.05],[-7.07,62.07],[-7.19,62.14]],[[-0.82,60.83],[-0.93,60.8],[-0.91,60.69],[-0.83,60.68],[-0.82,60.83]],[[-1.3,60.61],[-1.57,60.49],[-1.37,60.33],[-1.66,60.28],[-1.29,60.15],[-1.3,59.88],[-1.05,60.44],[-1.29,60.47],[-1.3,60.61]],[[-63.98,59.75],[-64.06,59.82],[-64.23,59.74],[-64.18,59.97],[-64.28,60.06],[-64.77,60.01],[-64.42,60.17],[-64.5,60.27],[-64.82,60.33],[-65.17,59.91],[-65.03,59.77],[-65.36,59.81],[-65.48,59.69],[-65.41,59.54],[-65.04,59.39],[-65.48,59.47],[-65.41,59.31],[-65.51,59.35],[-65.7,59.21],[-65.38,59.06],[-65.72,59.02],[-65.92,58.91],[-65.85,58.85],[-66.04,58.82],[-65.92,58.57],[-66.0,58.43],[-66.09,58.66],[-66.36,58.79],[-66.72,58.49],[-67.57,58.21],[-67.68,57.99],[-67.76,58.4],[-68.06,58.14],[-67.89,58.3],[-68.02,58.49],[-68.41,58.05],[-69.04,57.9],[-68.36,58.16],[-68.23,58.48],[-68.38,58.74],[-68.7,58.9],[-69.27,58.88],[-69.79,58.69],[-70.15,58.76],[-69.78,58.96],[-69.65,58.82],[-69.53,58.87],[-69.34,59.3],[-69.68,59.34],[-69.58,59.68],[-69.73,59.92],[-70.65,60.03],[-69.67,60.08],[-69.63,60.2],[-69.75,60.49],[-69.64,60.69],[-69.4,60.85],[-69.5,61.04],[-69.99,60.86],[-70.28,61.07],[-71.42,61.16],[-71.74,61.34],[-71.65,61.41],[-71.85,61.44],[-71.64,61.62],[-71.87,61.69],[-72.22,61.59],[-72.04,61.68],[-72.23,61.83],[-72.51,61.92],[-72.77,61.84],[-72.63,62.03],[-72.69,62.12],[-72.88,62.13],[-73.71,62.47],[-74.65,62.21],[-74.63,62.12],[-75.34,62.31],[-75.79,62.18],[-75.68,62.25],[-77.37,62.57],[-78.07,62.36],[-78.15,62.21],[-78.02,61.83],[-77.51,61.56],[-77.74,61.44],[-77.77,61.16],[-78.18,60.82],[-77.6,60.83],[-77.79,60.64],[-77.5,60.54],[-77.68,60.43],[-77.45,60.15],[-77.59,60.09],[-77.29,60.02],[-77.37,59.93],[-77.33,59.8],[-77.49,59.68],[-77.35,59.58],[-77.73,59.68],[-77.86,59.48],[-77.76,59.38],[-78.43,58.9],[-78.52,58.68],[-77.16,58.02],[-76.89,57.76],[-76.57,57.18],[-76.55,56.36],[-76.76,56.0],[-77.78,55.29],[-79.71,54.67],[-79.36,54.26],[-79.14,54.16],[-79.24,54.1],[-79.0,54.0],[-79.08,53.93],[-78.95,53.83],[-79.04,53.82],[-79.1,53.66],[-78.9,53.04],[-78.72,52.86],[-78.74,52.66],[-78.45,52.26],[-78.98,51.77],[-78.73,51.5],[-78.9,51.2],[-79.04,51.46],[-79.34,51.63],[-79.64,51.41],[-79.74,51.19],[-79.35,50.76],[-79.84,51.17],[-80.1,51.28],[-80.48,51.31],[-80.85,51.12],[-80.44,51.39],[-80.59,51.67],[-80.97,51.97],[-81.47,52.2],[-81.83,52.22],[-81.61,52.32],[-81.6,52.43],[-82.29,53.03],[-82.16,53.26],[-82.14,53.82],[-82.42,54.24],[-82.22,54.81],[-82.39,55.07],[-82.99,55.23],[-83.91,55.31],[-85.06,55.29],[-85.37,55.08],[-85.22,55.35],[-85.68,55.6],[-87.48,56.02],[-88.08,56.47],[-88.83,56.81],[-90.59,57.22],[-91.11,57.24],[-92.8,56.92],[-92.43,57.32],[-93.18,58.73],[-94.12,58.74],[-94.33,58.3],[-94.29,58.72],[-94.96,59.07],[-94.79,59.27],[-94.79,59.95],[-94.65,60.42],[-94.76,60.5],[-94.51,60.6],[-94.07,61.14],[-94.08,61.3],[-93.89,61.34],[-93.91,61.48],[-93.31,61.77],[-93.58,61.94],[-93.33,61.93],[-93.27,61.96],[-93.35,62.03],[-93.07,62.06],[-93.07,62.15],[-92.91,62.22],[-93.21,62.36],[-92.53,62.17],[-92.77,62.38],[-92.55,62.55],[-91.94,62.59],[-92.31,62.71],[-92.36,62.82],[-91.45,62.8],[-90.78,62.97],[-90.7,63.06],[-90.71,63.3],[-90.97,63.44],[-91.84,63.7],[-92.47,63.56],[-92.16,63.69],[-93.38,63.95],[-93.27,63.84],[-93.56,63.87],[-93.66,63.94],[-93.6,64.04],[-93.7,64.15],[-92.34,63.79],[-91.98,63.82],[-90.95,63.59],[-90.25,63.64],[-90.01,63.8],[-90.17,63.98],[-89.86,63.96],[-90.04,64.14],[-89.81,64.18],[-89.62,64.03],[-89.13,63.97],[-89.2,64.11],[-88.82,63.99],[-88.11,64.18],[-87.0,65.11],[-87.03,65.2],[-87.39,65.26],[-88.97,65.35],[-89.92,65.78],[-90.98,65.92],[-91.04,65.83],[-91.43,65.95],[-89.89,65.87],[-89.94,65.93],[-89.75,65.94],[-88.74,65.68],[-87.97,65.35],[-87.45,65.34],[-87.08,65.44],[-85.96,66.12],[-86.69,66.36],[-86.71,66.52],[-85.6,66.57],[-85.1,66.33],[-84.48,66.18],[-84.32,66.29],[-83.8,66.24],[-84.22,66.68],[-84.64,66.9],[-85.11,66.89],[-84.85,67.03],[-84.54,66.97],[-84.21,66.74],[-84.0,66.73],[-83.52,66.37],[-82.64,66.59],[-81.93,66.97],[-81.47,67.07],[-81.39,67.19],[-81.29,67.5],[-82.06,67.93],[-82.01,68.19],[-82.22,68.15],[-82.55,68.45],[-81.91,68.46],[-81.28,68.66],[-81.26,68.78],[-81.38,68.85],[-81.96,68.88],[-81.32,69.14],[-81.73,69.26],[-82.23,69.25],[-82.31,69.41],[-82.75,69.49],[-82.37,69.64],[-82.62,69.69],[-83.67,69.7],[-84.32,69.84],[-85.51,69.85],[-85.39,69.23],[-84.86,69.07],[-85.11,68.84],[-84.87,68.77],[-85.49,68.77],[-85.69,68.67],[-85.95,68.07],[-86.4,67.8],[-86.56,67.48],[-87.36,67.18],[-87.5,67.36],[-88.2,67.77],[-88.31,67.95],[-88.35,68.29],[-87.83,68.3],[-88.04,68.81],[-89.06,69.27],[-89.28,69.26],[-89.67,69.01],[-89.9,68.49],[-90.25,68.27],[-90.57,68.47],[-90.48,68.88],[-90.74,69.11],[-91.24,69.29],[-90.89,69.27],[-90.68,69.43],[-90.42,69.46],[-91.44,69.53],[-91.2,69.64],[-91.91,69.53],[-92.31,69.67],[-92.89,69.67],[-91.98,70.04],[-92.51,70.1],[-92.32,70.24],[-91.86,70.13],[-91.56,70.18],[-91.76,70.33],[-92.05,70.3],[-92.36,70.63],[-92.98,70.85],[-92.88,71.07],[-93.03,71.34],[-93.76,71.64],[-93.75,71.74],[-94.31,71.76],[-94.61,71.99],[-95.2,71.9],[-95.87,71.57],[-95.41,71.49],[-95.56,71.34],[-96.06,71.41],[-96.45,71.24],[-96.55,70.81],[-96.26,70.64],[-95.89,70.69],[-95.99,70.62],[-95.88,70.55],[-96.3,70.51],[-96.55,70.33],[-96.55,70.21],[-95.96,69.8],[-94.82,69.58],[-94.63,69.65],[-94.27,69.46],[-93.53,69.48],[-93.54,69.38],[-93.43,69.38],[-93.75,69.23],[-93.82,69.25],[-93.62,69.42],[-94.25,69.31],[-94.26,69.15],[-94.08,69.12],[-94.56,68.91],[-94.6,68.8],[-94.06,68.78],[-93.85,69.0],[-93.68,68.89],[-93.64,68.63],[-93.45,68.62],[-94.74,68.07],[-95.46,68.02],[-95.65,67.74],[-95.46,67.61],[-95.26,67.26],[-95.4,66.95],[-96.04,66.94],[-95.74,66.69],[-95.79,66.62],[-96.42,67.05],[-95.42,67.01],[-95.42,67.16],[-95.78,67.18],[-95.72,67.32],[-96.14,67.27],[-96.37,67.51],[-95.97,68.25],[-96.72,68.04],[-96.43,68.31],[-96.98,68.26],[-97.34,68.48],[-97.83,68.53],[-97.94,68.51],[-97.79,68.39],[-98.65,68.36],[-98.38,68.13],[-98.5,68.12],[-98.19,67.92],[-97.55,67.96],[-97.21,67.86],[-97.16,67.73],[-97.61,67.63],[-98.63,68.07],[-98.7,67.97],[-98.41,67.81],[-99.03,67.72],[-100.21,67.84],[-101.55,67.69],[-102.32,67.74],[-103.47,68.12],[-104.49,68.06],[-104.66,68.15],[-104.65,68.23],[-105.38,68.41],[-105.69,68.83],[-106.16,68.92],[-108.35,68.6],[-108.72,68.3],[-108.32,68.15],[-107.73,68.17],[-107.74,68.29],[-107.62,68.33],[-106.61,68.36],[-106.46,68.52],[-105.93,68.64],[-105.75,68.59],[-105.93,68.44],[-106.4,68.32],[-106.42,68.2],[-107.8,68.04],[-107.76,67.91],[-107.96,67.82],[-107.95,67.7],[-107.65,67.51],[-107.57,67.27],[-107.28,67.1],[-107.35,67.05],[-107.16,66.88],[-107.75,66.96],[-107.71,66.74],[-107.26,66.4],[-108.5,67.09],[-107.99,67.1],[-107.91,67.16],[-107.99,67.26],[-108.61,67.6],[-108.85,67.42],[-109.04,67.69],[-109.63,67.73],[-110.07,67.99],[-110.99,67.79],[-112.5,67.68],[-115.13,67.82],[-115.43,67.9],[-114.77,68.27],[-114.1,68.27],[-113.96,68.4],[-114.62,68.75],[-115.44,68.94],[-116.24,68.97],[-116.06,68.84],[-117.23,68.91],[-118.87,69.26],[-120.14,69.38],[-120.96,69.66],[-121.74,69.8],[-123.03,69.81],[-123.21,69.54],[-123.53,69.39],[-124.34,69.36],[-124.48,69.43],[-124.12,69.69],[-124.41,69.77],[-124.44,70.11],[-124.56,70.15],[-124.99,70.03],[-124.77,69.99],[-125.2,69.83],[-125.35,69.66],[-125.17,69.43],[-125.73,69.38],[-126.61,69.73],[-127.23,70.3],[-127.99,70.57],[-128.17,70.42],[-127.68,70.26],[-128.28,70.11],[-128.39,69.96],[-128.85,69.75],[-129.05,69.7],[-129.16,69.8],[-128.9,69.97],[-130.12,69.72],[-130.52,69.57],[-130.97,69.21],[-131.06,69.45],[-131.32,69.36],[-131.34,69.44],[-131.79,69.43],[-131.92,69.29],[-132.72,69.08],[-132.74,68.92],[-132.53,68.88],[-132.71,68.81],[-133.34,68.84],[-133.2,68.74],[-133.42,68.84],[-132.82,69.21],[-132.33,69.31],[-131.94,69.53],[-130.83,69.65],[-129.65,70.0],[-129.54,70.11],[-129.68,70.19],[-129.94,70.09],[-130.67,70.13],[-131.14,69.91],[-131.44,69.92],[-132.16,69.7],[-132.49,69.74],[-132.57,69.7],[-132.4,69.66],[-132.84,69.65],[-133.16,69.43],[-134.17,69.25],[-133.88,69.51],[-134.41,69.68],[-134.46,69.48],[-135.14,69.47],[-135.29,69.31],[-135.69,69.31],[-135.91,69.11],[-135.58,69.03],[-135.92,68.99],[-135.89,68.93],[-135.43,68.84],[-135.26,68.68],[-136.12,68.88],[-136.72,68.89],[-137.87,69.09],[-139.18,69.52],[-141.41,69.65],[-143.22,70.12],[-144.62,69.98],[-145.82,70.16],[-147.71,70.22],[-149.27,70.5],[-151.94,70.45],[-151.77,70.56],[-152.47,70.65],[-152.23,70.81],[-152.3,70.85],[-153.23,70.93],[-154.2,70.8],[-154.79,70.89],[-154.67,70.99],[-155.17,71.1],[-155.58,70.89],[-155.97,70.84],[-156.15,70.93],[-155.58,71.12],[-156.57,71.34],[-156.4,71.4],[-156.47,71.41],[-157.91,70.86],[-159.25,70.75],[-159.34,70.78],[-159.19,70.86],[-159.31,70.88],[-159.68,70.79],[-160.08,70.63],[-159.39,70.52],[-159.81,70.5],[-159.87,70.28],[-160.1,70.33],[-160.01,70.45],[-160.11,70.47],[-159.96,70.57],[-160.12,70.59],[-161.0,70.3],[-162.07,70.16],[-161.76,70.26],[-161.88,70.33],[-162.95,69.76],[-163.16,69.39],[-163.54,69.17],[-164.3,68.94],[-166.21,68.89],[-166.38,68.43],[-166.79,68.36],[-165.39,68.05],[-164.13,67.61],[-163.53,67.1],[-161.72,67.02],[-161.62,66.98],[-161.88,66.8],[-161.86,66.7],[-161.4,66.55],[-160.86,66.67],[-160.36,66.61],[-160.23,66.42],[-161.59,66.46],[-161.91,66.56],[-162.05,66.67],[-162.02,66.78],[-162.36,66.95],[-162.61,66.89],[-162.47,66.74],[-162.19,66.69],[-161.89,66.49],[-161.92,66.41],[-161.83,66.37],[-161.12,66.33],[-161.03,66.19],[-161.46,66.28],[-161.93,66.04],[-163.7,66.08],[-164.03,66.22],[-163.89,66.29],[-163.78,66.53],[-163.89,66.58],[-163.64,66.57],[-164.46,66.59],[-165.81,66.29],[-165.56,66.17],[-165.63,66.13],[-166.4,66.14],[-167.07,65.88],[-168.09,65.66],[-167.4,65.42],[-166.16,65.29],[-166.45,65.25],[-166.53,65.15],[-166.93,65.16],[-166.42,64.93],[-166.48,64.73],[-166.14,64.58],[-164.98,64.45],[-163.71,64.59],[-163.14,64.42],[-163.05,64.52],[-163.3,64.61],[-163.2,64.65],[-162.71,64.38],[-161.76,64.82],[-161.47,64.79],[-161.13,64.93],[-160.89,64.8],[-160.84,64.68],[-160.93,64.58],[-161.41,64.53],[-161.49,64.43],[-160.99,64.25],[-160.78,63.82],[-160.93,63.66],[-161.51,63.47],[-162.28,63.53],[-162.62,63.27],[-163.29,63.05],[-163.5,63.11],[-163.74,63.02],[-163.62,63.13],[-163.94,63.25],[-164.41,63.22],[-164.53,63.13],[-164.38,63.03],[-164.68,63.02],[-164.8,62.92],[-164.79,62.62],[-164.59,62.71],[-164.84,62.58],[-164.76,62.5],[-165.19,62.47],[-165.71,62.1],[-165.73,61.96],[-165.61,61.87],[-166.08,61.8],[-165.81,61.7],[-166.17,61.65],[-166.09,61.51],[-165.85,61.54],[-165.86,61.34],[-165.69,61.3],[-165.57,61.1],[-165.38,61.11],[-165.39,61.21],[-165.27,61.27],[-165.34,61.2],[-164.87,61.11],[-165.18,60.97],[-165.11,60.93],[-163.99,60.86],[-163.75,60.97],[-163.59,60.9],[-163.91,60.85],[-163.42,60.76],[-163.73,60.59],[-164.0,60.77],[-164.37,60.59],[-164.27,60.72],[-164.32,60.77],[-164.81,60.89],[-165.35,60.54],[-165.03,60.5],[-165.06,60.41],[-164.66,60.3],[-163.91,59.81],[-162.57,59.99],[-162.53,60.2],[-162.68,60.27],[-162.14,60.69],[-161.95,60.68],[-162.14,60.61],[-162.42,60.28],[-162.24,60.18],[-161.83,59.59],[-162.02,59.28],[-161.98,59.15],[-161.64,59.11],[-161.79,59.02],[-161.72,58.79],[-162.14,58.64],[-161.36,58.67],[-161.25,58.8],[-160.36,59.05],[-159.92,58.82],[-159.67,58.91],[-158.95,58.4],[-158.79,58.44],[-158.86,58.72],[-158.81,58.97],[-158.68,58.93],[-158.42,59.09],[-158.08,58.98],[-158.43,59.0],[-158.5,58.85],[-158.19,58.61],[-157.14,58.88],[-156.81,59.13],[-157.04,58.77],[-156.97,58.74],[-157.52,58.42],[-157.49,58.25],[-157.19,58.19],[-157.56,58.14],[-157.61,58.05],[-157.7,57.68],[-157.46,57.51],[-157.85,57.53],[-158.32,57.3],[-158.66,57.04],[-158.68,56.79],[-158.92,56.88],[-160.3,56.31],[-160.54,56.01],[-160.29,55.81],[-160.71,55.87],[-160.8,55.75],[-161.01,55.89],[-160.9,55.99],[-161.19,55.95],[-161.22,56.02],[-161.7,55.91],[-162.16,55.72],[-162.91,55.2],[-163.28,55.12],[-163.34,54.84],[-163.13,54.92],[-163.12,55.06],[-162.87,54.95],[-162.67,55.0],[-162.63,55.25],[-162.39,55.05],[-162.07,55.14],[-161.52,55.62],[-161.2,55.54],[-161.41,55.54],[-161.46,55.38],[-161.18,55.39],[-160.9,55.51],[-160.5,55.54],[-159.77,55.84],[-159.68,55.82],[-159.66,55.63],[-159.52,55.81],[-158.79,55.99],[-158.59,56.18],[-158.48,56.08],[-158.28,56.2],[-158.55,56.31],[-158.41,56.44],[-157.93,56.52],[-158.08,56.55],[-157.58,56.63],[-157.44,56.79],[-156.63,57.01],[-156.4,57.2],[-156.44,57.36],[-155.78,57.57],[-155.01,58.02],[-154.25,58.16],[-154.21,58.29],[-154.29,58.3],[-153.44,58.75],[-153.33,58.88],[-153.42,58.96],[-154.18,59.16],[-154.09,59.36],[-153.75,59.51],[-153.65,59.65],[-153.41,59.74],[-153.36,59.66],[-153.09,59.71],[-153.02,59.79],[-153.21,59.84],[-152.66,60.0],[-152.66,60.13],[-153.03,60.3],[-152.54,60.27],[-152.26,60.41],[-152.27,60.53],[-151.75,60.75],[-151.78,60.86],[-151.59,60.98],[-150.61,61.3],[-149.98,61.28],[-149.63,61.49],[-149.33,61.5],[-150.05,61.17],[-149.08,60.88],[-150.44,61.02],[-151.32,60.74],[-151.4,60.27],[-151.85,59.78],[-151.45,59.65],[-151.05,59.77],[-151.4,59.52],[-151.85,59.41],[-151.95,59.27],[-151.74,59.19],[-151.17,59.24],[-151.18,59.3],[-150.93,59.25],[-150.61,59.56],[-150.2,59.57],[-149.97,59.69],[-150.01,59.78],[-149.78,59.75],[-149.71,59.92],[-149.6,59.77],[-149.4,60.11],[-149.27,60.0],[-148.43,59.99],[-148.2,60.17],[-148.18,60.39],[-147.96,60.48],[-148.12,60.58],[-148.64,60.49],[-148.3,60.58],[-148.26,60.68],[-148.56,60.83],[-148.34,60.85],[-148.21,61.03],[-148.41,61.01],[-148.34,61.06],[-147.75,61.22],[-147.99,60.95],[-147.81,60.89],[-147.57,60.99],[-147.36,60.91],[-146.58,61.13],[-146.28,61.11],[-146.6,61.05],[-146.64,60.9],[-146.39,60.81],[-146.57,60.73],[-145.67,60.65],[-145.9,60.48],[-145.25,60.38],[-144.69,60.67],[-144.9,60.34],[-144.19,60.15],[-144.09,60.08],[-144.15,60.02],[-142.95,60.1],[-141.67,59.97],[-141.45,60.02],[-141.41,60.12],[-141.29,60.0],[-141.41,59.9],[-140.42,59.71],[-139.43,60.01],[-138.99,59.84],[-139.22,59.82],[-139.29,59.61],[-139.33,59.88],[-139.51,59.95],[-139.58,59.85],[-139.51,59.7],[-139.8,59.55],[-138.51,59.17],[-137.54,58.58],[-136.61,58.24],[-136.08,58.36],[-136.06,58.45],[-136.22,58.6],[-136.48,58.62],[-136.41,58.7],[-136.61,58.81],[-137.06,58.87],[-136.95,58.93],[-136.99,59.03],[-136.23,58.77],[-136.12,58.82],[-136.15,59.05],[-136.02,58.87],[-135.83,58.9],[-136.04,58.82],[-135.86,58.58],[-135.9,58.4],[-135.57,58.41],[-135.09,58.25],[-135.06,58.34],[-135.5,59.2],[-135.4,59.21],[-135.48,59.31],[-135.36,59.42],[-135.13,58.84],[-134.66,58.38],[-134.21,58.23],[-133.88,58.52],[-134.05,58.29],[-134.03,58.07],[-133.72,57.84],[-133.56,57.92],[-133.19,57.88],[-133.54,57.83],[-133.12,57.57],[-133.55,57.7],[-133.65,57.64],[-133.44,57.34],[-133.47,57.17],[-132.82,57.06],[-132.8,56.9],[-132.49,56.77],[-132.48,56.65],[-132.18,56.42],[-131.89,56.24],[-131.55,56.21],[-131.84,56.16],[-132.21,55.75],[-132.12,55.57],[-131.95,55.55],[-131.78,55.88],[-131.03,56.09],[-131.13,55.96],[-130.92,55.74],[-130.86,55.36],[-130.75,55.32],[-131.05,55.16],[-130.85,54.81],[-130.54,54.75],[-130.2,54.95],[-130.22,55.06],[-130.04,55.3],[-130.15,55.65],[-130.03,55.89],[-130.09,55.69],[-129.99,55.36],[-130.05,55.06],[-129.84,55.32],[-129.8,55.56],[-129.7,55.44],[-129.56,55.46],[-130.35,54.66],[-130.43,54.42],[-130.08,54.18],[-129.63,54.23],[-130.04,54.13],[-130.34,53.72],[-129.91,53.55],[-129.56,53.25],[-129.26,53.42],[-129.21,53.64],[-128.96,53.84],[-128.7,53.92],[-128.53,53.86],[-128.76,53.75],[-128.68,53.55],[-128.21,53.48],[-127.93,53.27],[-128.13,53.42],[-128.54,53.42],[-128.91,53.56],[-128.85,53.7],[-129.02,53.69],[-129.17,53.53],[-129.08,53.37],[-128.52,53.14],[-128.37,52.83],[-128.05,52.91],[-128.27,52.36],[-127.94,52.55],[-128.05,52.45],[-128.04,52.32],[-128.36,52.16],[-128.1,51.79],[-127.83,52.25],[-127.07,52.65],[-127.01,52.84],[-126.95,52.72],[-127.19,52.46],[-126.71,52.06],[-127.24,52.4],[-127.44,52.36],[-127.8,52.19],[-127.86,51.99],[-127.73,51.99],[-127.86,51.82],[-127.85,51.67],[-127.67,51.48],[-127.34,51.71],[-126.69,51.7],[-127.42,51.61],[-127.69,51.34],[-127.71,51.15],[-127.06,50.87],[-126.63,50.92],[-126.52,51.06],[-126.52,50.87],[-126.37,50.84],[-126.51,50.68],[-125.9,50.7],[-126.45,50.59],[-126.09,50.5],[-125.64,50.47],[-125.54,50.65],[-125.48,50.5],[-125.06,50.51],[-124.86,50.87],[-124.86,50.64],[-125.06,50.42],[-124.7,49.96],[-124.41,49.78],[-124.14,49.79],[-123.97,49.89],[-123.87,50.07],[-123.95,50.18],[-123.88,50.17],[-123.78,50.09],[-123.9,49.98],[-123.87,49.74],[-123.58,49.68],[-123.82,49.59],[-123.99,49.74],[-124.05,49.66],[-123.95,49.53],[-123.53,49.4],[-123.34,49.46],[-123.19,49.68],[-123.28,49.34],[-122.88,49.4],[-122.95,49.29],[-123.23,49.26],[-123.2,49.15],[-123.08,49.13],[-123.08,48.98],[-122.96,49.07],[-122.83,49.03],[-122.69,48.79],[-122.55,48.76],[-122.5,48.51],[-122.66,48.45],[-122.41,48.29],[-122.52,48.23],[-122.49,48.13],[-122.39,48.08],[-122.42,48.18],[-122.24,48.01],[-122.4,47.78],[-122.35,47.37],[-122.63,47.14],[-123.03,47.14],[-122.83,47.34],[-122.77,47.22],[-122.71,47.32],[-122.58,47.29],[-122.56,47.46],[-122.68,47.61],[-122.52,47.77],[-122.53,47.92],[-123.06,47.45],[-122.92,47.41],[-123.14,47.36],[-123.05,47.55],[-122.66,47.88],[-122.78,48.14],[-122.97,48.07],[-123.16,48.15],[-123.98,48.17],[-124.71,48.38],[-124.66,47.97],[-124.38,47.66],[-124.14,46.95],[-124.11,47.04],[-123.84,46.96],[-124.11,46.86],[-123.89,46.66],[-123.95,46.43],[-124.04,46.61],[-124.07,46.28],[-123.46,46.27],[-123.22,46.15],[-123.99,46.22],[-123.93,45.58],[-124.15,43.69],[-124.29,43.41],[-124.2,43.42],[-124.35,43.34],[-124.54,42.81],[-124.07,41.46],[-124.13,40.97],[-124.36,40.37],[-123.83,39.78],[-123.7,38.91],[-122.91,38.2],[-122.88,38.12],[-122.98,38.23],[-123.0,37.99],[-122.93,38.06],[-122.52,37.83],[-122.48,38.11],[-122.39,38.14],[-121.53,38.06],[-122.31,38.01],[-122.39,37.96],[-122.07,37.48],[-122.3,37.59],[-122.45,37.8],[-122.51,37.77],[-122.5,37.54],[-122.39,37.21],[-122.16,36.99],[-121.81,36.85],[-121.79,36.73],[-121.92,36.57],[-121.88,36.33],[-121.28,35.68],[-120.9,35.43],[-120.86,35.21],[-120.66,35.12],[-120.64,34.58],[-120.48,34.47],[-119.61,34.42],[-119.14,34.11],[-118.51,34.02],[-118.41,33.74],[-118.08,33.72],[-117.47,33.3],[-117.32,33.1],[-117.24,32.66],[-117.14,32.65],[-117.06,32.34],[-116.85,32.0],[-116.62,31.85],[-116.72,31.73],[-116.66,31.56],[-116.33,31.2],[-116.3,30.97],[-116.06,30.8],[-116.0,30.41],[-115.82,30.3],[-115.81,29.96],[-115.67,29.76],[-114.94,29.35],[-114.05,28.43],[-114.27,27.93],[-114.16,27.92],[-114.07,27.68],[-114.3,27.78],[-114.3,27.87],[-114.57,27.78],[-115.04,27.84],[-114.99,27.74],[-114.54,27.43],[-114.45,27.22],[-113.84,26.97],[-113.6,26.72],[-113.27,26.79],[-113.16,26.95],[-113.02,26.58],[-112.38,26.21],[-112.07,25.57],[-112.07,24.84],[-111.8,24.54],[-111.68,24.56],[-110.36,23.6],[-110.01,22.89],[-109.5,23.16],[-109.42,23.48],[-110.26,24.34],[-110.37,24.1],[-110.66,24.34],[-110.73,24.59],[-110.69,24.87],[-111.03,25.53],[-111.29,25.79],[-111.57,26.71],[-111.8,26.88],[-111.7,26.58],[-111.86,26.68],[-112.0,27.08],[-112.19,27.19],[-112.33,27.52],[-112.73,27.83],[-112.87,28.42],[-113.09,28.51],[-113.21,28.8],[-113.32,28.81],[-113.38,28.95],[-113.5,28.93],[-113.76,29.37],[-114.55,30.02],[-114.7,30.77],[-114.88,31.16],[-114.79,31.65],[-114.93,31.9],[-114.15,31.51],[-114.0,31.53],[-113.95,31.63],[-113.76,31.56],[-113.62,31.35],[-113.05,31.18],[-113.12,31.05],[-113.06,30.65],[-112.38,29.35],[-112.22,29.27],[-112.16,29.02],[-111.12,27.97],[-110.53,27.86],[-110.62,27.65],[-110.48,27.32],[-110.28,27.16],[-109.94,27.08],[-109.75,26.7],[-109.48,26.71],[-109.28,26.53],[-109.12,26.25],[-109.2,26.31],[-109.43,26.03],[-109.38,25.73],[-109.2,25.59],[-108.89,25.73],[-109.07,25.55],[-109.03,25.48],[-108.79,25.54],[-108.7,25.38],[-108.05,25.07],[-108.28,25.08],[-107.95,24.61],[-107.51,24.49],[-107.53,24.36],[-107.76,24.47],[-106.94,23.88],[-106.4,23.2],[-105.79,22.63],[-105.65,22.33],[-105.65,21.99],[-105.43,21.62],[-105.21,21.49],[-105.24,21.12],[-105.51,20.81],[-105.33,20.75],[-105.26,20.58],[-105.67,20.39],[-105.48,19.98],[-104.94,19.31],[-103.91,18.83],[-103.44,18.33],[-102.7,18.06],[-101.92,17.96],[-101.6,17.65],[-100.85,17.2],[-99.69,16.72],[-98.76,16.53],[-98.52,16.3],[-98.14,16.21],[-97.75,15.97],[-97.18,15.91],[-96.51,15.65],[-95.46,15.97],[-95.13,16.18],[-94.8,16.21],[-95.02,16.28],[-94.9,16.42],[-94.79,16.29],[-94.62,16.35],[-94.66,16.2],[-94.0,16.02],[-94.43,16.23],[-94.37,16.28],[-93.92,16.05],[-92.81,15.14],[-92.26,14.57],[-91.38,13.99],[-90.48,13.9],[-89.8,13.56],[-89.28,13.48],[-88.51,13.18],[-88.69,13.28],[-88.02,13.17],[-87.82,13.29],[-87.81,13.4],[-87.49,13.35],[-87.34,12.95],[-87.59,13.04],[-87.67,12.9],[-86.85,12.25],[-86.47,11.74],[-85.75,11.09],[-85.75,10.99],[-85.91,10.9],[-85.67,10.75],[-85.66,10.64],[-85.85,10.29],[-85.62,9.9],[-85.31,9.81],[-85.08,9.6],[-84.89,9.82],[-85.24,10.11],[-85.24,10.24],[-84.71,9.9],[-84.58,9.57],[-84.22,9.46],[-83.74,9.15],[-83.61,8.8],[-83.73,8.61],[-83.6,8.48],[-83.29,8.41],[-83.47,8.71],[-83.29,8.66],[-82.88,8.07],[-82.87,8.25],[-82.68,8.32],[-82.24,8.31],[-82.16,8.19],[-81.73,8.14],[-81.5,7.72],[-81.27,7.63],[-81.06,7.9],[-80.85,7.22],[-80.44,7.27],[-80.29,7.43],[-80.01,7.5],[-80.46,8.08],[-80.46,8.21],[-79.75,8.6],[-79.82,8.64],[-79.69,8.85],[-79.44,9.01],[-78.96,8.93],[-78.51,8.63],[-78.41,8.36],[-78.4,8.51],[-78.22,8.4],[-78.1,8.5],[-77.76,8.13],[-78.14,8.39],[-78.28,8.25],[-78.29,8.09],[-78.42,8.06],[-78.17,7.54],[-77.37,6.58],[-77.47,6.18],[-77.25,5.78],[-77.53,5.54],[-77.37,5.32],[-77.29,4.72],[-77.35,4.4],[-77.52,4.21],[-77.41,4.25],[-77.36,3.94],[-77.28,4.06],[-77.26,3.89],[-77.08,3.91],[-77.36,3.35],[-77.56,3.08],[-77.69,3.04],[-77.67,2.88],[-77.81,2.72],[-78.07,2.51],[-78.42,2.48],[-78.59,2.36],[-78.58,1.77],[-78.79,1.85],[-79.03,1.62],[-78.86,1.46],[-78.9,1.21],[-79.74,0.98],[-80.09,0.78],[-80.05,0.16],[-80.48,-0.37],[-80.28,-0.62],[-80.46,-0.59],[-80.55,-0.85],[-80.9,-1.08],[-80.76,-1.93],[-80.77,-2.08],[-80.96,-2.19],[-80.28,-2.71],[-80.01,-2.35],[-80.03,-2.56],[-79.93,-2.55],[-79.84,-2.07],[-79.73,-2.58],[-80.03,-3.23],[-80.8,-3.73],[-81.23,-4.23],[-81.34,-4.67],[-80.88,-5.64],[-80.93,-5.84],[-81.16,-5.88],[-81.14,-6.06],[-79.99,-6.77],[-79.62,-7.3],[-79.38,-7.84],[-78.76,-8.62],[-78.19,-10.09],[-77.74,-10.84],[-77.63,-11.29],[-77.22,-11.66],[-77.15,-12.06],[-76.83,-12.35],[-76.22,-13.37],[-76.26,-13.8],[-76.38,-13.86],[-75.93,-14.63],[-75.53,-14.9],[-75.1,-15.41],[-73.73,-16.2],[-72.47,-16.71],[-72.11,-17.0],[-71.53,-17.29],[-71.4,-17.42],[-71.34,-17.68],[-70.36,-18.4],[-70.15,-19.81],[-70.2,-20.73],[-70.09,-21.49],[-70.33,-22.85],[-70.56,-23.06],[-70.59,-23.26],[-70.39,-23.57],[-70.51,-23.89],[-70.57,-24.64],[-70.45,-25.25],[-70.71,-25.78],[-70.65,-26.33],[-71.19,-28.38],[-71.52,-28.93],[-71.32,-29.65],[-71.4,-30.14],[-71.67,-30.33],[-71.71,-30.63],[-71.51,-32.21],[-71.42,-32.39],[-71.45,-32.66],[-71.74,-33.1],[-71.66,-33.65],[-72.0,-34.17],[-72.22,-35.1],[-72.62,-35.59],[-72.59,-35.76],[-72.78,-35.98],[-73.01,-36.64],[-73.12,-36.69],[-73.22,-37.17],[-73.6,-37.19],[-73.66,-37.34],[-73.66,-37.7],[-73.46,-38.04],[-73.52,-38.51],[-73.23,-39.22],[-73.41,-39.79],[-73.67,-39.96],[-73.97,-41.12],[-73.81,-41.52],[-73.62,-41.58],[-73.74,-41.74],[-73.62,-41.77],[-73.24,-41.78],[-72.95,-41.51],[-72.54,-41.69],[-72.32,-41.5],[-72.36,-41.65],[-72.66,-41.74],[-72.82,-41.91],[-72.74,-41.99],[-72.5,-41.98],[-72.41,-42.39],[-72.63,-42.2],[-72.77,-42.26],[-72.63,-42.51],[-72.77,-42.51],[-72.85,-42.67],[-72.76,-43.04],[-72.88,-43.05],[-73.08,-43.32],[-73.0,-43.63],[-73.07,-43.86],[-73.22,-43.9],[-73.27,-44.17],[-72.66,-44.44],[-72.68,-44.59],[-72.74,-44.73],[-73.36,-44.98],[-73.4,-45.1],[-73.44,-45.24],[-73.23,-45.26],[-72.93,-45.45],[-73.27,-45.35],[-73.73,-45.48],[-73.76,-45.7],[-73.59,-45.78],[-73.59,-45.9],[-73.66,-46.3],[-73.85,-46.57],[-73.95,-46.53],[-73.71,-46.07],[-73.74,-45.81],[-73.88,-45.85],[-73.97,-46.15],[-74.39,-46.22],[-74.02,-46.06],[-74.06,-45.95],[-73.83,-45.45],[-73.96,-45.4],[-74.12,-45.5],[-74.08,-45.68],[-74.16,-45.77],[-75.07,-45.87],[-75.07,-46.0],[-74.92,-46.16],[-75.71,-46.71],[-75.64,-46.86],[-75.43,-46.93],[-75.39,-46.86],[-75.54,-46.7],[-74.98,-46.51],[-75.01,-46.74],[-74.51,-46.89],[-74.45,-46.77],[-74.31,-46.79],[-74.15,-46.97],[-74.16,-47.18],[-74.48,-47.43],[-74.13,-47.59],[-74.24,-47.68],[-74.53,-47.57],[-74.65,-47.7],[-74.23,-47.97],[-73.94,-47.93],[-73.72,-47.66],[-73.61,-47.99],[-73.39,-48.15],[-73.53,-48.2],[-73.85,-48.04],[-74.58,-48.0],[-74.47,-48.46],[-74.01,-48.48],[-74.34,-48.6],[-74.37,-49.4],[-74.22,-49.5],[-74.03,-49.03],[-73.93,-49.02],[-74.09,-49.43],[-73.84,-49.61],[-74.29,-49.6],[-74.32,-49.78],[-73.96,-49.99],[-74.33,-49.97],[-74.63,-50.19],[-73.95,-50.51],[-74.19,-50.49],[-74.2,-50.61],[-73.98,-50.83],[-73.65,-50.49],[-73.62,-50.65],[-73.74,-50.7],[-73.81,-50.94],[-74.14,-50.82],[-74.37,-50.49],[-74.64,-50.36],[-74.78,-50.47],[-74.69,-50.66],[-75.09,-50.68],[-74.81,-51.06],[-73.94,-51.27],[-73.93,-51.62],[-74.07,-51.58],[-74.2,-51.68],[-73.75,-51.8],[-73.52,-52.04],[-73.38,-52.07],[-72.6,-51.8],[-72.65,-51.7],[-73.17,-51.45],[-72.54,-51.71],[-72.49,-51.85],[-72.62,-52.01],[-72.52,-52.26],[-72.71,-52.36],[-72.57,-52.2],[-72.8,-51.95],[-73.26,-52.16],[-73.68,-52.08],[-73.7,-52.2],[-73.83,-52.23],[-74.3,-52.12],[-74.15,-52.38],[-74.04,-52.4],[-74.01,-52.64],[-73.59,-52.69],[-73.24,-52.62],[-73.12,-52.49],[-73.07,-52.54],[-73.24,-52.71],[-73.65,-52.84],[-73.34,-53.05],[-73.12,-53.07],[-72.71,-52.54],[-72.44,-52.63],[-72.23,-52.52],[-71.51,-52.61],[-72.12,-52.65],[-72.45,-52.81],[-72.73,-52.76],[-72.89,-52.87],[-72.92,-53.12],[-73.05,-53.24],[-72.55,-53.46],[-72.49,-53.29],[-72.28,-53.13],[-71.39,-52.76],[-71.23,-52.81],[-71.16,-52.89],[-71.29,-53.03],[-71.74,-53.23],[-71.79,-53.48],[-71.89,-53.52],[-71.83,-53.4],[-71.94,-53.23],[-72.31,-53.25],[-72.41,-53.35],[-72.17,-53.63],[-71.3,-53.88],[-71.0,-53.78],[-70.98,-53.37],[-70.8,-52.77],[-69.62,-52.46],[-69.45,-52.27],[-69.24,-52.21],[-68.39,-52.31],[-68.97,-51.68],[-69.47,-51.58],[-69.06,-51.55],[-69.2,-50.99],[-69.36,-51.03],[-69.15,-50.86],[-68.94,-50.38],[-68.42,-50.16],[-68.6,-50.01],[-68.98,-50.0],[-68.66,-49.94],[-68.67,-49.75],[-68.26,-50.1],[-67.91,-49.98],[-67.78,-49.86],[-67.68,-49.25],[-67.47,-48.95],[-65.81,-47.94],[-65.93,-47.83],[-66.23,-47.83],[-65.89,-47.7],[-65.78,-47.57],[-65.74,-47.34],[-65.85,-47.16],[-66.78,-47.01],[-67.51,-46.44],[-67.6,-46.05],[-66.94,-45.26],[-66.19,-44.96],[-65.64,-45.01],[-65.65,-44.66],[-65.36,-44.48],[-65.27,-44.28],[-65.25,-43.57],[-64.84,-43.19],[-64.32,-42.97],[-65.03,-42.76],[-64.97,-42.67],[-64.49,-42.51],[-64.03,-42.88],[-63.69,-42.81],[-63.62,-42.7],[-63.63,-42.28],[-63.8,-42.11],[-64.23,-42.22],[-64.06,-42.27],[-64.1,-42.4],[-64.42,-42.43],[-64.57,-42.42],[-64.54,-42.25],[-64.99,-42.1],[-65.15,-41.11],[-65.07,-40.81],[-64.87,-40.74],[-64.85,-40.81],[-63.62,-41.16],[-62.96,-41.11],[-62.4,-40.89],[-62.25,-40.67],[-62.39,-40.46],[-62.4,-40.2],[-62.29,-39.9],[-62.13,-39.83],[-62.08,-39.46],[-62.18,-39.38],[-62.05,-39.37],[-62.3,-39.24],[-62.33,-38.8],[-61.85,-38.96],[-61.11,-38.99],[-59.83,-38.84],[-58.18,-38.44],[-57.55,-38.09],[-57.4,-37.74],[-56.73,-36.96],[-56.72,-36.39],[-57.08,-36.3],[-57.38,-35.9],[-57.35,-35.72],[-57.16,-35.51],[-57.17,-35.36],[-57.55,-35.02],[-58.28,-34.68],[-58.53,-34.3],[-58.39,-34.19],[-58.55,-33.66],[-58.42,-33.11],[-58.25,-33.08],[-58.17,-32.96],[-58.2,-32.47],[-58.09,-32.97],[-58.36,-33.18],[-58.44,-33.72],[-58.4,-33.91],[-57.83,-34.48],[-57.17,-34.45],[-56.86,-34.68],[-56.19,-34.91],[-55.67,-34.78],[-54.9,-34.93],[-54.17,-34.67],[-53.79,-34.38],[-53.42,-33.78],[-52.65,-33.14],[-52.13,-32.17],[-52.19,-31.89],[-51.97,-31.38],[-51.51,-31.1],[-51.36,-30.67],[-51.28,-30.75],[-51.16,-30.36],[-51.28,-30.24],[-51.3,-30.03],[-51.02,-30.37],[-50.56,-30.25],[-50.58,-30.44],[-50.72,-30.43],[-50.69,-30.7],[-50.94,-30.9],[-50.98,-31.09],[-51.16,-31.12],[-51.27,-31.48],[-51.68,-31.77],[-51.89,-31.87],[-52.06,-31.83],[-52.04,-32.11],[-50.92,-31.26],[-50.3,-30.43],[-49.75,-29.36],[-49.27,-28.87],[-48.8,-28.58],[-48.62,-28.08],[-48.64,-27.56],[-48.55,-27.2],[-48.68,-26.7],[-48.65,-26.41],[-48.75,-26.27],[-48.62,-26.18],[-48.58,-25.94],[-48.67,-25.84],[-48.55,-25.82],[-48.4,-25.6],[-48.69,-25.49],[-48.73,-25.37],[-48.48,-25.44],[-48.4,-25.27],[-48.19,-25.31],[-48.2,-25.42],[-47.93,-25.17],[-47.91,-25.07],[-47.99,-25.04],[-46.87,-24.24],[-45.97,-23.8],[-45.46,-23.8],[-45.33,-23.6],[-44.57,-23.27],[-44.67,-23.21],[-44.64,-23.06],[-43.87,-22.91],[-43.68,-23.01],[-43.97,-23.06],[-43.9,-23.1],[-43.22,-22.99],[-43.24,-22.8],[-43.15,-22.73],[-42.96,-22.97],[-42.04,-22.95],[-41.94,-22.79],[-41.98,-22.58],[-41.71,-22.31],[-41.0,-22.0],[-41.05,-21.51],[-40.95,-21.24],[-40.79,-20.91],[-40.4,-20.57],[-40.0,-19.74],[-39.78,-19.57],[-39.65,-18.25],[-39.15,-17.7],[-39.2,-17.18],[-38.88,-15.86],[-39.06,-14.65],[-38.94,-14.03],[-39.01,-14.1],[-39.05,-14.04],[-38.99,-13.62],[-39.09,-13.59],[-38.76,-12.91],[-38.85,-12.79],[-38.69,-12.62],[-38.52,-12.76],[-38.5,-12.96],[-38.4,-12.97],[-38.02,-12.59],[-37.69,-12.1],[-37.36,-11.25],[-37.36,-11.4],[-37.18,-11.07],[-36.77,-10.67],[-36.4,-10.48],[-35.89,-9.85],[-35.89,-9.69],[-35.76,-9.7],[-35.34,-9.23],[-34.83,-7.97],[-34.83,-7.02],[-35.39,-5.25],[-35.55,-5.13],[-35.98,-5.05],[-36.59,-5.1],[-37.17,-4.91],[-37.3,-4.71],[-37.63,-4.59],[-38.05,-4.22],[-38.48,-3.72],[-39.96,-2.86],[-40.47,-2.8],[-41.48,-2.92],[-41.88,-2.75],[-42.25,-2.79],[-42.94,-2.47],[-43.38,-2.38],[-43.46,-2.5],[-43.93,-2.58],[-44.19,-2.81],[-44.11,-2.49],[-44.23,-2.47],[-44.44,-2.94],[-44.72,-3.2],[-44.59,-2.57],[-44.52,-2.41],[-44.38,-2.37],[-44.44,-2.17],[-44.66,-2.37],[-44.76,-2.27],[-44.54,-2.05],[-44.65,-1.75],[-44.78,-1.8],[-44.72,-1.73],[-45.08,-1.47],[-45.33,-1.72],[-45.46,-1.36],[-45.64,-1.35],[-46.22,-1.03],[-46.62,-0.97],[-46.81,-0.78],[-47.4,-0.63],[-47.42,-0.77],[-47.56,-0.67],[-48.12,-0.74],[-48.45,-1.15],[-48.47,-1.39],[-48.35,-1.48],[-48.46,-1.61],[-48.71,-1.49],[-48.99,-1.83],[-49.21,-1.92],[-49.46,-2.5],[-49.64,-2.66],[-49.31,-1.73],[-49.72,-1.93],[-50.0,-1.83],[-50.4,-2.02],[-50.69,-1.76],[-50.92,-1.12],[-50.84,-1.04],[-50.89,-0.94],[-51.95,-1.59],[-52.2,-1.64],[-52.66,-1.55],[-52.23,-1.36],[-51.98,-1.37],[-51.92,-1.18],[-51.72,-1.02],[-51.7,-0.76],[-51.28,-0.09],[-50.76,0.22],[-50.29,0.84],[-49.9,1.16],[-49.96,1.66],[-50.46,1.83],[-50.61,2.1],[-50.71,2.13],[-51.22,4.09],[-51.55,4.31],[-51.65,4.06],[-51.83,4.64],[-52.0,4.35],[-51.96,4.51],[-52.06,4.72],[-52.22,4.86],[-52.32,4.77],[-52.29,4.94],[-52.9,5.43],[-53.45,5.56],[-53.85,5.78],[-54.16,5.36],[-54.05,5.81],[-54.36,5.91],[-54.83,5.99],[-55.83,5.96],[-55.91,5.89],[-55.9,5.7],[-55.94,5.8],[-56.24,5.89],[-56.97,5.99],[-57.18,5.53],[-57.23,6.18],[-57.54,6.33],[-57.98,6.79],[-58.41,6.85],[-58.67,6.39],[-58.48,7.33],[-58.81,7.74],[-59.2,8.07],[-60.17,8.62],[-60.8,8.59],[-61.3,8.41],[-61.62,8.6],[-61.25,8.6],[-61.02,9.15],[-60.79,9.36],[-61.01,9.56],[-61.31,9.63],[-61.59,9.89],[-61.77,9.81],[-61.74,9.63],[-62.08,9.98],[-62.16,9.98],[-62.15,9.82],[-62.22,9.88],[-62.32,9.78],[-62.55,10.2],[-62.74,10.06],[-62.69,10.29],[-62.91,10.53],[-62.38,10.55],[-61.88,10.74],[-64.3,10.64],[-64.25,10.54],[-63.73,10.5],[-64.19,10.46],[-64.85,10.1],[-65.13,10.07],[-65.85,10.26],[-66.25,10.63],[-68.14,10.49],[-68.3,10.69],[-68.27,10.88],[-68.4,11.16],[-68.83,11.43],[-69.23,11.52],[-69.63,11.48],[-69.86,12.05],[-70.0,12.18],[-70.2,12.1],[-70.29,11.89],[-70.19,11.62],[-69.82,11.67],[-69.8,11.47],[-70.1,11.52],[-70.23,11.37],[-71.47,10.96],[-71.54,10.78],[-71.49,10.53],[-71.05,9.71],[-71.09,9.35],[-71.24,9.16],[-71.62,9.05],[-72.11,9.82],[-71.59,10.66],[-71.73,10.99],[-71.64,11.01],[-71.84,11.19],[-71.96,11.57],[-71.41,11.76],[-71.14,12.05],[-71.26,12.34],[-71.6,12.43],[-72.14,12.19],[-72.28,11.89],[-72.72,11.71],[-73.31,11.3],[-74.14,11.32],[-74.4,10.77],[-74.52,10.86],[-74.33,11.0],[-74.84,11.11],[-75.25,10.78],[-75.45,10.61],[-75.71,10.14],[-75.54,10.21],[-75.68,9.73],[-75.64,9.45],[-76.03,9.37],[-76.28,8.99],[-76.92,8.57],[-76.77,8.31],[-76.79,7.93],[-76.9,7.94],[-76.85,8.09],[-77.83,9.07],[-78.5,9.41],[-78.93,9.43],[-79.11,9.54],[-79.58,9.6],[-80.13,9.21],[-81.06,8.81],[-81.55,8.83],[-81.89,9.14],[-81.78,8.96],[-82.08,8.93],[-82.24,9.03],[-82.19,9.19],[-82.34,9.21],[-82.37,9.43],[-82.78,9.67],[-83.35,10.32],[-83.87,11.3],[-83.65,11.64],[-83.7,11.82],[-83.83,11.86],[-83.77,12.06],[-83.68,12.02],[-83.65,12.29],[-83.75,12.5],[-83.59,12.71],[-83.63,12.46],[-83.51,12.41],[-83.57,13.32],[-83.49,13.74],[-83.19,14.34],[-83.3,14.75],[-83.41,14.83],[-83.34,14.9],[-83.28,14.81],[-83.16,14.99],[-83.37,15.24],[-83.65,15.37],[-83.5,15.22],[-83.76,15.22],[-83.93,15.39],[-84.1,15.4],[-84.11,15.49],[-83.97,15.52],[-83.77,15.41],[-84.26,15.82],[-84.52,15.87],[-84.43,15.83],[-84.56,15.8],[-84.97,15.99],[-85.48,15.9],[-85.99,16.02],[-85.94,15.95],[-86.36,15.78],[-86.91,15.76],[-87.49,15.79],[-87.7,15.91],[-88.13,15.7],[-88.59,15.95],[-88.54,15.85],[-88.6,15.76],[-88.89,15.89],[-88.88,16.02],[-88.31,16.63],[-88.2,17.52],[-88.27,17.61],[-88.09,18.23],[-88.13,18.35],[-88.35,18.36],[-88.2,18.72],[-88.03,18.84],[-88.04,18.48],[-87.88,18.27],[-87.8,18.36],[-87.5,19.29],[-87.66,19.26],[-87.66,19.35],[-87.42,19.58],[-87.65,19.55],[-87.69,19.64],[-87.44,19.86],[-87.42,20.23],[-86.86,20.89],[-86.77,21.15],[-86.82,21.42],[-87.13,21.62],[-87.39,21.55],[-87.19,21.55],[-87.25,21.45],[-88.13,21.62],[-89.89,21.25],[-90.35,21.01],[-90.48,20.56],[-90.49,19.95],[-90.69,19.73],[-90.74,19.35],[-91.46,18.86],[-91.34,18.9],[-91.28,18.62],[-91.6,18.45],[-91.91,18.53],[-91.88,18.64],[-91.97,18.72],[-92.44,18.68],[-92.88,18.47],[-93.55,18.43],[-94.46,18.17],[-94.8,18.51],[-95.18,18.7],[-95.72,18.77],[-95.63,18.69],[-95.92,18.82],[-95.78,18.81],[-96.29,19.34],[-96.46,19.87],[-97.12,20.61],[-97.64,21.6],[-97.75,22.03],[-97.38,21.57],[-97.41,21.27],[-97.31,21.56],[-97.76,22.11],[-97.86,22.62],[-97.75,22.94],[-97.67,24.39],[-97.51,25.01],[-97.16,25.75],[-97.14,26.03],[-97.44,26.49],[-97.55,26.97],[-97.49,27.24],[-97.69,27.29],[-97.77,27.46],[-97.44,27.33],[-97.29,27.67],[-97.43,27.84],[-97.17,27.88],[-97.07,27.99],[-97.03,28.09],[-97.14,28.06],[-97.16,28.14],[-96.84,28.19],[-96.77,28.42],[-96.68,28.34],[-96.42,28.46],[-96.64,28.71],[-96.45,28.59],[-96.01,28.63],[-96.23,28.49],[-95.85,28.64],[-95.27,28.96],[-94.89,29.37],[-95.02,29.7],[-94.74,29.75],[-94.78,29.55],[-94.53,29.55],[-94.76,29.38],[-93.89,29.69],[-93.95,29.81],[-93.84,29.98],[-93.77,29.95],[-93.88,29.81],[-93.83,29.73],[-93.18,29.78],[-92.26,29.56],[-92.08,29.59],[-92.14,29.7],[-91.89,29.84],[-91.51,29.56],[-91.25,29.56],[-91.15,29.32],[-91.29,29.29],[-90.75,29.13],[-90.5,29.3],[-90.14,29.14],[-90.05,29.43],[-90.16,29.54],[-89.44,29.19],[-89.38,28.98],[-89.24,29.08],[-89.16,29.02],[-89.02,29.2],[-89.51,29.42],[-89.72,29.62],[-89.35,29.82],[-89.4,30.05],[-89.63,29.9],[-89.82,30.01],[-89.67,30.12],[-89.74,30.17],[-89.99,30.06],[-90.28,30.07],[-90.41,30.14],[-90.23,30.38],[-89.59,30.17],[-89.32,30.35],[-88.91,30.42],[-88.14,30.37],[-88.01,30.69],[-87.79,30.29],[-88.01,30.23],[-87.62,30.26],[-87.45,30.39],[-87.48,30.29],[-87.28,30.34],[-87.17,30.54],[-87.0,30.57],[-86.99,30.43],[-87.2,30.34],[-86.26,30.49],[-86.12,30.41],[-86.45,30.4],[-85.76,30.17],[-85.6,30.29],[-85.68,30.12],[-85.35,29.88],[-85.31,29.76],[-85.41,29.84],[-85.41,29.77],[-85.32,29.68],[-84.38,29.91],[-84.31,30.06],[-84.04,30.1],[-83.69,29.93],[-82.65,28.89],[-82.66,28.49],[-82.84,27.85],[-82.66,27.72],[-82.64,27.98],[-82.4,27.84],[-82.71,27.5],[-82.29,26.87],[-82.18,26.84],[-82.18,26.94],[-82.01,26.96],[-82.04,26.55],[-81.83,26.69],[-81.96,26.49],[-81.72,25.98],[-81.36,25.83],[-81.11,25.37],[-80.94,25.26],[-81.14,25.31],[-81.11,25.14],[-80.48,25.23],[-80.13,25.83],[-80.05,26.81],[-80.84,28.76],[-80.69,28.58],[-80.69,28.34],[-80.61,28.52],[-80.61,28.18],[-80.46,27.9],[-80.58,28.27],[-80.52,28.49],[-81.25,29.79],[-81.52,30.8],[-81.46,31.13],[-81.29,31.26],[-81.38,31.35],[-81.18,31.53],[-81.26,31.54],[-81.07,31.79],[-81.11,31.88],[-80.92,31.94],[-80.69,32.22],[-80.8,32.45],[-80.58,32.29],[-80.47,32.42],[-80.63,32.51],[-80.36,32.5],[-79.94,32.67],[-79.93,32.81],[-79.8,32.79],[-79.28,33.14],[-79.23,33.4],[-79.19,33.24],[-78.84,33.72],[-78.41,33.92],[-78.01,33.91],[-77.95,34.17],[-77.93,33.94],[-77.75,34.28],[-77.38,34.53],[-77.41,34.73],[-77.3,34.6],[-76.44,34.84],[-76.36,34.94],[-76.46,34.99],[-76.74,34.94],[-76.97,35.03],[-77.07,35.15],[-76.78,34.99],[-76.51,35.27],[-77.04,35.53],[-76.74,35.43],[-76.58,35.53],[-76.49,35.4],[-76.17,35.35],[-75.77,35.65],[-75.76,35.84],[-75.85,35.96],[-76.08,35.69],[-76.07,35.97],[-76.73,35.96],[-76.73,36.23],[-76.56,36.02],[-76.38,36.13],[-76.23,36.12],[-76.27,36.19],[-76.15,36.15],[-76.15,36.28],[-75.82,36.11],[-75.99,36.47],[-75.95,36.66],[-75.53,35.82],[-76.0,36.91],[-76.49,36.9],[-76.67,37.17],[-77.25,37.33],[-76.63,37.22],[-76.4,36.99],[-76.28,37.05],[-76.76,37.51],[-76.45,37.27],[-76.4,37.39],[-76.26,37.36],[-76.27,37.5],[-76.37,37.53],[-76.31,37.57],[-76.55,37.67],[-77.11,38.17],[-76.49,37.68],[-76.34,37.68],[-76.26,37.89],[-76.91,38.2],[-77.05,38.36],[-77.31,38.4],[-77.03,38.89],[-77.23,38.41],[-77.0,38.45],[-76.89,38.29],[-76.87,38.39],[-76.77,38.26],[-76.34,38.09],[-76.67,38.54],[-76.68,38.61],[-76.57,38.44],[-76.39,38.37],[-76.5,38.53],[-76.56,39.07],[-76.47,39.03],[-76.43,39.13],[-76.57,39.27],[-76.42,39.23],[-76.33,39.4],[-76.28,39.32],[-76.25,39.44],[-76.1,39.43],[-76.06,39.56],[-75.87,39.51],[-76.0,39.41],[-75.88,39.38],[-76.07,39.37],[-76.24,39.19],[-76.22,39.06],[-76.14,39.08],[-76.19,38.99],[-76.31,39.01],[-76.33,38.91],[-76.24,38.94],[-76.17,38.85],[-76.34,38.71],[-76.21,38.76],[-76.02,38.63],[-76.26,38.6],[-76.26,38.44],[-76.05,38.28],[-75.86,38.36],[-75.93,38.17],[-75.8,38.09],[-75.85,37.97],[-75.66,37.95],[-75.98,37.4],[-75.93,37.15],[-75.04,38.43],[-75.07,38.58],[-75.19,38.59],[-75.09,38.78],[-75.31,38.97],[-75.57,39.48],[-75.59,39.64],[-75.46,39.78],[-75.07,39.98],[-75.42,39.79],[-75.52,39.49],[-75.14,39.21],[-74.9,39.15],[-74.92,38.94],[-74.43,39.39],[-74.41,39.55],[-74.26,39.61],[-74.06,39.99],[-74.08,39.79],[-73.97,40.4],[-74.26,40.53],[-73.93,40.91],[-73.97,41.25],[-73.87,41.06],[-73.99,40.75],[-73.58,41.02],[-72.92,41.29],[-71.52,41.38],[-71.39,41.8],[-71.27,41.68],[-71.15,41.75],[-71.17,41.49],[-70.7,41.71],[-70.66,41.53],[-69.95,41.68],[-69.98,41.96],[-70.11,42.08],[-70.24,42.09],[-70.0,41.83],[-70.43,41.76],[-70.66,41.99],[-70.74,42.23],[-71.05,42.33],[-70.83,42.55],[-70.61,42.62],[-70.83,42.83],[-70.73,43.07],[-70.2,43.63],[-70.27,43.67],[-70.18,43.77],[-69.97,43.86],[-69.97,43.79],[-69.81,43.77],[-69.8,43.91],[-69.73,43.85],[-69.65,43.99],[-69.62,43.88],[-69.56,43.98],[-69.52,43.9],[-69.23,43.99],[-69.07,44.1],[-68.96,44.43],[-68.76,44.57],[-68.79,44.45],[-68.71,44.44],[-68.81,44.34],[-68.53,44.26],[-68.45,44.51],[-68.37,44.45],[-68.15,44.5],[-68.06,44.38],[-67.84,44.58],[-67.19,44.68],[-66.99,44.83],[-67.11,44.89],[-67.12,45.17],[-66.87,45.07],[-66.44,45.1],[-66.14,45.23],[-66.18,45.34],[-66.03,45.42],[-66.11,45.32],[-65.88,45.22],[-64.78,45.64],[-64.59,45.81],[-64.63,45.95],[-64.48,45.81],[-64.31,45.84],[-64.83,45.48],[-64.87,45.35],[-63.37,45.36],[-64.09,45.22],[-64.18,45.15],[-64.14,45.02],[-64.35,45.14],[-64.33,45.31],[-64.45,45.34],[-64.45,45.26],[-64.9,45.12],[-65.73,44.7],[-65.5,44.76],[-65.62,44.68],[-66.09,44.5],[-66.15,44.44],[-65.87,44.57],[-66.1,44.37],[-66.19,44.14],[-66.13,43.81],[-66.04,43.74],[-65.89,43.8],[-65.74,43.56],[-65.48,43.52],[-64.28,44.33],[-64.29,44.55],[-64.17,44.59],[-64.1,44.49],[-64.0,44.64],[-63.61,44.48],[-63.54,44.54],[-63.6,44.68],[-63.31,44.64],[-61.03,45.29],[-61.46,45.37],[-61.28,45.44],[-61.35,45.57],[-61.49,45.69],[-61.78,45.66],[-61.96,45.87],[-62.48,45.62],[-62.75,45.65],[-62.7,45.74],[-63.29,45.75],[-64.06,46.02],[-63.83,46.11],[-63.92,46.17],[-64.54,46.24],[-64.91,46.89],[-64.83,47.06],[-65.32,47.1],[-64.91,47.37],[-64.7,47.72],[-65.05,47.79],[-65.0,47.85],[-65.61,47.67],[-65.85,47.91],[-66.36,48.06],[-66.7,48.02],[-65.93,48.19],[-65.26,48.02],[-64.35,48.42],[-64.25,48.55],[-64.25,48.69],[-64.51,48.84],[-64.21,48.81],[-64.22,48.87],[-64.57,49.1],[-65.52,49.27],[-66.6,49.13],[-68.82,48.37],[-69.47,47.97],[-70.52,47.03],[-72.11,46.55],[-73.16,46.01],[-73.56,45.43],[-74.71,45.0],[-73.97,45.35],[-74.0,45.43],[-74.32,45.53],[-74.04,45.5],[-73.71,45.71],[-73.48,45.74],[-72.98,46.21],[-71.88,46.69],[-71.27,46.8],[-70.71,47.14],[-69.99,47.74],[-69.78,48.1],[-71.02,48.46],[-69.67,48.2],[-68.93,48.83],[-68.22,49.15],[-68.28,49.2],[-67.37,49.35],[-66.94,49.99],[-66.5,50.21],[-65.27,50.32],[-63.24,50.24],[-62.72,50.3],[-61.92,50.23],[-61.72,50.1],[-60.81,50.25],[-60.08,50.25],[-59.17,50.78],[-58.51,51.3],[-57.46,51.47],[-56.98,51.46],[-55.7,52.14],[-55.69,52.24],[-56.01,52.39],[-55.78,52.36],[-55.75,52.47],[-56.32,52.54],[-55.8,52.64],[-55.89,53.0],[-55.8,53.21],[-55.97,53.47],[-56.52,53.77],[-56.84,53.74],[-57.33,53.47],[-57.52,53.61],[-57.13,53.79],[-57.42,54.16],[-58.31,54.2],[-58.32,54.11],[-57.93,54.1],[-58.65,53.98],[-60.33,53.27],[-60.29,53.39],[-60.1,53.49],[-60.4,53.65],[-60.14,53.6],[-59.82,53.83],[-58.63,54.05],[-58.44,54.23],[-57.7,54.39],[-57.4,54.59],[-57.83,54.72],[-57.96,54.88],[-58.4,54.77],[-58.78,54.84],[-59.0,55.15],[-59.26,55.2],[-59.84,54.81],[-59.44,55.18],[-59.69,55.2],[-59.76,55.31],[-60.62,55.06],[-60.19,55.48],[-60.41,55.65],[-60.34,55.78],[-60.56,55.73],[-60.74,55.94],[-61.09,55.87],[-61.45,56.0],[-61.3,56.05],[-61.36,56.22],[-61.71,56.23],[-61.43,56.36],[-61.94,56.42],[-62.01,56.45],[-61.74,56.53],[-62.5,56.8],[-61.37,56.68],[-61.33,57.01],[-61.98,57.25],[-61.85,57.37],[-61.92,57.42],[-62.5,57.49],[-61.97,57.61],[-61.99,57.77],[-61.9,57.86],[-61.96,57.91],[-62.31,57.97],[-62.49,58.15],[-63.26,58.01],[-62.81,58.2],[-62.59,58.47],[-63.21,58.47],[-63.54,58.33],[-62.87,58.67],[-63.05,58.88],[-63.28,58.87],[-63.25,59.07],[-63.97,59.05],[-63.42,59.19],[-63.54,59.33],[-63.78,59.28],[-63.95,59.38],[-63.75,59.51],[-63.98,59.75]],[[-3.31,59.13],[-3.35,58.99],[-3.2,58.93],[-2.76,58.96],[-3.31,59.13]],[[-3.66,58.61],[-4.43,58.51],[-5.02,58.57],[-5.09,58.38],[-5.01,58.26],[-5.34,58.24],[-5.41,58.07],[-5.16,57.88],[-5.61,57.88],[-5.74,57.67],[-5.58,57.55],[-5.8,57.47],[-5.79,57.38],[-5.56,57.23],[-5.59,57.1],[-5.86,56.9],[-5.73,56.85],[-6.13,56.71],[-5.65,56.53],[-5.19,56.76],[-5.61,56.06],[-5.62,55.81],[-5.5,55.8],[-5.68,55.62],[-5.73,55.33],[-5.56,55.39],[-5.39,55.77],[-5.41,56.0],[-5.08,56.2],[-5.0,56.23],[-5.22,56.07],[-5.23,55.89],[-4.8,56.16],[-4.84,56.05],[-4.58,55.94],[-4.87,55.87],[-4.89,55.7],[-4.68,55.5],[-5.06,54.99],[-5.17,54.99],[-5.03,54.76],[-4.91,54.69],[-4.82,54.85],[-4.52,54.76],[-4.25,54.85],[-3.96,54.78],[-3.55,54.95],[-3.04,54.95],[-3.46,54.77],[-3.59,54.56],[-3.17,54.13],[-2.85,54.14],[-2.9,53.96],[-3.03,53.91],[-3.03,53.77],[-2.93,53.73],[-3.06,53.51],[-2.75,53.31],[-2.92,53.31],[-3.06,53.43],[-3.17,53.39],[-3.1,53.26],[-3.33,53.35],[-3.76,53.31],[-4.27,53.14],[-4.68,52.81],[-4.1,52.92],[-4.08,52.61],[-3.98,52.54],[-4.22,52.28],[-5.18,51.95],[-5.26,51.88],[-5.17,51.74],[-4.9,51.63],[-4.39,51.74],[-4.09,51.66],[-4.23,51.57],[-3.89,51.59],[-3.56,51.41],[-3.29,51.39],[-2.43,51.74],[-3.14,51.21],[-4.19,51.19],[-4.3,51.03],[-4.52,50.98],[-4.58,50.78],[-4.89,50.53],[-5.66,50.08],[-5.12,50.04],[-4.73,50.29],[-4.19,50.39],[-3.68,50.24],[-3.4,50.63],[-3.0,50.72],[-2.04,50.6],[-1.96,50.63],[-2.03,50.73],[-1.33,50.82],[-1.42,50.9],[-0.79,50.77],[0.21,50.76],[0.96,50.93],[1.04,51.05],[1.37,51.16],[1.41,51.36],[0.42,51.47],[0.89,51.57],[0.9,51.69],[0.75,51.73],[1.19,51.8],[1.27,51.85],[1.23,51.97],[1.59,52.12],[1.75,52.47],[1.66,52.75],[1.06,52.96],[0.56,52.97],[0.28,52.81],[0.05,52.91],[0.36,53.16],[0.27,53.34],[-0.29,53.69],[-0.66,53.72],[-0.27,53.74],[0.12,53.61],[-0.21,54.02],[-0.08,54.12],[-0.67,54.5],[-1.23,54.7],[-1.66,55.57],[-2.15,55.9],[-2.6,56.03],[-3.05,55.95],[-3.79,56.1],[-3.36,56.03],[-2.67,56.25],[-2.65,56.32],[-2.89,56.4],[-3.31,56.36],[-2.59,56.56],[-1.78,57.49],[-2.07,57.7],[-3.4,57.71],[-4.13,57.58],[-3.86,57.82],[-4.04,57.85],[-3.99,57.96],[-3.21,58.32],[-3.05,58.62],[-3.66,58.61]],[[8.3,54.91],[8.28,54.77],[8.63,54.89],[8.38,54.9],[8.41,55.06],[8.3,54.91]],[[6.75,53.63],[6.67,53.61],[6.64,53.58],[6.73,53.58],[6.8,53.63],[6.75,53.63]],[[6.16,53.48],[6.19,53.48],[6.33,53.51],[6.29,53.51],[6.17,53.49],[6.16,53.48]],[[5.67,53.45],[5.73,53.44],[5.93,53.46],[5.93,53.46],[5.88,53.48],[5.71,53.47],[5.65,53.47],[5.67,53.45]],[[5.58,53.44],[5.56,53.44],[5.42,53.43],[5.19,53.39],[5.23,53.38],[5.33,53.39],[5.58,53.44]],[[4.91,53.25],[4.92,53.23],[5.11,53.31],[5.03,53.31],[4.91,53.25]],[[-1.14,50.73],[-1.31,50.77],[-1.56,50.67],[-1.25,50.59],[-1.07,50.69],[-1.14,50.73]],[[-56.13,50.02],[-56.15,50.1],[-56.25,50.09],[-56.82,49.61],[-56.73,50.01],[-55.8,51.03],[-55.82,51.19],[-56.0,51.2],[-56.03,51.33],[-55.58,51.39],[-55.5,51.59],[-55.7,51.56],[-55.69,51.47],[-56.03,51.57],[-56.62,51.36],[-57.04,51.01],[-57.05,50.86],[-57.3,50.7],[-57.18,50.61],[-57.43,50.51],[-57.93,49.7],[-57.79,49.49],[-58.02,49.54],[-58.21,49.39],[-58.19,49.26],[-57.98,49.23],[-58.1,49.08],[-57.99,48.99],[-58.4,49.08],[-58.72,48.6],[-58.91,48.65],[-58.84,48.75],[-59.17,48.56],[-58.33,48.52],[-59.34,47.93],[-59.26,47.63],[-58.94,47.58],[-58.34,47.73],[-56.77,47.56],[-55.86,47.82],[-55.87,47.59],[-56.13,47.5],[-55.58,47.47],[-55.43,47.5],[-55.37,47.66],[-54.78,47.66],[-55.19,47.45],[-55.49,47.16],[-55.92,47.02],[-55.95,46.93],[-55.79,46.87],[-55.32,46.91],[-54.86,47.39],[-54.47,47.55],[-54.56,47.38],[-54.49,47.4],[-54.19,47.86],[-53.99,47.76],[-53.85,47.44],[-54.17,46.88],[-54.01,46.84],[-53.6,47.15],[-53.59,46.64],[-53.07,46.68],[-52.65,47.55],[-52.78,47.77],[-52.95,47.55],[-53.12,47.46],[-53.17,47.51],[-53.15,47.73],[-52.87,48.11],[-53.28,48.0],[-53.67,47.65],[-53.86,47.79],[-53.64,48.01],[-53.87,48.02],[-53.57,48.09],[-53.61,48.21],[-53.14,48.4],[-53.03,48.63],[-54.11,48.39],[-53.79,48.53],[-53.71,48.66],[-53.97,48.71],[-53.85,48.81],[-54.16,48.79],[-53.57,49.14],[-53.62,49.32],[-53.96,49.44],[-54.32,49.42],[-54.45,49.33],[-54.5,49.53],[-55.18,49.24],[-55.35,49.08],[-55.23,49.51],[-55.34,49.37],[-55.38,49.49],[-56.09,49.45],[-55.87,49.67],[-56.14,49.62],[-55.5,49.98],[-55.93,50.02],[-56.16,49.94],[-56.13,50.02]],[[-54.14,49.75],[-54.28,49.71],[-54.29,49.6],[-53.98,49.66],[-54.14,49.75]],[[-2.64,49.45],[-2.55,49.43],[-2.51,49.49],[-2.52,49.51],[-2.54,49.51],[-2.65,49.47],[-2.64,49.45]],[[-60.33,46.74],[-60.41,47.0],[-60.57,47.0],[-60.87,46.8],[-61.48,46.06],[-61.41,45.67],[-61.28,45.57],[-60.67,45.59],[-59.84,45.94],[-59.93,46.02],[-59.87,46.16],[-60.23,46.2],[-60.3,46.31],[-60.73,45.96],[-60.46,45.97],[-60.7,45.77],[-61.09,45.75],[-60.87,45.98],[-61.11,45.94],[-60.53,46.21],[-60.33,46.74]],[[-1.28,45.9],[-1.21,45.82],[-1.18,45.9],[-1.39,46.05],[-1.28,45.9]],[[-62.07,46.47],[-63.13,46.42],[-63.68,46.56],[-63.78,46.45],[-64.09,46.78],[-63.99,47.06],[-64.4,46.69],[-64.14,46.6],[-64.11,46.43],[-63.76,46.4],[-63.57,46.21],[-63.21,46.16],[-63.15,46.19],[-63.27,46.2],[-62.98,46.32],[-63.06,46.22],[-62.89,46.12],[-63.02,46.07],[-62.74,45.97],[-62.48,46.0],[-62.53,46.2],[-62.02,46.42],[-62.07,46.47]],[[-56.39,47.07],[-56.35,46.8],[-56.26,46.86],[-56.29,47.07],[-56.39,47.07]],[[-56.21,46.8],[-56.24,46.77],[-56.17,46.75],[-56.15,46.76],[-56.14,46.78],[-56.14,46.8],[-56.15,46.81],[-56.19,46.81],[-56.21,46.8]],[[-61.77,47.26],[-61.91,47.28],[-61.4,47.64],[-61.92,47.43],[-62.01,47.23],[-61.77,47.26]],[[-64.53,47.81],[-64.51,47.89],[-64.66,47.86],[-64.68,47.75],[-64.53,47.81]],[[-64.48,48.01],[-64.5,48.01],[-64.52,48.01],[-64.54,47.98],[-64.59,47.91],[-64.48,47.96],[-64.48,48.01]],[[-61.8,49.09],[-61.7,49.14],[-61.82,49.28],[-62.86,49.71],[-64.13,49.94],[-64.49,49.89],[-63.78,49.6],[-63.57,49.4],[-63.04,49.22],[-61.8,49.09]],[[-9.84,51.48],[-8.81,51.58],[-8.35,51.74],[-8.41,51.89],[-8.06,51.83],[-7.53,52.1],[-7.0,52.17],[-6.97,52.25],[-6.89,52.16],[-6.33,52.25],[-6.46,52.35],[-6.22,52.54],[-6.03,52.93],[-6.14,53.58],[-6.35,53.99],[-5.61,54.27],[-5.56,54.37],[-5.66,54.38],[-5.67,54.55],[-5.48,54.44],[-5.53,54.62],[-5.88,54.64],[-5.72,54.82],[-6.13,55.22],[-6.95,55.18],[-7.18,55.06],[-6.96,55.24],[-7.31,55.37],[-7.3,55.3],[-7.52,55.25],[-7.48,55.05],[-7.66,54.97],[-7.56,55.12],[-7.67,55.26],[-8.27,55.15],[-8.39,55.02],[-8.38,54.89],[-8.76,54.68],[-8.13,54.64],[-8.23,54.51],[-8.62,54.35],[-8.55,54.24],[-10.06,54.26],[-10.09,54.16],[-9.86,54.1],[-9.91,53.86],[-9.58,53.88],[-9.58,53.81],[-9.9,53.73],[-9.91,53.66],[-9.72,53.6],[-10.12,53.55],[-10.09,53.41],[-9.8,53.39],[-9.88,53.34],[-9.63,53.33],[-9.51,53.24],[-8.93,53.21],[-9.3,53.1],[-9.46,52.95],[-9.39,52.9],[-9.46,52.82],[-9.92,52.57],[-9.18,52.63],[-8.99,52.76],[-8.78,52.68],[-9.63,52.55],[-9.91,52.4],[-9.77,52.25],[-10.36,52.21],[-10.39,52.13],[-9.91,52.12],[-10.38,51.87],[-10.34,51.8],[-9.6,51.87],[-10.12,51.6],[-9.52,51.68],[-9.84,51.48]],[[-10.14,54.01],[-10.27,53.98],[-9.95,53.88],[-9.96,53.99],[-10.14,54.01]],[[-4.79,54.07],[-4.61,54.06],[-4.41,54.19],[-4.38,54.39],[-4.51,54.38],[-4.79,54.07]],[[-4.55,53.26],[-4.37,53.13],[-4.05,53.31],[-4.46,53.42],[-4.57,53.39],[-4.55,53.26]],[[-5.19,55.69],[-5.37,55.67],[-5.33,55.48],[-5.11,55.45],[-5.19,55.69]],[[-6.06,55.72],[-6.13,55.93],[-6.41,55.85],[-6.5,55.71],[-6.3,55.78],[-6.25,55.61],[-6.06,55.72]],[[-6.04,55.81],[-5.73,56.12],[-5.94,56.05],[-5.91,55.97],[-6.07,55.89],[-6.04,55.81]],[[-5.84,56.52],[-6.1,56.65],[-6.29,56.61],[-6.31,56.55],[-6.14,56.49],[-6.18,56.36],[-6.33,56.32],[-5.78,56.34],[-5.76,56.49],[-5.84,56.52]],[[-7.5,56.95],[-7.42,56.97],[-7.4,56.98],[-7.41,57.0],[-7.46,57.02],[-7.52,57.01],[-7.54,56.97],[-7.54,56.96],[-7.5,56.95]],[[-6.01,57.05],[-5.67,57.25],[-6.14,57.31],[-6.25,57.65],[-6.75,57.46],[-6.32,57.2],[-6.03,57.2],[-6.01,57.05]],[[-7.25,57.13],[-7.27,57.37],[-7.41,57.38],[-7.38,57.13],[-7.25,57.13]],[[-6.8,57.83],[-6.4,58.04],[-6.55,58.09],[-6.33,58.19],[-6.2,58.36],[-6.22,58.49],[-6.78,58.3],[-6.73,58.19],[-7.09,58.18],[-6.99,58.05],[-7.06,58.0],[-6.86,57.92],[-7.08,57.81],[-6.96,57.75],[-6.8,57.83]],[[-71.09,46.9],[-71.12,46.86],[-71.03,46.87],[-70.91,46.92],[-70.83,47.0],[-70.88,47.0],[-70.97,46.96],[-71.09,46.9]],[[-68.66,44.24],[-68.68,44.26],[-68.69,44.25],[-68.7,44.23],[-68.7,44.18],[-68.66,44.18],[-68.62,44.2],[-68.66,44.24]],[[-68.39,44.28],[-68.19,44.33],[-68.24,44.44],[-68.41,44.36],[-68.39,44.28]],[[-66.25,44.38],[-66.31,44.29],[-66.32,44.26],[-66.27,44.29],[-66.21,44.39],[-66.25,44.38]],[[-71.35,41.54],[-71.36,41.57],[-71.38,41.57],[-71.4,41.52],[-71.39,41.47],[-71.37,41.49],[-71.35,41.54]],[[-70.06,41.33],[-70.23,41.29],[-69.98,41.27],[-70.04,41.4],[-70.06,41.33]],[[-73.11,40.96],[-73.61,40.91],[-73.96,40.73],[-74.01,40.58],[-73.19,40.65],[-71.9,41.06],[-72.58,40.92],[-72.27,41.15],[-72.63,40.99],[-73.11,40.96]],[[-74.25,39.56],[-74.25,39.53],[-74.13,39.68],[-74.11,39.75],[-74.25,39.56]],[[-31.26,39.38],[-31.18,39.36],[-31.14,39.48],[-31.26,39.5],[-31.26,39.38]],[[-27.39,38.77],[-27.3,38.66],[-27.04,38.68],[-27.13,38.79],[-27.39,38.77]],[[-28.15,38.45],[-28.55,38.52],[-28.45,38.41],[-28.06,38.41],[-28.15,38.45]],[[-25.85,37.87],[-25.73,37.76],[-25.44,37.72],[-25.25,37.74],[-25.18,37.84],[-25.85,37.87]],[[-75.49,35.48],[-75.54,35.28],[-75.69,35.22],[-75.51,35.28],[-75.5,35.77],[-75.49,35.48]],[[-75.98,35.12],[-75.96,35.12],[-75.78,35.19],[-75.86,35.17],[-75.98,35.12]],[[-76.62,34.69],[-76.67,34.7],[-76.66,34.68],[-76.61,34.66],[-76.57,34.65],[-76.55,34.65],[-76.62,34.69]],[[-17.24,32.81],[-17.02,32.66],[-16.84,32.65],[-16.69,32.76],[-17.19,32.87],[-17.24,32.81]],[[-13.86,28.87],[-13.48,29.01],[-13.42,29.2],[-13.79,29.06],[-13.86,28.87]],[[-17.74,28.79],[-17.93,28.84],[-18.0,28.76],[-17.86,28.49],[-17.76,28.57],[-17.74,28.79]],[[-14.03,28.62],[-14.23,28.22],[-14.49,28.1],[-14.33,28.06],[-13.93,28.25],[-13.83,28.69],[-13.95,28.74],[-14.03,28.62]],[[-15.4,28.15],[-15.68,28.15],[-15.81,27.89],[-15.66,27.76],[-15.44,27.81],[-15.4,28.15]],[[-16.42,28.15],[-16.33,28.38],[-16.12,28.58],[-16.91,28.34],[-16.66,28.01],[-16.42,28.15]],[[-17.21,28.2],[-17.32,28.12],[-17.23,28.01],[-17.1,28.08],[-17.21,28.2]],[[-77.51,26.85],[-77.21,26.49],[-77.25,26.16],[-77.4,26.02],[-77.25,25.9],[-77.17,26.24],[-77.04,26.33],[-77.07,26.53],[-77.53,26.9],[-77.94,26.9],[-77.51,26.85]],[[-77.92,26.69],[-78.37,26.7],[-78.6,26.8],[-78.71,26.6],[-78.99,26.69],[-78.74,26.5],[-77.92,26.69]],[[-76.75,25.48],[-76.78,25.43],[-76.37,25.31],[-76.16,25.12],[-76.21,24.82],[-76.32,24.82],[-76.17,24.65],[-76.13,25.14],[-76.71,25.56],[-76.75,25.48]],[[-75.74,24.65],[-75.41,24.27],[-75.5,24.14],[-75.3,24.15],[-75.65,24.68],[-75.74,24.65]],[[-77.56,24.14],[-77.62,24.22],[-77.68,24.12],[-77.76,24.16],[-77.66,24.23],[-77.7,24.29],[-78.0,24.22],[-77.77,23.75],[-77.57,23.74],[-77.56,24.14]],[[-74.55,23.97],[-74.51,23.96],[-74.43,24.07],[-74.45,24.13],[-74.47,24.13],[-74.53,24.11],[-74.55,23.97]],[[-78.04,24.29],[-77.75,24.46],[-77.74,24.71],[-77.98,25.08],[-78.16,25.2],[-78.18,24.92],[-78.3,24.75],[-78.24,24.65],[-78.44,24.63],[-78.15,24.49],[-78.04,24.29]],[[-81.74,24.58],[-81.77,24.58],[-81.81,24.56],[-81.81,24.54],[-81.78,24.54],[-81.74,24.55],[-81.74,24.58]],[[-81.14,24.71],[-81.09,24.69],[-81.04,24.72],[-80.99,24.73],[-80.93,24.76],[-81.09,24.73],[-81.14,24.71]],[[-80.79,24.84],[-80.8,24.85],[-80.84,24.82],[-80.85,24.8],[-80.83,24.8],[-80.79,24.82],[-80.79,24.84]],[[-80.61,24.94],[-80.63,24.94],[-80.67,24.9],[-80.64,24.9],[-80.61,24.94]],[[-77.54,25.01],[-77.46,24.99],[-77.35,25.01],[-77.27,25.04],[-77.28,25.06],[-77.33,25.08],[-77.45,25.08],[-77.53,25.06],[-77.56,25.03],[-77.54,25.01]],[[-97.2,26.3],[-97.39,27.2],[-97.4,26.82],[-97.18,26.11],[-97.2,26.3]],[[-96.41,28.34],[-96.4,28.38],[-96.42,28.38],[-96.45,28.34],[-96.52,28.33],[-96.68,28.23],[-96.76,28.2],[-96.8,28.15],[-96.76,28.15],[-96.54,28.28],[-96.41,28.34]],[[-88.94,29.66],[-88.89,29.71],[-88.87,29.75],[-88.9,29.73],[-88.94,29.68],[-88.94,29.66]],[[-88.83,29.81],[-88.81,29.93],[-88.83,30.0],[-88.87,30.06],[-88.83,29.93],[-88.86,29.78],[-88.83,29.81]],[[-88.57,30.23],[-88.72,30.26],[-88.71,30.24],[-88.66,30.23],[-88.57,30.2],[-88.56,30.22],[-88.57,30.23]],[[-88.29,30.23],[-88.16,30.23],[-88.07,30.25],[-88.11,30.27],[-88.26,30.25],[-88.32,30.24],[-88.29,30.23]],[[-91.79,29.5],[-91.75,29.57],[-91.88,29.64],[-92.01,29.61],[-91.79,29.5]],[[-75.78,23.47],[-75.66,23.45],[-76.01,23.67],[-76.04,23.6],[-75.78,23.47]],[[-75.24,23.47],[-75.13,23.27],[-75.22,23.17],[-74.97,23.07],[-74.85,22.87],[-74.85,23.0],[-75.06,23.15],[-75.32,23.67],[-75.24,23.47]],[[-79.85,22.83],[-79.82,22.89],[-80.36,22.94],[-80.65,23.1],[-81.14,23.05],[-81.26,23.16],[-82.35,23.15],[-83.26,22.97],[-84.04,22.67],[-84.36,22.38],[-84.33,22.07],[-84.89,21.86],[-84.5,21.93],[-84.5,21.78],[-84.03,21.94],[-83.9,22.17],[-83.38,22.22],[-82.74,22.69],[-81.84,22.67],[-81.7,22.59],[-81.71,22.5],[-82.08,22.39],[-81.85,22.21],[-81.28,22.11],[-81.19,22.27],[-81.04,22.07],[-80.49,22.12],[-80.23,21.87],[-79.36,21.59],[-78.73,21.59],[-78.58,21.41],[-78.49,21.05],[-78.12,20.76],[-77.23,20.64],[-77.1,20.41],[-77.55,20.08],[-77.72,19.86],[-76.16,19.99],[-75.29,19.89],[-75.15,20.01],[-75.12,19.9],[-74.15,20.17],[-74.17,20.29],[-74.51,20.38],[-74.88,20.65],[-75.72,20.71],[-75.74,20.81],[-75.6,20.84],[-75.66,20.9],[-75.6,20.99],[-75.72,21.11],[-76.87,21.33],[-76.84,21.4],[-77.1,21.59],[-77.25,21.48],[-77.37,21.61],[-77.14,21.64],[-77.5,21.87],[-77.58,21.89],[-77.5,21.79],[-77.64,21.8],[-78.69,22.37],[-79.28,22.41],[-79.85,22.83]],[[-73.98,22.68],[-73.94,22.48],[-74.28,22.18],[-73.84,22.54],[-73.85,22.73],[-73.98,22.68]],[[-77.97,22.24],[-78.0,22.3],[-78.01,22.17],[-77.84,22.15],[-77.97,22.24]],[[-77.76,21.97],[-77.71,21.92],[-77.63,22.05],[-77.92,22.09],[-77.76,21.97]],[[-72.01,21.95],[-72.02,21.92],[-71.98,21.89],[-71.96,21.89],[-71.96,21.86],[-71.9,21.83],[-71.88,21.84],[-71.9,21.86],[-71.93,21.95],[-72.01,21.95]],[[-71.85,21.84],[-71.83,21.79],[-71.72,21.79],[-71.67,21.75],[-71.66,21.77],[-71.64,21.79],[-71.67,21.83],[-71.81,21.85],[-71.85,21.84]],[[-72.14,21.79],[-72.15,21.8],[-72.22,21.8],[-72.33,21.85],[-72.34,21.8],[-72.34,21.76],[-72.3,21.76],[-72.19,21.77],[-72.18,21.78],[-72.14,21.79]],[[-73.06,21.52],[-73.05,21.46],[-72.92,21.51],[-72.99,21.56],[-73.06,21.52]],[[-73.06,21.31],[-73.24,21.15],[-73.52,21.19],[-73.68,21.1],[-73.66,20.94],[-73.16,20.98],[-73.03,21.19],[-73.06,21.31]],[[-73.12,19.9],[-73.44,19.72],[-72.7,19.44],[-72.81,19.07],[-72.35,18.67],[-72.38,18.57],[-72.79,18.43],[-74.28,18.66],[-74.48,18.45],[-74.42,18.35],[-73.88,18.04],[-73.75,18.19],[-73.51,18.25],[-72.88,18.15],[-72.06,18.23],[-71.71,18.01],[-71.63,17.77],[-71.44,17.64],[-71.03,18.27],[-70.64,18.34],[-70.48,18.22],[-69.77,18.44],[-69.27,18.44],[-68.93,18.41],[-68.69,18.21],[-68.36,18.54],[-68.38,18.67],[-68.68,18.9],[-69.62,19.12],[-69.61,19.21],[-69.23,19.27],[-69.74,19.3],[-69.96,19.67],[-70.19,19.64],[-70.95,19.91],[-71.56,19.9],[-71.83,19.7],[-72.64,19.9],[-73.12,19.9]],[[-67.17,18.22],[-67.14,17.97],[-66.25,17.95],[-65.97,17.97],[-65.62,18.24],[-65.63,18.38],[-65.88,18.44],[-67.06,18.52],[-67.26,18.36],[-67.17,18.22]],[[-64.44,18.47],[-64.44,18.46],[-64.42,18.46],[-64.4,18.46],[-64.32,18.52],[-64.43,18.51],[-64.44,18.47]],[[-64.7,18.41],[-64.67,18.4],[-64.59,18.4],[-64.55,18.44],[-64.57,18.45],[-64.65,18.44],[-64.7,18.41]],[[-65.02,18.37],[-64.92,18.32],[-64.85,18.33],[-64.89,18.37],[-64.94,18.39],[-65.02,18.37]],[[-64.77,18.33],[-64.73,18.33],[-64.66,18.35],[-64.75,18.37],[-64.79,18.34],[-64.77,18.33]],[[-63.15,18.2],[-63.16,18.17],[-63.0,18.22],[-62.98,18.26],[-63.03,18.27],[-63.15,18.2]],[[-65.56,18.11],[-65.5,18.1],[-65.43,18.11],[-65.29,18.13],[-65.3,18.14],[-65.37,18.16],[-65.48,18.17],[-65.57,18.14],[-65.56,18.11]],[[-77.16,17.85],[-76.94,17.85],[-76.85,17.97],[-76.52,17.87],[-76.21,17.91],[-76.35,18.15],[-76.96,18.4],[-77.87,18.52],[-78.33,18.35],[-78.29,18.22],[-78.04,18.17],[-77.77,17.88],[-77.36,17.83],[-77.2,17.71],[-77.16,17.85]],[[-87.86,18.15],[-87.9,18.15],[-87.95,18.0],[-87.96,17.96],[-88.0,17.91],[-87.95,17.92],[-87.85,18.14],[-87.86,18.15]],[[-73.07,18.93],[-73.29,18.9],[-72.82,18.71],[-72.8,18.78],[-73.07,18.93]],[[-86.73,21.26],[-86.74,21.28],[-86.75,21.28],[-86.74,21.23],[-86.71,21.2],[-86.7,21.19],[-86.71,21.24],[-86.73,21.26]],[[-82.65,21.52],[-82.57,21.62],[-82.71,21.89],[-82.99,21.94],[-83.08,21.79],[-82.97,21.59],[-83.18,21.62],[-83.14,21.53],[-82.96,21.44],[-82.65,21.52]],[[-91.59,18.78],[-91.82,18.68],[-91.8,18.65],[-91.68,18.68],[-91.65,18.71],[-91.54,18.76],[-91.55,18.77],[-91.59,18.78]],[[-87.93,17.32],[-87.93,17.28],[-87.85,17.42],[-87.8,17.48],[-87.79,17.52],[-87.83,17.55],[-87.83,17.5],[-87.86,17.46],[-87.9,17.43],[-87.93,17.32]],[[-62.62,17.13],[-62.58,17.1],[-62.53,17.12],[-62.53,17.17],[-62.57,17.2],[-62.62,17.2],[-62.62,17.13]],[[-25.11,17.19],[-25.34,17.09],[-25.31,16.94],[-24.98,17.09],[-25.11,17.19]],[[-61.74,17.14],[-61.89,17.1],[-61.86,17.01],[-61.69,17.05],[-61.74,17.14]],[[-24.27,16.64],[-24.39,16.66],[-24.32,16.49],[-24.24,16.6],[-24.03,16.57],[-24.27,16.64]],[[-61.41,16.47],[-61.51,16.48],[-61.52,16.23],[-61.17,16.26],[-61.41,16.47]],[[-22.92,16.24],[-22.96,16.05],[-22.71,16.04],[-22.69,16.17],[-22.92,16.24]],[[-61.67,15.96],[-61.56,16.05],[-61.55,16.27],[-61.75,16.36],[-61.76,16.06],[-61.67,15.96]],[[-86.58,16.3],[-86.42,16.38],[-86.26,16.43],[-86.34,16.44],[-86.44,16.41],[-86.56,16.36],[-86.63,16.3],[-86.58,16.3]],[[-85.96,16.43],[-85.95,16.4],[-85.87,16.46],[-85.84,16.49],[-85.83,16.51],[-85.88,16.51],[-85.92,16.48],[-85.96,16.43]],[[-61.48,15.53],[-61.38,15.23],[-61.28,15.25],[-61.28,15.53],[-61.46,15.63],[-61.48,15.53]],[[-23.75,15.24],[-23.71,14.96],[-23.5,14.92],[-23.44,15.01],[-23.54,15.14],[-23.71,15.32],[-23.75,15.24]],[[-24.33,15.02],[-24.5,14.98],[-24.49,14.87],[-24.31,14.86],[-24.33,15.02]],[[-61.03,14.83],[-61.21,14.85],[-61.14,14.65],[-61.01,14.6],[-61.09,14.51],[-60.84,14.44],[-61.03,14.83]],[[-61.06,13.78],[-60.95,13.72],[-60.9,13.82],[-60.91,14.09],[-61.06,13.92],[-61.06,13.78]],[[-59.64,13.15],[-59.52,13.06],[-59.43,13.15],[-59.59,13.32],[-59.64,13.15]],[[-69.94,12.44],[-69.9,12.42],[-69.9,12.45],[-69.91,12.48],[-69.97,12.57],[-70.04,12.61],[-70.05,12.6],[-70.07,12.55],[-70.0,12.5],[-69.94,12.44]],[[-82.32,9.42],[-82.24,9.33],[-82.23,9.38],[-82.26,9.43],[-82.28,9.43],[-82.32,9.42]],[[-60.8,11.21],[-60.81,11.17],[-60.76,11.18],[-60.55,11.26],[-60.53,11.33],[-60.56,11.32],[-60.71,11.28],[-60.8,11.21]],[[-15.91,11.16],[-15.94,11.19],[-15.95,11.18],[-15.96,11.1],[-15.95,11.09],[-15.96,11.06],[-15.91,11.05],[-15.9,11.08],[-15.91,11.15],[-15.91,11.16]],[[-16.05,11.12],[-16.09,11.2],[-16.24,11.11],[-16.19,11.04],[-16.05,11.12]],[[-63.85,11.13],[-64.03,11.0],[-64.21,11.09],[-64.4,10.98],[-63.92,10.89],[-63.82,11.0],[-63.85,11.13]],[[-65.23,10.93],[-65.3,10.97],[-65.38,10.97],[-65.41,10.94],[-65.37,10.91],[-65.27,10.88],[-65.21,10.91],[-65.23,10.93]],[[-61.46,10.76],[-61.65,10.72],[-61.48,10.6],[-61.5,10.27],[-61.91,10.07],[-61.01,10.13],[-61.03,10.67],[-60.92,10.84],[-61.46,10.76]],[[-60.94,9.13],[-60.94,9.11],[-60.82,9.14],[-60.79,9.18],[-60.74,9.2],[-60.76,9.22],[-60.78,9.22],[-60.82,9.21],[-60.84,9.19],[-60.91,9.18],[-60.94,9.13]],[[-61.07,8.95],[-61.06,8.85],[-60.85,9.0],[-60.92,9.07],[-61.07,8.95]],[[-12.61,7.47],[-12.54,7.41],[-12.5,7.54],[-12.62,7.64],[-12.95,7.57],[-12.61,7.47]],[[8.47,3.26],[8.7,3.22],[8.95,3.63],[8.91,3.76],[8.68,3.74],[8.58,3.48],[8.45,3.42],[8.47,3.26]],[[-50.46,1.91],[-50.3,1.94],[-50.36,2.15],[-50.49,2.13],[-50.46,1.91]],[[-50.11,0.6],[-50.25,0.59],[-50.26,0.36],[-50.04,0.52],[-50.06,0.64],[-50.11,0.6]],[[6.63,0.4],[6.48,0.28],[6.56,0.05],[6.75,0.24],[6.63,0.4]],[[-49.4,0.06],[-49.6,0.06],[-49.83,-0.09],[-49.44,-0.11],[-49.4,0.06]],[[-49.63,-0.23],[-50.25,-0.12],[-50.65,-0.27],[-50.8,-0.91],[-50.71,-1.08],[-50.58,-1.1],[-50.73,-1.13],[-50.76,-1.24],[-50.51,-1.79],[-50.07,-1.7],[-49.81,-1.79],[-49.59,-1.71],[-49.51,-1.51],[-49.23,-1.6],[-49.17,-1.41],[-49.04,-1.51],[-48.83,-1.39],[-48.84,-1.23],[-48.57,-0.89],[-48.39,-0.3],[-49.12,-0.16],[-49.63,-0.23]],[[-51.16,-0.67],[-51.25,-0.54],[-51.55,-0.65],[-51.68,-0.86],[-51.68,-1.09],[-51.94,-1.45],[-51.64,-1.34],[-51.28,-1.02],[-51.16,-0.67]],[[-50.65,-0.13],[-50.67,-0.06],[-50.84,-0.05],[-51.0,-0.11],[-51.04,-0.23],[-50.93,-0.33],[-50.65,-0.13]],[[-49.84,0.01],[-49.74,0.27],[-50.27,0.23],[-50.35,0.13],[-50.29,0.03],[-49.84,0.01]],[[-50.44,-0.01],[-50.33,0.26],[-50.37,0.59],[-50.45,0.33],[-50.61,0.2],[-50.62,0.05],[-50.44,-0.01]],[[-48.67,-26.29],[-48.6,-26.41],[-48.5,-26.22],[-48.54,-26.17],[-48.67,-26.29]],[[116.22,-34.87],[116.52,-34.99],[117.86,-35.05],[118.14,-34.99],[118.9,-34.48],[119.45,-34.37],[119.64,-34.1],[119.85,-33.97],[121.41,-33.83],[122.06,-33.87],[122.15,-33.99],[122.96,-33.88],[123.21,-33.99],[123.65,-33.84],[124.24,-33.02],[124.76,-32.88],[125.92,-32.3],[127.32,-32.26],[128.95,-31.7],[130.78,-31.6],[131.14,-31.5],[131.72,-31.7],[132.21,-32.01],[132.76,-31.96],[133.21,-32.18],[133.67,-32.21],[134.23,-32.55],[134.23,-32.73],[134.1,-32.75],[134.3,-33.17],[134.72,-33.26],[134.89,-33.63],[135.22,-33.96],[135.45,-34.58],[135.22,-34.49],[135.12,-34.59],[135.32,-34.64],[135.65,-34.94],[135.79,-34.86],[135.97,-34.98],[135.89,-34.66],[136.43,-34.03],[137.24,-33.63],[137.44,-33.19],[137.79,-32.82],[137.78,-32.58],[137.99,-33.09],[137.85,-33.2],[137.93,-33.58],[137.49,-34.16],[137.39,-34.91],[137.01,-34.92],[136.88,-35.24],[137.69,-35.14],[138.09,-34.17],[138.49,-34.76],[138.51,-35.02],[138.18,-35.61],[138.52,-35.64],[139.28,-35.38],[139.29,-35.61],[139.18,-35.52],[138.99,-35.62],[139.47,-36.01],[139.73,-36.37],[139.86,-36.66],[139.74,-37.06],[139.78,-37.25],[140.39,-37.9],[140.63,-38.03],[141.01,-38.08],[141.42,-38.36],[141.59,-38.39],[141.72,-38.27],[142.46,-38.39],[143.54,-38.82],[144.67,-38.21],[144.4,-38.14],[144.89,-37.9],[145.12,-38.09],[144.91,-38.34],[144.72,-38.34],[144.96,-38.5],[145.29,-38.24],[145.48,-38.24],[145.54,-38.39],[145.4,-38.54],[145.79,-38.67],[145.94,-38.9],[146.16,-38.87],[146.4,-39.15],[146.48,-39.07],[146.47,-38.84],[146.34,-38.89],[146.22,-38.73],[146.86,-38.66],[147.88,-37.93],[148.26,-37.83],[149.48,-37.77],[149.93,-37.53],[149.96,-36.85],[150.2,-35.83],[150.57,-35.21],[150.8,-35.01],[150.87,-34.5],[151.23,-34.03],[151.12,-34.01],[151.28,-33.93],[151.29,-33.58],[151.43,-33.52],[151.81,-32.9],[152.16,-32.76],[152.14,-32.68],[152.47,-32.44],[152.56,-32.05],[152.94,-31.43],[153.03,-30.56],[153.27,-29.89],[153.35,-29.29],[153.6,-28.85],[153.62,-28.67],[153.58,-28.24],[153.12,-27.19],[153.08,-26.3],[153.16,-25.96],[152.92,-25.69],[152.91,-25.43],[152.65,-25.2],[152.46,-24.8],[152.13,-24.6],[151.83,-24.12],[151.15,-23.78],[150.84,-23.46],[150.76,-22.58],[150.62,-22.37],[150.54,-22.56],[150.02,-22.17],[149.94,-22.31],[149.97,-22.55],[149.82,-22.39],[149.7,-22.44],[149.45,-21.58],[149.2,-21.13],[148.68,-20.58],[148.73,-20.47],[148.88,-20.48],[148.76,-20.29],[147.74,-19.77],[147.42,-19.38],[147.14,-19.39],[146.38,-18.98],[146.3,-18.84],[146.33,-18.55],[146.03,-18.27],[146.13,-17.64],[145.91,-16.91],[145.75,-16.88],[145.43,-16.41],[145.46,-16.06],[145.27,-15.48],[145.29,-14.94],[144.65,-14.49],[144.47,-14.23],[143.96,-14.46],[143.76,-14.35],[143.55,-13.74],[143.59,-13.44],[143.4,-12.64],[143.11,-12.3],[143.18,-11.95],[142.87,-11.82],[142.84,-11.31],[142.72,-11.01],[142.55,-10.87],[142.61,-10.75],[142.46,-10.71],[142.17,-10.95],[141.96,-12.05],[141.87,-11.98],[141.69,-12.35],[141.68,-12.49],[141.85,-12.58],[141.93,-12.74],[141.61,-12.94],[141.65,-13.26],[141.47,-13.8],[141.59,-14.15],[141.52,-14.47],[141.63,-15.06],[141.29,-16.46],[140.83,-17.41],[140.21,-17.7],[140.04,-17.7],[139.25,-17.33],[139.01,-16.9],[138.25,-16.72],[137.7,-16.23],[137.0,-15.88],[136.78,-15.89],[136.7,-15.69],[136.29,-15.57],[136.21,-15.4],[135.45,-14.92],[135.41,-14.76],[135.88,-14.15],[135.95,-13.93],[135.93,-13.3],[136.29,-13.14],[136.46,-13.23],[136.59,-13.0],[136.54,-12.78],[136.95,-12.35],[136.9,-12.24],[136.61,-12.13],[136.54,-11.96],[136.27,-12.13],[136.33,-12.31],[136.26,-12.43],[136.08,-12.42],[136.01,-12.19],[135.7,-12.21],[135.92,-11.83],[135.22,-12.22],[135.03,-12.19],[134.73,-11.98],[134.42,-12.05],[133.9,-11.83],[133.19,-11.71],[132.96,-11.41],[132.68,-11.51],[132.33,-11.22],[132.16,-11.31],[131.96,-11.18],[131.82,-11.3],[132.13,-11.5],[132.48,-11.49],[132.67,-11.65],[132.63,-12.04],[132.71,-12.12],[132.51,-12.13],[132.41,-12.3],[132.25,-12.19],[132.06,-12.28],[131.44,-12.28],[131.29,-12.07],[131.22,-12.18],[131.02,-12.21],[131.02,-12.34],[130.87,-12.37],[130.87,-12.56],[130.62,-12.43],[130.62,-12.65],[130.4,-12.69],[130.32,-12.88],[130.17,-12.96],[130.13,-13.15],[130.26,-13.3],[129.84,-13.57],[129.71,-13.98],[129.38,-14.39],[129.7,-14.56],[129.6,-14.65],[129.85,-14.83],[129.64,-14.85],[129.63,-15.14],[129.46,-14.93],[129.27,-14.87],[129.22,-15.16],[129.06,-14.88],[128.58,-14.77],[128.18,-15.04],[128.25,-15.3],[128.16,-15.23],[128.07,-15.33],[128.2,-14.75],[127.46,-14.03],[126.9,-13.74],[126.78,-13.79],[126.78,-13.96],[126.57,-14.16],[126.4,-14.02],[126.26,-14.16],[126.18,-14.0],[126.05,-13.98],[126.11,-14.11],[126.02,-14.49],[125.89,-14.62],[125.82,-14.47],[125.66,-14.53],[125.7,-14.29],[125.63,-14.26],[125.58,-14.48],[125.28,-14.58],[125.18,-14.71],[125.24,-14.94],[125.38,-15.02],[125.36,-15.12],[125.04,-15.0],[124.84,-15.16],[124.91,-15.31],[125.07,-15.31],[125.06,-15.44],[124.69,-15.27],[124.56,-15.5],[124.44,-15.49],[124.38,-15.76],[124.5,-15.97],[124.65,-15.81],[124.65,-15.87],[124.58,-16.11],[124.42,-16.13],[124.4,-16.3],[124.77,-16.4],[124.3,-16.39],[124.04,-16.26],[123.86,-16.38],[123.73,-16.19],[123.61,-16.22],[123.63,-16.42],[123.49,-16.49],[123.87,-16.92],[123.83,-17.12],[123.59,-17.03],[123.56,-17.52],[122.97,-16.44],[122.72,-16.79],[122.26,-17.14],[122.15,-17.55],[122.35,-18.11],[121.83,-18.48],[121.34,-19.32],[121.0,-19.6],[120.43,-19.84],[119.59,-20.04],[119.1,-20.0],[118.75,-20.26],[118.2,-20.38],[117.41,-20.72],[116.71,-20.65],[116.01,-21.03],[115.46,-21.49],[114.71,-21.82],[114.38,-22.34],[114.14,-22.48],[114.12,-21.83],[113.96,-21.94],[113.68,-22.64],[113.8,-22.91],[113.76,-23.42],[113.49,-23.87],[113.42,-24.44],[114.21,-25.85],[114.22,-26.29],[114.09,-26.39],[113.99,-26.32],[113.85,-26.01],[113.72,-26.13],[113.71,-25.83],[113.45,-25.6],[113.4,-25.71],[113.59,-26.1],[113.85,-26.33],[113.84,-26.5],[113.73,-26.6],[113.58,-26.56],[113.36,-26.08],[113.32,-26.24],[113.18,-26.18],[114.03,-27.35],[114.17,-28.08],[114.86,-29.14],[115.08,-30.56],[115.7,-31.69],[115.73,-32.4],[115.62,-32.67],[115.68,-33.19],[115.52,-33.53],[115.36,-33.64],[115.18,-33.64],[114.99,-33.52],[115.01,-34.26],[115.57,-34.43],[115.99,-34.8],[116.22,-34.87]],[[45.6,-25.53],[46.16,-25.23],[46.73,-25.15],[47.18,-24.79],[47.56,-23.87],[47.91,-22.47],[49.36,-18.34],[49.48,-17.9],[49.45,-17.24],[49.6,-16.93],[49.77,-16.82],[49.84,-16.49],[49.66,-15.52],[49.89,-15.46],[50.02,-15.8],[50.21,-15.96],[50.48,-15.39],[50.24,-14.73],[50.17,-14.04],[49.94,-13.07],[49.26,-12.08],[48.93,-12.44],[48.79,-12.47],[48.92,-12.84],[48.8,-13.27],[48.26,-13.72],[48.04,-13.6],[47.9,-13.73],[48.0,-13.96],[47.77,-14.37],[47.81,-14.54],[47.96,-14.67],[47.77,-14.64],[47.48,-15.01],[47.46,-14.71],[47.35,-14.77],[47.09,-15.15],[47.1,-15.43],[47.03,-15.45],[46.94,-15.22],[46.48,-15.51],[46.33,-15.71],[46.4,-15.92],[46.16,-15.74],[45.7,-15.81],[45.6,-15.99],[45.34,-16.04],[45.22,-15.95],[44.91,-16.17],[44.48,-16.22],[44.42,-16.7],[43.98,-17.39],[44.04,-18.29],[44.23,-18.74],[44.24,-19.08],[44.45,-19.43],[44.4,-19.92],[43.8,-21.18],[43.5,-21.36],[43.29,-21.93],[43.26,-22.38],[43.36,-22.79],[43.57,-23.08],[43.72,-23.53],[43.65,-23.74],[43.67,-24.3],[44.04,-25.0],[44.35,-25.23],[44.81,-25.33],[45.12,-25.54],[45.6,-25.53]],[[48.35,-13.31],[48.31,-13.2],[48.19,-13.26],[48.21,-13.39],[48.34,-13.4],[48.35,-13.31]],[[45.13,-12.71],[45.04,-12.7],[45.12,-12.98],[45.22,-12.75],[45.13,-12.71]],[[44.46,-12.34],[44.53,-12.32],[44.48,-12.08],[44.22,-12.17],[44.46,-12.34]],[[57.38,-20.5],[57.65,-20.48],[57.78,-20.33],[57.66,-19.99],[57.39,-20.23],[57.32,-20.43],[57.38,-20.5]],[[55.6,-20.88],[55.31,-20.9],[55.23,-21.06],[55.36,-21.27],[55.8,-21.34],[55.84,-21.14],[55.6,-20.88]],[[131.29,-11.71],[131.54,-11.44],[131.27,-11.19],[130.75,-11.38],[130.37,-11.21],[130.51,-11.62],[130.95,-11.93],[131.29,-11.71]],[[43.49,-11.86],[43.39,-11.41],[43.3,-11.37],[43.23,-11.75],[43.45,-11.91],[43.49,-11.86]],[[130.2,-11.66],[130.07,-11.68],[130.08,-11.83],[130.61,-11.82],[130.46,-11.68],[130.34,-11.34],[130.15,-11.48],[130.2,-11.66]],[[136.53,-13.79],[136.42,-13.86],[136.43,-14.13],[136.34,-14.21],[136.89,-14.29],[136.95,-14.18],[136.75,-14.07],[136.89,-13.79],[136.76,-13.85],[136.66,-13.68],[136.53,-13.79]],[[136.88,-15.5],[136.85,-15.54],[136.85,-15.63],[136.86,-15.62],[136.89,-15.59],[136.88,-15.5]],[[139.15,-16.71],[139.7,-16.51],[139.59,-16.4],[139.29,-16.47],[139.15,-16.71]],[[123.21,-10.81],[123.42,-10.65],[123.37,-10.47],[122.85,-10.76],[122.83,-10.9],[123.21,-10.81]],[[121.98,-10.53],[122.0,-10.45],[121.87,-10.44],[121.7,-10.56],[121.98,-10.53]],[[105.73,-10.49],[105.71,-10.43],[105.58,-10.51],[105.7,-10.56],[105.73,-10.49]],[[149.83,-10.4],[150.02,-10.58],[150.43,-10.65],[150.65,-10.52],[150.41,-10.34],[150.85,-10.24],[150.36,-10.19],[149.87,-10.01],[149.76,-9.81],[150.01,-9.69],[149.26,-9.5],[149.2,-9.03],[148.58,-9.05],[148.45,-8.69],[148.25,-8.55],[148.13,-8.1],[147.26,-7.46],[146.96,-6.93],[146.95,-6.83],[147.12,-6.72],[147.81,-6.7],[147.8,-6.32],[147.42,-5.97],[147.03,-5.92],[145.75,-5.4],[145.77,-4.82],[145.33,-4.39],[145.09,-4.35],[144.48,-3.83],[144.07,-3.81],[143.51,-3.43],[142.55,-3.2],[141.19,-2.63],[140.75,-2.61],[140.62,-2.45],[139.79,-2.35],[137.91,-1.48],[137.12,-1.84],[137.17,-2.03],[137.07,-2.11],[136.39,-2.27],[136.24,-2.58],[135.49,-3.35],[135.09,-3.35],[134.89,-3.21],[134.84,-2.91],[134.7,-2.93],[134.63,-2.54],[134.48,-2.58],[134.46,-2.83],[134.19,-2.31],[134.11,-1.72],[134.26,-1.36],[134.02,-0.77],[133.47,-0.73],[132.86,-0.42],[132.51,-0.35],[132.13,-0.45],[131.8,-0.7],[131.26,-0.86],[131.19,-1.17],[131.0,-1.42],[131.29,-1.39],[131.93,-1.56],[132.02,-1.99],[132.31,-2.24],[132.96,-2.27],[133.92,-2.1],[133.79,-2.29],[133.9,-2.3],[133.9,-2.39],[133.75,-2.45],[133.7,-2.62],[133.19,-2.44],[132.72,-2.79],[132.23,-2.68],[131.97,-2.79],[132.05,-2.91],[132.35,-2.98],[132.75,-3.29],[132.87,-3.55],[132.75,-3.7],[132.97,-4.09],[133.25,-4.06],[133.4,-3.9],[133.52,-3.41],[133.65,-3.36],[133.7,-3.09],[133.84,-3.05],[133.7,-3.25],[133.68,-3.48],[133.97,-3.82],[134.15,-3.8],[134.27,-3.95],[134.89,-3.94],[134.71,-3.95],[134.68,-4.08],[135.2,-4.45],[135.98,-4.53],[136.62,-4.82],[137.2,-4.99],[137.28,-4.95],[138.06,-5.47],[138.09,-5.71],[138.34,-5.68],[138.2,-5.81],[138.37,-5.84],[138.3,-5.95],[138.44,-6.34],[138.86,-6.86],[138.6,-6.94],[138.85,-7.14],[139.18,-7.19],[138.75,-7.25],[139.09,-7.59],[138.86,-8.15],[138.93,-8.26],[139.25,-7.98],[139.39,-8.19],[139.93,-8.1],[140.12,-7.92],[140.0,-8.2],[141.13,-9.22],[142.23,-9.17],[142.65,-9.33],[143.37,-8.96],[143.38,-8.76],[143.11,-8.47],[142.8,-8.35],[142.47,-8.37],[142.33,-8.2],[142.21,-8.2],[142.35,-8.17],[142.52,-8.32],[143.61,-8.2],[143.52,-8.0],[143.83,-8.03],[143.84,-7.94],[143.94,-7.94],[143.65,-7.46],[144.14,-7.76],[144.43,-7.68],[144.51,-7.57],[144.86,-7.63],[144.97,-7.8],[145.73,-7.95],[146.08,-8.11],[146.63,-8.95],[146.86,-9.09],[146.96,-9.06],[146.93,-9.25],[147.02,-9.39],[147.77,-10.07],[149.83,-10.4]],[[123.86,-10.34],[124.43,-10.15],[125.41,-9.28],[126.49,-8.91],[127.3,-8.42],[126.97,-8.32],[126.62,-8.46],[125.8,-8.49],[125.18,-8.65],[124.89,-8.97],[123.98,-9.37],[123.71,-9.61],[123.59,-9.97],[123.72,-10.08],[123.6,-10.27],[123.86,-10.34]],[[120.7,-10.21],[120.83,-10.04],[120.78,-9.96],[119.94,-9.3],[119.8,-9.38],[119.19,-9.38],[118.96,-9.52],[119.09,-9.71],[119.6,-9.77],[120.14,-10.2],[120.44,-10.29],[120.7,-10.21]],[[117.21,-9.03],[118.19,-8.84],[118.38,-8.67],[118.48,-8.86],[118.83,-8.83],[118.75,-8.74],[119.13,-8.67],[118.93,-8.3],[118.71,-8.41],[118.55,-8.27],[118.29,-8.36],[118.12,-8.12],[117.92,-8.09],[117.76,-8.15],[117.77,-8.28],[118.17,-8.53],[118.21,-8.65],[117.81,-8.71],[117.57,-8.43],[117.16,-8.37],[116.84,-8.53],[116.79,-9.01],[117.06,-9.1],[117.21,-9.03]],[[116.73,-8.39],[116.65,-8.28],[116.3,-8.24],[116.06,-8.44],[116.08,-8.74],[115.87,-8.74],[115.87,-8.83],[116.38,-8.93],[116.59,-8.89],[116.51,-8.82],[116.73,-8.39]],[[115.22,-8.82],[115.33,-8.62],[115.7,-8.41],[115.55,-8.21],[115.19,-8.07],[114.94,-8.19],[114.48,-8.12],[114.57,-8.35],[114.95,-8.5],[115.14,-8.7],[115.09,-8.83],[115.22,-8.82]],[[114.38,-8.26],[114.44,-7.9],[114.38,-7.77],[114.07,-7.63],[113.5,-7.72],[113.01,-7.66],[112.79,-7.55],[112.79,-7.3],[112.65,-7.22],[112.54,-6.93],[112.09,-6.89],[111.54,-6.65],[111.18,-6.69],[110.97,-6.44],[110.74,-6.47],[110.43,-6.95],[109.5,-6.81],[109.29,-6.87],[108.68,-6.79],[108.33,-6.29],[107.67,-6.22],[107.33,-5.98],[107.05,-5.9],[106.83,-6.1],[106.08,-5.91],[105.87,-6.12],[105.79,-6.46],[105.66,-6.47],[105.48,-6.78],[105.37,-6.66],[105.24,-6.78],[106.2,-6.93],[106.52,-7.05],[106.42,-7.24],[106.46,-7.37],[107.28,-7.47],[107.92,-7.72],[108.45,-7.8],[108.74,-7.67],[109.28,-7.7],[110.04,-7.89],[110.61,-8.15],[111.51,-8.31],[112.68,-8.41],[113.25,-8.29],[114.58,-8.77],[114.38,-8.26]],[[39.82,-7.9],[39.91,-7.65],[39.6,-7.94],[39.66,-7.99],[39.82,-7.9]],[[72.49,-7.26],[72.44,-7.23],[72.45,-7.4],[72.35,-7.26],[72.43,-7.44],[72.49,-7.26]],[[39.37,-5.95],[39.31,-5.72],[39.18,-6.17],[39.51,-6.45],[39.57,-6.39],[39.37,-5.95]],[[104.6,-5.9],[104.68,-5.89],[104.64,-5.52],[105.08,-5.75],[105.35,-5.55],[105.62,-5.8],[105.75,-5.82],[105.8,-5.72],[105.89,-5.01],[105.83,-4.16],[105.93,-3.83],[105.84,-3.61],[106.06,-3.16],[105.58,-2.49],[105.4,-2.38],[104.97,-2.37],[104.65,-2.6],[104.65,-2.43],[104.85,-2.09],[104.52,-1.82],[104.36,-1.04],[103.72,-0.89],[103.44,-0.58],[103.51,-0.47],[103.41,-0.36],[103.43,-0.19],[103.79,0.05],[103.67,0.29],[103.34,0.51],[102.9,0.28],[102.55,0.22],[103.01,0.42],[103.03,0.58],[102.39,0.84],[102.02,1.44],[101.78,1.62],[101.48,1.69],[101.05,2.26],[100.83,2.24],[100.89,1.95],[100.52,2.19],[99.73,3.18],[98.31,4.09],[98.25,4.41],[97.55,5.21],[96.49,5.23],[96.13,5.29],[95.63,5.61],[95.23,5.56],[95.21,5.28],[95.58,4.66],[96.44,3.82],[96.97,3.58],[97.39,2.98],[97.59,2.85],[97.7,2.36],[98.6,1.86],[99.16,0.35],[99.67,0.05],[100.31,-0.83],[100.86,-1.93],[100.89,-2.25],[101.58,-3.17],[102.13,-3.6],[102.54,-4.15],[103.83,-5.08],[104.6,-5.9]],[[102.2,-5.29],[102.14,-5.36],[102.37,-5.48],[102.37,-5.37],[102.2,-5.29]],[[39.8,-5.39],[39.87,-4.91],[39.67,-4.93],[39.65,-5.37],[39.8,-5.39]],[[55.54,-4.69],[55.46,-4.56],[55.38,-4.61],[55.54,-4.79],[55.54,-4.69]],[[100.45,-3.0],[100.2,-2.79],[100.2,-2.99],[100.47,-3.33],[100.45,-3.0]],[[100.13,-2.82],[100.2,-2.68],[100.01,-2.51],[99.99,-2.77],[100.13,-2.82]],[[99.69,-2.06],[99.57,-2.03],[99.54,-2.16],[99.85,-2.37],[99.69,-2.06]],[[41.13,-2.05],[41.09,-2.04],[40.98,-2.11],[40.96,-2.17],[40.99,-2.16],[41.12,-2.1],[41.14,-2.09],[41.14,-2.07],[41.13,-2.05]],[[98.93,-0.95],[98.68,-0.97],[98.6,-1.2],[98.87,-1.66],[99.16,-1.78],[99.27,-1.74],[99.27,-1.63],[98.93,-0.95]],[[98.42,-0.02],[98.32,-0.0],[98.43,-0.23],[98.31,-0.53],[98.4,-0.58],[98.54,-0.26],[98.42,-0.02]],[[97.48,1.47],[97.36,1.54],[97.24,1.42],[97.08,1.43],[97.41,0.95],[97.6,0.83],[97.68,0.6],[97.82,0.56],[97.93,0.97],[97.48,1.47]],[[95.9,2.89],[95.72,2.83],[95.81,2.66],[96.46,2.36],[96.42,2.52],[95.9,2.89]],[[73.44,3.27],[73.43,3.29],[73.4,3.29],[73.38,3.27],[73.38,3.25],[73.4,3.23],[73.42,3.23],[73.43,3.25],[73.44,3.27]],[[73.53,4.24],[73.52,4.25],[73.5,4.23],[73.49,4.21],[73.48,4.19],[73.47,4.17],[73.48,4.16],[73.49,4.16],[73.51,4.16],[73.52,4.19],[73.52,4.21],[73.53,4.23],[73.53,4.24]],[[100.19,5.28],[100.29,5.29],[100.31,5.44],[100.2,5.45],[100.19,5.28]],[[101.27,3.0],[101.27,2.97],[101.32,2.99],[101.33,3.05],[101.31,3.07],[101.27,3.03],[101.27,3.0]],[[101.64,2.13],[101.41,2.02],[101.5,1.73],[101.72,1.79],[101.76,2.0],[101.64,2.13]],[[102.37,1.42],[102.5,1.33],[102.47,1.51],[102.02,1.61],[102.08,1.5],[102.37,1.42]],[[102.28,1.4],[102.26,1.15],[102.38,0.96],[102.44,1.23],[102.28,1.4]],[[103.65,1.33],[103.82,1.27],[104.0,1.37],[103.82,1.45],[103.65,1.33]],[[109.06,1.44],[109.01,1.24],[109.13,1.25],[108.96,1.13],[108.91,0.79],[108.94,0.36],[109.26,0.03],[109.13,-0.45],[109.37,-0.64],[109.29,-0.85],[109.68,-0.94],[109.98,-1.27],[110.04,-1.53],[109.96,-1.86],[110.1,-2.0],[110.26,-2.97],[110.57,-2.89],[110.7,-3.02],[110.9,-2.91],[110.83,-3.0],[110.93,-3.07],[111.37,-2.93],[111.63,-2.98],[111.69,-2.89],[111.82,-3.06],[111.86,-3.55],[112.28,-3.32],[112.6,-3.4],[112.76,-3.32],[112.97,-3.19],[113.03,-2.93],[113.34,-3.25],[113.61,-3.2],[113.71,-3.46],[114.08,-3.28],[114.24,-3.36],[114.34,-3.24],[114.34,-3.44],[114.45,-3.48],[114.53,-3.38],[114.69,-4.17],[115.96,-3.6],[116.26,-3.13],[116.17,-2.93],[116.33,-2.9],[116.32,-2.55],[116.53,-2.51],[116.57,-2.3],[116.31,-2.14],[116.45,-1.92],[116.42,-1.78],[116.28,-1.78],[116.75,-1.33],[116.74,-1.04],[116.91,-1.22],[117.56,-0.77],[117.46,-0.32],[117.52,0.24],[117.75,0.73],[117.96,0.89],[117.91,1.1],[118.2,0.87],[118.53,0.81],[118.98,0.98],[117.79,2.03],[118.07,2.32],[117.79,2.75],[117.64,2.83],[117.7,2.89],[117.57,2.93],[117.61,3.06],[117.35,3.19],[117.35,3.43],[117.06,3.62],[117.45,3.63],[117.51,3.73],[117.63,3.64],[117.78,3.69],[117.5,4.13],[117.7,4.34],[118.01,4.25],[118.55,4.38],[118.56,4.5],[118.19,4.83],[118.26,4.99],[118.67,4.96],[119.13,5.1],[119.25,5.2],[119.26,5.37],[118.59,5.59],[118.35,5.81],[117.97,5.71],[117.93,5.79],[118.12,5.86],[118.0,6.05],[117.5,5.88],[117.64,6.0],[117.65,6.47],[117.29,6.68],[117.25,6.92],[117.13,6.97],[116.79,6.61],[116.85,6.83],[116.78,6.99],[116.14,6.13],[115.88,5.61],[115.74,5.53],[115.6,5.6],[115.42,5.41],[115.58,5.19],[115.43,4.97],[115.03,4.9],[115.0,5.02],[114.42,4.66],[114.01,4.58],[113.92,4.24],[112.99,3.16],[111.51,2.74],[111.44,2.38],[111.21,2.38],[111.27,2.14],[111.03,1.56],[111.22,1.4],[110.35,1.72],[109.86,1.76],[109.63,2.03],[109.38,1.92],[109.06,1.44]],[[108.26,4.15],[108.2,4.2],[108.0,4.04],[108.04,3.89],[108.24,3.81],[108.1,3.7],[108.18,3.65],[108.32,3.69],[108.39,3.84],[108.26,4.15]],[[121.9,7.08],[122.03,6.93],[122.14,6.95],[122.47,7.64],[122.62,7.76],[122.79,7.72],[122.84,7.53],[122.99,7.55],[123.1,7.7],[123.18,7.53],[123.39,7.41],[123.49,7.81],[123.67,7.82],[123.97,7.66],[124.21,7.4],[123.99,6.99],[124.08,6.4],[124.21,6.23],[124.93,5.88],[125.04,5.87],[125.23,6.07],[125.24,5.76],[125.35,5.6],[125.67,5.98],[125.59,6.47],[125.38,6.69],[125.69,7.26],[125.82,7.33],[126.19,6.31],[126.19,6.85],[126.44,7.01],[126.58,7.25],[126.57,7.68],[126.44,7.83],[126.46,8.2],[126.37,8.48],[126.14,8.6],[126.32,8.84],[126.19,9.28],[126.09,9.26],[125.88,9.51],[125.47,9.76],[125.41,9.67],[125.5,9.01],[125.21,9.03],[125.14,8.87],[124.87,8.97],[124.73,8.56],[124.4,8.6],[124.2,8.23],[123.8,8.05],[123.85,8.43],[123.68,8.62],[123.43,8.7],[123.05,8.43],[122.91,8.16],[122.24,7.95],[121.9,7.08]],[[117.08,7.88],[117.08,8.07],[116.99,8.05],[116.97,7.89],[117.03,7.81],[117.08,7.88]],[[117.33,8.31],[117.28,8.31],[117.27,8.25],[117.29,8.19],[117.36,8.21],[117.35,8.29],[117.33,8.31]],[[117.68,8.68],[118.5,9.33],[118.78,9.92],[119.19,10.06],[119.37,10.33],[119.69,10.5],[119.53,10.95],[119.55,11.31],[119.5,11.35],[119.31,10.97],[119.22,10.48],[118.11,9.35],[117.88,9.24],[117.35,8.71],[117.22,8.37],[117.68,8.68]],[[106.65,8.72],[106.66,8.77],[106.57,8.7],[106.59,8.68],[106.62,8.68],[106.65,8.7],[106.65,8.72]],[[107.17,10.4],[107.19,10.45],[107.18,10.45],[107.15,10.42],[107.08,10.39],[107.08,10.34],[107.17,10.4]],[[121.97,10.7],[121.95,10.44],[122.77,10.82],[122.8,10.99],[123.08,11.2],[123.16,11.54],[122.89,11.44],[122.93,11.53],[122.84,11.6],[122.61,11.56],[121.96,11.9],[121.89,11.79],[122.1,11.64],[121.97,10.7]],[[123.16,11.97],[123.47,12.22],[124.05,11.75],[124.04,11.97],[123.91,12.17],[123.24,12.58],[123.16,11.97]],[[120.1,11.99],[120.34,12.08],[120.23,12.22],[120.1,12.17],[119.9,12.31],[119.87,12.2],[120.1,11.99]],[[121.16,12.24],[121.39,12.3],[121.52,12.58],[121.52,13.13],[121.2,13.43],[120.4,13.52],[120.34,13.41],[120.68,13.13],[120.8,12.75],[121.16,12.24]],[[121.87,13.57],[121.83,13.33],[122.0,13.2],[122.11,13.46],[121.87,13.57]],[[122.21,13.65],[122.6,13.19],[122.67,13.4],[122.47,13.89],[122.6,13.91],[123.16,13.44],[123.31,13.04],[123.63,12.91],[123.95,12.92],[123.88,12.69],[124.06,12.57],[124.14,13.04],[123.79,13.11],[123.82,13.27],[123.55,13.65],[123.81,13.72],[123.82,13.84],[123.32,14.06],[123.3,13.84],[123.1,13.75],[122.93,14.19],[122.63,14.32],[122.2,14.15],[122.29,14.0],[122.21,13.93],[121.91,14.02],[121.77,14.17],[121.63,14.58],[121.7,14.74],[121.39,15.32],[121.61,15.67],[121.6,15.93],[122.14,16.18],[122.5,17.06],[122.15,17.66],[122.3,18.4],[122.15,18.49],[122.04,18.33],[121.85,18.3],[121.1,18.62],[120.81,18.6],[120.6,18.51],[120.36,17.64],[120.43,17.38],[120.3,16.65],[120.37,16.11],[120.16,16.05],[119.83,16.33],[119.77,16.26],[120.04,14.98],[120.44,14.45],[120.59,14.48],[120.58,14.88],[120.94,14.65],[120.92,14.49],[120.62,14.19],[120.64,13.8],[120.84,13.88],[121.1,13.68],[121.34,13.65],[121.5,13.84],[121.74,13.95],[122.21,13.65]],[[109.82,18.4],[110.02,18.42],[110.45,18.75],[110.64,19.29],[110.82,19.56],[111.01,19.66],[110.94,19.95],[110.68,20.14],[110.59,19.98],[110.17,20.05],[109.31,19.9],[109.18,19.77],[109.28,19.76],[108.67,19.3],[108.7,18.54],[109.52,18.22],[109.82,18.4]],[[145.65,18.75],[145.68,18.73],[145.71,18.76],[145.71,18.79],[145.69,18.8],[145.65,18.81],[145.65,18.75]],[[145.79,18.16],[145.73,18.06],[145.78,18.08],[145.84,18.14],[145.81,18.17],[145.79,18.16]],[[145.66,16.34],[145.69,16.33],[145.71,16.34],[145.72,16.36],[145.7,16.38],[145.63,16.38],[145.64,16.35],[145.66,16.34]],[[145.7,15.11],[145.75,15.11],[145.75,15.13],[145.78,15.17],[145.79,15.22],[145.82,15.27],[145.79,15.26],[145.71,15.22],[145.68,15.13],[145.7,15.11]],[[145.62,15.06],[145.59,15.03],[145.59,15.0],[145.62,14.92],[145.66,14.97],[145.65,15.06],[145.62,15.06]],[[145.18,14.12],[145.22,14.11],[145.26,14.16],[145.27,14.18],[145.23,14.19],[145.15,14.16],[145.16,14.14],[145.18,14.12]],[[124.22,14.08],[124.04,13.66],[124.18,13.53],[124.4,13.68],[124.42,13.87],[124.22,14.08]],[[144.84,13.62],[144.65,13.43],[144.7,13.26],[144.94,13.57],[144.84,13.62]],[[125.15,12.57],[124.29,12.57],[124.45,12.15],[125.0,11.76],[124.92,11.56],[125.03,11.34],[125.23,11.15],[125.63,11.13],[125.74,11.05],[125.57,11.24],[125.49,11.59],[125.46,11.95],[125.54,12.19],[125.15,12.57]],[[166.84,11.15],[166.86,11.15],[166.89,11.15],[166.9,11.17],[166.89,11.17],[166.86,11.17],[166.84,11.15]],[[125.04,10.95],[124.93,11.37],[124.64,11.31],[124.33,11.54],[124.45,10.92],[124.66,10.96],[124.79,10.78],[124.78,10.17],[125.03,10.03],[124.99,10.37],[125.14,10.19],[125.27,10.31],[125.16,10.64],[125.01,10.79],[125.04,10.95]],[[125.52,10.31],[125.49,10.12],[125.67,9.89],[125.67,10.44],[125.52,10.31]],[[126.0,9.93],[126.05,9.76],[126.17,9.8],[126.07,10.06],[126.0,9.93]],[[124.56,9.88],[124.58,10.03],[124.34,10.16],[124.17,10.14],[123.82,9.82],[123.94,9.62],[124.12,9.6],[124.58,9.75],[124.56,9.88]],[[123.7,10.13],[124.0,10.4],[124.04,11.27],[123.71,10.47],[123.39,9.97],[123.33,9.42],[123.49,9.59],[123.7,10.13]],[[123.51,10.92],[123.26,10.99],[122.98,10.89],[122.82,10.5],[122.86,10.09],[122.47,9.96],[122.4,9.82],[122.56,9.48],[122.87,9.32],[122.99,9.06],[123.19,9.09],[123.32,9.27],[123.15,9.61],[123.16,9.86],[123.57,10.78],[123.51,10.92]],[[123.63,9.27],[123.49,9.22],[123.61,9.1],[123.71,9.13],[123.63,9.27]],[[122.54,10.42],[122.68,10.5],[122.7,10.74],[122.54,10.61],[122.54,10.42]],[[124.43,11.53],[124.62,11.55],[124.44,11.7],[124.36,11.67],[124.43,11.53]],[[124.81,11.56],[124.84,11.54],[124.85,11.59],[124.82,11.63],[124.79,11.68],[124.73,11.72],[124.74,11.66],[124.78,11.58],[124.81,11.56]],[[122.29,12.59],[122.28,12.59],[122.25,12.56],[122.26,12.5],[122.28,12.5],[122.31,12.53],[122.29,12.59]],[[122.13,12.54],[122.15,12.65],[122.0,12.6],[121.92,12.33],[122.01,12.11],[122.13,12.54]],[[122.5,12.38],[122.6,12.29],[122.68,12.38],[122.6,12.49],[122.47,12.49],[122.5,12.38]],[[119.95,10.6],[119.85,10.64],[119.79,10.46],[119.98,10.54],[119.95,10.6]],[[151.86,7.43],[151.86,7.43],[151.88,7.43],[151.91,7.45],[151.91,7.46],[151.88,7.47],[151.87,7.47],[151.86,7.46],[151.86,7.43]],[[151.61,7.38],[151.6,7.36],[151.58,7.35],[151.57,7.35],[151.58,7.34],[151.64,7.33],[151.65,7.35],[151.65,7.36],[151.64,7.38],[151.63,7.39],[151.61,7.39],[151.59,7.38],[151.61,7.38]],[[168.68,7.34],[168.68,7.32],[168.72,7.3],[168.82,7.29],[168.83,7.31],[168.76,7.32],[168.68,7.34]],[[171.59,7.02],[171.61,7.01],[171.66,7.01],[171.69,7.0],[171.73,6.98],[171.76,6.97],[171.69,7.03],[171.61,7.03],[171.58,7.05],[171.59,7.02]],[[158.29,6.95],[158.13,6.94],[158.18,6.8],[158.31,6.81],[158.29,6.95]],[[125.78,7.13],[125.71,7.19],[125.68,7.07],[125.77,6.91],[125.78,7.13]],[[169.59,5.8],[169.62,5.8],[169.64,5.83],[169.67,5.94],[169.73,5.98],[169.73,6.01],[169.7,5.98],[169.65,5.95],[169.63,5.86],[169.61,5.82],[169.59,5.8]],[[121.39,6.0],[121.04,6.1],[120.88,5.95],[121.29,5.87],[121.39,6.0]],[[122.29,6.64],[122.06,6.74],[121.81,6.61],[121.99,6.41],[122.2,6.48],[122.29,6.64]],[[119.82,5.07],[120.12,5.22],[120.19,5.17],[120.21,5.34],[119.82,5.07]],[[162.93,5.3],[162.99,5.28],[162.98,5.33],[162.96,5.34],[162.92,5.32],[162.93,5.3]],[[126.81,4.26],[126.71,4.02],[126.82,4.03],[126.92,4.29],[126.76,4.55],[126.72,4.34],[126.81,4.26]],[[126.78,3.84],[126.78,3.81],[126.8,3.78],[126.84,3.76],[126.85,3.77],[126.86,3.79],[126.86,3.81],[126.8,3.86],[126.78,3.84]],[[117.74,4.0],[117.92,4.05],[117.88,4.19],[117.71,4.26],[117.63,4.12],[117.74,4.0]],[[125.47,3.64],[125.51,3.46],[125.63,3.41],[125.47,3.73],[125.47,3.64]],[[172.89,3.1],[172.91,3.1],[172.97,3.13],[172.96,3.14],[172.96,3.15],[172.89,3.1]],[[131.19,3.06],[131.17,3.06],[131.15,3.05],[131.14,3.04],[131.13,3.03],[131.15,3.02],[131.17,3.03],[131.19,3.04],[131.19,3.06]],[[128.22,2.3],[128.3,2.03],[128.45,2.05],[128.62,2.22],[128.69,2.47],[128.6,2.6],[128.47,2.57],[128.22,2.3]],[[128.04,2.16],[127.9,2.14],[127.63,1.84],[127.43,1.14],[127.61,0.85],[127.54,0.61],[127.71,0.29],[127.69,-0.24],[128.05,-0.71],[128.43,-0.89],[127.98,-0.25],[127.89,0.05],[127.92,0.44],[128.45,0.39],[128.9,0.22],[128.69,0.36],[128.61,0.55],[128.26,0.73],[128.3,0.88],[128.7,1.11],[128.69,1.57],[128.22,1.4],[128.16,1.16],[127.97,1.04],[127.88,0.83],[127.63,0.94],[128.01,1.33],[128.01,1.7],[127.89,1.83],[128.04,2.16]],[[173.02,1.73],[172.99,1.71],[173.03,1.72],[173.05,1.74],[173.04,1.78],[173.04,1.8],[173.02,1.81],[173.03,1.75],[173.02,1.73]],[[173.03,1.36],[173.01,1.34],[173.04,1.34],[173.06,1.35],[173.11,1.36],[173.16,1.36],[173.17,1.36],[173.17,1.38],[173.15,1.39],[173.14,1.38],[173.03,1.36]],[[172.99,1.03],[173.07,0.96],[172.99,0.84],[173.09,0.97],[172.99,1.03]],[[130.58,-0.05],[130.29,-0.1],[130.24,-0.21],[130.5,-0.27],[130.55,-0.37],[130.69,-0.3],[130.75,-0.44],[130.9,-0.34],[130.62,-0.09],[131.01,-0.36],[131.34,-0.29],[131.28,-0.15],[131.03,-0.04],[130.58,-0.05]],[[130.81,-0.77],[130.4,-0.92],[130.83,-0.86],[130.91,-0.78],[130.81,-0.77]],[[130.9,-0.89],[130.67,-0.98],[130.78,-1.26],[130.97,-1.34],[131.07,-0.97],[130.9,-0.89]],[[127.74,-1.36],[127.46,-1.45],[127.39,-1.64],[127.56,-1.73],[128.15,-1.66],[127.74,-1.36]],[[130.32,-1.69],[129.74,-1.87],[129.89,-1.99],[130.25,-2.05],[130.42,-1.97],[130.43,-1.8],[130.32,-1.69]],[[121.5,-2.05],[121.35,-1.95],[121.39,-1.83],[121.65,-1.9],[121.86,-1.69],[122.25,-1.56],[122.9,-0.9],[123.38,-1.0],[123.42,-0.71],[123.17,-0.57],[122.83,-0.66],[122.89,-0.76],[122.28,-0.76],[121.97,-0.93],[121.58,-0.83],[121.15,-1.34],[120.67,-1.37],[120.52,-1.04],[120.24,-0.87],[120.03,-0.43],[120.08,0.04],[120.31,0.41],[120.58,0.53],[121.01,0.44],[123.0,0.49],[123.27,0.33],[123.53,0.3],[124.22,0.38],[124.43,0.47],[124.97,1.08],[125.23,1.5],[125.16,1.64],[124.99,1.7],[124.27,1.02],[123.85,0.84],[123.07,0.94],[122.84,0.85],[122.44,1.02],[121.59,1.07],[121.4,1.24],[121.08,1.33],[120.87,1.25],[120.6,0.85],[120.42,0.85],[120.27,0.97],[119.91,0.45],[119.81,0.24],[119.87,0.04],[119.72,-0.09],[119.84,-0.86],[119.71,-0.68],[119.51,-0.91],[119.31,-1.41],[119.32,-1.93],[119.09,-2.48],[118.78,-2.72],[118.87,-3.4],[118.99,-3.54],[119.47,-3.51],[119.62,-4.03],[119.59,-4.52],[119.36,-5.31],[119.56,-5.61],[119.72,-5.69],[119.95,-5.58],[120.43,-5.59],[120.28,-5.15],[120.42,-4.62],[120.36,-4.09],[120.44,-3.71],[120.26,-2.95],[120.65,-2.67],[120.88,-2.65],[121.05,-2.75],[121.05,-3.17],[120.89,-3.52],[121.62,-4.09],[121.49,-4.58],[121.59,-4.76],[122.04,-4.83],[122.11,-4.54],[122.9,-4.35],[122.85,-4.06],[122.69,-4.08],[122.25,-3.62],[122.4,-3.2],[122.29,-2.91],[122.08,-2.75],[121.77,-2.24],[121.5,-2.05]],[[129.37,-2.82],[129.12,-2.94],[128.99,-2.83],[128.2,-2.87],[127.88,-3.22],[127.9,-3.5],[128.13,-3.16],[128.52,-3.45],[128.86,-3.23],[129.47,-3.45],[129.51,-3.33],[129.84,-3.33],[130.81,-3.86],[130.85,-3.53],[130.38,-2.99],[129.37,-2.82]],[[126.87,-3.78],[127.23,-3.63],[127.23,-3.39],[127.03,-3.17],[126.81,-3.07],[126.05,-3.13],[126.03,-3.36],[126.18,-3.58],[126.69,-3.82],[126.87,-3.78]],[[128.59,-3.51],[128.62,-3.59],[128.66,-3.59],[128.71,-3.6],[128.72,-3.59],[128.72,-3.55],[128.69,-3.52],[128.67,-3.52],[128.59,-3.49],[128.59,-3.51]],[[128.33,-3.52],[128.02,-3.6],[127.93,-3.74],[128.25,-3.71],[128.33,-3.52]],[[122.97,-4.03],[123.08,-4.23],[123.24,-4.11],[123.21,-4.0],[122.97,-4.03]],[[133.33,-4.17],[133.5,-4.26],[133.62,-4.3],[133.57,-4.25],[133.46,-4.2],[133.32,-4.11],[133.33,-4.17]],[[123.07,-4.39],[122.85,-4.62],[122.77,-5.21],[122.59,-5.49],[122.65,-5.66],[122.81,-5.67],[122.97,-5.41],[123.19,-5.33],[122.97,-5.14],[123.06,-4.75],[123.2,-4.82],[123.07,-4.39]],[[134.46,-5.56],[134.34,-5.71],[134.21,-5.71],[134.34,-5.83],[134.3,-6.01],[134.15,-6.06],[134.44,-6.33],[134.64,-6.37],[134.76,-6.17],[134.75,-5.71],[134.62,-5.44],[134.51,-5.44],[134.46,-5.56]],[[134.42,-6.39],[134.11,-6.19],[134.19,-6.46],[134.11,-6.47],[134.06,-6.77],[134.2,-6.91],[134.5,-6.59],[134.54,-6.44],[134.42,-6.39]],[[134.63,-6.48],[134.66,-6.56],[134.72,-6.55],[134.73,-6.51],[134.68,-6.46],[134.63,-6.48]],[[134.63,-6.73],[134.66,-6.77],[134.67,-6.75],[134.73,-6.67],[134.74,-6.62],[134.7,-6.63],[134.66,-6.66],[134.63,-6.71],[134.63,-6.73]],[[115.41,-6.84],[115.24,-6.86],[115.22,-6.95],[115.55,-6.94],[115.41,-6.84]],[[114.07,-6.96],[113.97,-6.87],[113.07,-6.88],[112.87,-6.9],[112.73,-7.07],[113.04,-7.21],[113.47,-7.22],[114.07,-6.96]],[[131.7,-7.14],[131.56,-7.14],[131.26,-7.47],[131.09,-7.87],[131.11,-8.0],[131.33,-8.0],[131.62,-7.63],[131.7,-7.14]],[[137.83,-7.93],[137.65,-8.39],[138.3,-8.41],[138.79,-8.06],[138.99,-7.7],[138.96,-7.59],[138.77,-7.39],[138.3,-7.44],[138.01,-7.64],[137.83,-7.93]],[[138.59,-8.37],[138.9,-8.34],[138.76,-8.17],[138.56,-8.31],[138.59,-8.37]],[[131.09,-8.12],[131.02,-8.09],[130.78,-8.35],[131.18,-8.13],[131.09,-8.12]],[[125.13,-8.33],[125.05,-8.18],[124.51,-8.14],[124.36,-8.39],[124.44,-8.44],[125.13,-8.33]],[[124.29,-8.21],[124.11,-8.36],[124.01,-8.32],[123.93,-8.45],[124.15,-8.53],[124.29,-8.21]],[[123.59,-8.48],[123.92,-8.27],[123.78,-8.19],[123.39,-8.28],[123.48,-8.32],[123.23,-8.53],[123.55,-8.57],[123.59,-8.48]],[[122.98,-8.55],[123.15,-8.48],[123.01,-8.45],[122.89,-8.59],[122.98,-8.55]],[[122.81,-8.48],[123.01,-8.33],[122.92,-8.11],[122.76,-8.19],[122.92,-8.22],[122.85,-8.3],[122.32,-8.63],[121.97,-8.46],[121.44,-8.58],[121.01,-8.37],[120.42,-8.25],[119.87,-8.42],[119.81,-8.7],[119.91,-8.86],[120.12,-8.78],[121.04,-8.94],[121.33,-8.92],[121.41,-8.81],[121.65,-8.9],[122.47,-8.73],[122.82,-8.6],[122.81,-8.48]],[[119.47,-8.46],[119.38,-8.59],[119.42,-8.75],[119.56,-8.55],[119.47,-8.46]],[[123.03,-8.4],[123.3,-8.4],[123.34,-8.27],[123.13,-8.25],[123.03,-8.4]],[[129.78,-8.05],[129.81,-7.82],[129.61,-7.8],[129.59,-7.92],[129.78,-8.05]],[[125.83,-7.98],[126.04,-7.89],[126.47,-7.95],[126.58,-7.81],[126.81,-7.74],[126.8,-7.67],[126.61,-7.57],[126.21,-7.71],[125.98,-7.66],[125.83,-7.98]],[[114.41,-7.13],[114.38,-7.08],[114.35,-7.07],[114.32,-7.08],[114.3,-7.1],[114.35,-7.16],[114.4,-7.17],[114.41,-7.13]],[[132.68,-5.74],[132.75,-5.95],[132.8,-5.79],[132.63,-5.61],[132.68,-5.74]],[[124.02,-5.9],[123.98,-5.88],[123.97,-5.94],[124.01,-5.97],[124.04,-6.02],[124.05,-5.97],[124.02,-5.9]],[[122.04,-5.44],[122.04,-5.16],[121.91,-5.07],[121.81,-5.26],[122.04,-5.44]],[[122.31,-5.38],[122.62,-5.34],[122.61,-5.14],[122.76,-4.93],[122.7,-4.62],[122.37,-4.77],[122.31,-5.38]],[[116.31,-3.72],[116.27,-3.25],[116.12,-3.34],[116.02,-3.61],[116.09,-4.05],[116.3,-3.87],[116.31,-3.72]],[[127.37,0.63],[127.38,0.63],[127.42,0.64],[127.45,0.68],[127.44,0.73],[127.42,0.74],[127.38,0.74],[127.36,0.68],[127.37,0.63]],[[127.42,0.01],[127.45,-0.04],[127.45,-0.01],[127.45,0.07],[127.43,0.14],[127.42,0.12],[127.4,0.02],[127.42,0.01]],[[127.13,-0.28],[127.12,-0.52],[127.19,-0.52],[127.29,-0.28],[127.13,-0.28]],[[127.53,-0.31],[127.46,-0.41],[127.33,-0.34],[127.3,-0.46],[127.47,-0.64],[127.46,-0.81],[127.84,-0.85],[127.84,-0.72],[127.6,-0.61],[127.68,-0.47],[127.53,-0.31]],[[123.16,-1.16],[122.91,-1.18],[122.83,-1.28],[122.89,-1.59],[123.15,-1.3],[123.17,-1.62],[123.27,-1.44],[123.37,-1.51],[123.51,-1.45],[123.53,-1.29],[123.34,-1.25],[123.24,-1.39],[123.16,-1.16]],[[124.38,-1.69],[124.33,-1.86],[124.42,-2.01],[125.31,-1.88],[125.15,-1.69],[124.38,-1.69]],[[126.02,-1.79],[125.39,-1.84],[125.48,-1.94],[126.33,-1.82],[126.02,-1.79]],[[123.85,-1.96],[123.78,-1.88],[123.78,-1.92],[123.8,-1.99],[123.87,-2.0],[123.85,-1.96]],[[123.08,-1.9],[123.15,-1.82],[123.14,-1.77],[123.11,-1.79],[123.09,-1.81],[123.07,-1.85],[123.08,-1.9]],[[108.19,-3.1],[108.29,-2.83],[108.22,-2.7],[107.84,-2.53],[107.67,-2.57],[107.56,-2.92],[107.61,-3.21],[107.86,-3.09],[108.06,-3.23],[108.19,-3.1]],[[106.67,-3.07],[106.61,-2.9],[106.82,-2.57],[106.37,-2.46],[106.03,-1.59],[105.91,-1.5],[105.72,-1.53],[105.7,-1.73],[105.59,-1.53],[105.41,-1.61],[105.37,-1.81],[105.13,-2.04],[105.79,-2.18],[106.0,-2.82],[106.67,-3.07]],[[107.4,-2.87],[107.41,-2.9],[107.43,-2.93],[107.47,-2.9],[107.5,-2.85],[107.47,-2.83],[107.42,-2.84],[107.4,-2.87]],[[109.7,-1.01],[109.48,-0.99],[109.46,-1.28],[109.75,-1.15],[109.7,-1.01]],[[104.36,-0.66],[104.59,-0.47],[104.47,-0.33],[104.26,-0.46],[104.36,-0.66]],[[103.61,-0.38],[103.76,-0.32],[103.55,-0.23],[103.46,-0.36],[103.61,-0.38]],[[104.54,0.22],[104.5,0.23],[104.6,0.1],[104.62,0.08],[104.65,0.06],[104.7,0.03],[104.69,0.06],[104.66,0.1],[104.54,0.22]],[[103.3,0.61],[103.19,0.7],[103.14,0.55],[103.28,0.54],[103.3,0.61]],[[103.34,0.78],[103.43,0.65],[103.5,0.72],[103.39,0.87],[103.34,0.78]],[[103.14,0.84],[103.0,1.07],[102.73,1.16],[102.7,1.05],[103.14,0.84]],[[102.63,1.05],[102.55,1.13],[102.45,0.89],[103.01,0.71],[103.0,0.86],[102.63,1.05]],[[104.02,1.18],[103.93,1.07],[104.07,0.99],[104.14,1.17],[104.02,1.18]],[[104.36,1.18],[104.25,1.01],[104.44,1.05],[104.58,0.83],[104.66,1.05],[104.59,1.22],[104.36,1.18]],[[103.4,1.07],[103.38,1.13],[103.32,1.07],[103.43,0.99],[103.4,1.07]],[[143.37,-8.42],[143.59,-8.46],[143.53,-8.38],[143.32,-8.37],[143.37,-8.42]],[[166.92,-0.55],[166.94,-0.55],[166.96,-0.52],[166.96,-0.5],[166.94,-0.49],[166.91,-0.5],[166.91,-0.52],[166.92,-0.55]],[[174.45,-0.65],[174.48,-0.83],[174.47,-0.64],[174.38,-0.59],[174.45,-0.65]],[[135.89,-0.73],[135.38,-0.65],[135.65,-0.88],[135.75,-0.82],[135.92,-1.18],[136.31,-1.17],[136.38,-1.09],[135.89,-0.73]],[[169.52,-0.87],[169.54,-0.88],[169.55,-0.87],[169.56,-0.86],[169.54,-0.85],[169.53,-0.85],[169.52,-0.87]],[[174.74,-1.18],[174.75,-1.24],[174.76,-1.26],[174.78,-1.26],[174.77,-1.21],[174.77,-1.19],[174.74,-1.15],[174.72,-1.13],[174.74,-1.18]],[[134.94,-0.98],[134.81,-1.04],[134.92,-1.13],[135.0,-1.03],[134.94,-0.98]],[[136.19,-1.86],[136.89,-1.8],[135.47,-1.59],[135.49,-1.67],[136.19,-1.86]],[[134.34,-2.1],[134.35,-2.14],[134.37,-2.12],[134.42,-2.05],[134.39,-2.03],[134.37,-2.03],[134.35,-2.04],[134.34,-2.1]],[[146.86,-1.95],[146.6,-2.02],[146.55,-2.21],[147.21,-2.18],[147.44,-2.06],[147.42,-1.99],[146.86,-1.95]],[[147.77,-2.33],[147.84,-2.34],[147.88,-2.28],[147.84,-2.25],[147.81,-2.26],[147.79,-2.31],[147.74,-2.32],[147.77,-2.33]],[[150.17,-2.66],[150.44,-2.66],[150.43,-2.47],[150.23,-2.38],[149.96,-2.47],[150.17,-2.66]],[[150.84,-2.64],[150.75,-2.74],[151.07,-2.83],[152.28,-3.58],[152.67,-4.13],[152.68,-4.5],[152.89,-4.83],[153.13,-4.35],[153.02,-4.11],[152.03,-3.25],[151.23,-2.87],[150.83,-2.57],[150.84,-2.64]],[[152.06,-2.99],[152.09,-3.0],[152.1,-2.95],[152.07,-2.92],[151.97,-2.85],[151.95,-2.87],[151.97,-2.9],[152.06,-2.99]],[[152.59,-3.17],[152.65,-3.22],[152.64,-3.04],[152.54,-3.1],[152.59,-3.17]],[[153.59,-4.1],[153.65,-4.12],[153.66,-4.1],[153.66,-4.04],[153.64,-4.04],[153.59,-4.1]],[[152.2,-4.29],[152.12,-4.21],[151.97,-4.32],[151.59,-4.2],[151.67,-4.88],[151.33,-4.96],[150.95,-5.42],[150.73,-5.51],[150.18,-5.52],[150.07,-5.31],[150.17,-5.07],[150.09,-5.01],[149.96,-5.45],[149.83,-5.52],[149.36,-5.58],[148.43,-5.47],[148.34,-5.67],[149.1,-6.12],[149.38,-6.08],[149.65,-6.29],[150.47,-6.26],[151.23,-5.92],[151.52,-5.55],[151.87,-5.56],[152.08,-5.46],[152.14,-5.36],[151.99,-5.15],[152.01,-5.0],[152.26,-4.95],[152.4,-4.73],[152.41,-4.34],[152.2,-4.29]],[[154.58,-5.31],[154.65,-5.43],[154.73,-5.22],[154.63,-5.01],[154.54,-5.11],[154.58,-5.31]],[[154.74,-5.55],[154.76,-5.93],[155.2,-6.31],[155.21,-6.53],[155.34,-6.72],[155.62,-6.86],[155.93,-6.78],[155.82,-6.38],[155.47,-6.15],[155.09,-5.62],[154.73,-5.44],[154.74,-5.55]],[[156.49,-6.76],[157.1,-7.32],[157.44,-7.43],[157.52,-7.37],[157.19,-7.16],[157.03,-6.89],[156.48,-6.61],[156.49,-6.76]],[[147.21,-5.25],[147.13,-5.19],[147.01,-5.31],[147.18,-5.43],[147.21,-5.25]],[[146.04,-4.57],[145.9,-4.6],[145.9,-4.73],[146.02,-4.73],[146.04,-4.57]],[[178.69,-7.49],[178.69,-7.5],[178.69,-7.48],[178.69,-7.47],[178.68,-7.46],[178.67,-7.46],[178.67,-7.48],[178.69,-7.49]],[[158.46,-7.54],[158.94,-8.04],[159.88,-8.56],[159.79,-8.41],[159.84,-8.33],[159.43,-8.03],[159.11,-7.9],[158.73,-7.6],[158.46,-7.54]],[[178.37,-8.06],[178.38,-8.07],[178.39,-8.05],[178.39,-8.03],[178.38,-8.05],[178.37,-8.06]],[[160.7,-8.32],[160.59,-8.37],[160.71,-8.54],[160.66,-8.62],[160.77,-8.96],[161.37,-9.61],[161.16,-8.96],[160.94,-8.8],[161.0,-8.61],[160.7,-8.32]],[[179.2,-8.53],[179.2,-8.53],[179.21,-8.52],[179.22,-8.51],[179.21,-8.49],[179.2,-8.47],[179.2,-8.47],[179.2,-8.49],[179.2,-8.51],[179.2,-8.53]],[[160.79,-9.77],[160.35,-9.42],[159.97,-9.43],[159.75,-9.27],[159.61,-9.35],[159.68,-9.64],[159.85,-9.79],[160.65,-9.93],[160.82,-9.86],[160.79,-9.77]],[[151.3,-9.96],[151.08,-10.02],[150.78,-9.71],[150.96,-10.09],[151.23,-10.19],[151.3,-9.96]],[[150.79,-9.42],[150.44,-9.36],[150.51,-9.54],[150.44,-9.62],[150.84,-9.7],[150.88,-9.51],[150.79,-9.42]],[[150.36,-9.35],[150.21,-9.21],[150.11,-9.36],[150.33,-9.52],[150.36,-9.35]],[[152.76,-9.18],[152.97,-9.21],[153.0,-9.11],[152.81,-8.97],[152.52,-9.01],[152.76,-9.18]],[[159.13,-9.11],[159.23,-9.03],[159.08,-9.03],[159.04,-9.07],[159.13,-9.11]],[[160.25,-9.12],[160.41,-9.14],[160.25,-9.01],[160.1,-9.03],[160.25,-9.12]],[[157.56,-8.34],[157.66,-8.5],[157.82,-8.61],[157.89,-8.57],[157.83,-8.32],[157.49,-7.97],[157.22,-8.26],[157.3,-8.33],[157.56,-8.27],[157.56,-8.34]],[[156.6,-8.17],[156.61,-8.1],[156.57,-7.96],[156.55,-7.97],[156.54,-8.01],[156.54,-8.07],[156.59,-8.2],[156.6,-8.17]],[[157.04,-8.12],[157.19,-8.08],[157.1,-7.86],[156.96,-7.94],[157.04,-8.12]],[[156.71,-7.88],[156.81,-7.72],[156.56,-7.57],[156.51,-7.71],[156.67,-7.94],[156.71,-7.88]],[[158.11,-8.54],[158.0,-8.51],[157.88,-8.67],[158.01,-8.76],[158.11,-8.54]],[[161.3,-10.2],[161.29,-10.33],[161.49,-10.36],[161.54,-10.57],[161.79,-10.72],[162.37,-10.82],[162.11,-10.45],[161.84,-10.45],[161.3,-10.2]],[[165.86,-10.7],[165.79,-10.78],[165.9,-10.85],[166.16,-10.69],[165.86,-10.7]],[[142.27,-10.7],[142.2,-10.59],[142.13,-10.64],[142.19,-10.76],[142.27,-10.7]],[[154.1,-11.31],[154.02,-11.35],[154.06,-11.42],[154.27,-11.42],[154.1,-11.31]],[[153.31,-11.36],[153.2,-11.32],[153.29,-11.52],[153.55,-11.63],[153.76,-11.59],[153.31,-11.36]],[[160.1,-11.61],[160.44,-11.81],[160.58,-11.8],[160,-11.47],[160.0,-11.58],[160.1,-11.61]],[[177.02,-12.51],[177.08,-12.52],[177.12,-12.51],[177.13,-12.49],[177.12,-12.48],[177.07,-12.48],[177.03,-12.49],[177.01,-12.49],[177.02,-12.51]],[[167.45,-13.91],[167.55,-13.85],[167.48,-13.71],[167.39,-13.79],[167.45,-13.91]],[[167.41,-14.2],[167.4,-14.28],[167.54,-14.31],[167.6,-14.18],[167.41,-14.2]],[[166.76,-15.63],[167.09,-15.58],[167.2,-15.44],[167.08,-14.94],[166.81,-15.16],[166.75,-14.83],[166.57,-14.64],[166.63,-15.41],[166.76,-15.63]],[[168.1,-15.02],[168.13,-15.32],[168.17,-15.39],[168.19,-15.33],[168.19,-15.2],[168.14,-14.99],[168.11,-14.99],[168.1,-15.02]],[[167.34,-15.92],[167.2,-15.89],[167.15,-16.08],[167.35,-16.15],[167.45,-16.55],[167.76,-16.52],[167.84,-16.45],[167.78,-16.34],[167.41,-16.1],[167.34,-15.92]],[[168.18,-16.8],[168.48,-16.79],[168.2,-16.59],[168.12,-16.69],[168.18,-16.8]],[[178.25,-17.33],[177.5,-17.54],[177.26,-17.86],[177.32,-18.08],[177.96,-18.26],[178.67,-18.08],[178.59,-17.65],[178.25,-17.33]],[[168.55,-17.68],[168.45,-17.54],[168.3,-17.54],[168.16,-17.71],[168.4,-17.81],[168.52,-17.8],[168.55,-17.68]],[[169.25,-18.98],[169.33,-18.94],[169.2,-18.8],[169.26,-18.76],[169.14,-18.63],[169.02,-18.64],[168.99,-18.87],[169.25,-18.98]],[[169.29,-19.32],[169.22,-19.48],[169.44,-19.65],[169.49,-19.54],[169.29,-19.32]],[[148.89,-20.14],[148.91,-20.15],[148.94,-20.15],[148.96,-20.13],[148.97,-20.04],[148.93,-20.07],[148.91,-20.1],[148.89,-20.14]],[[164.06,-20.14],[164.17,-20.48],[164.93,-21.29],[166.47,-22.26],[166.77,-22.38],[166.97,-22.32],[166.94,-22.09],[165.66,-21.27],[165.19,-20.77],[164.06,-20.14]],[[166.56,-20.62],[166.49,-20.71],[166.62,-20.6],[166.62,-20.42],[166.56,-20.62]],[[167.2,-20.67],[167.06,-20.72],[167.19,-20.8],[167.03,-20.92],[167.13,-21.06],[167.4,-21.16],[167.43,-21.06],[167.2,-20.67]],[[167.97,-21.64],[168.12,-21.62],[168.14,-21.45],[168.01,-21.43],[167.99,-21.34],[167.82,-21.39],[167.97,-21.64]],[[174.59,-21.7],[174.62,-21.71],[174.63,-21.7],[174.63,-21.68],[174.6,-21.67],[174.59,-21.68],[174.59,-21.7]],[[149.0,-20.22],[148.98,-20.15],[148.94,-20.28],[149.04,-20.29],[149.0,-20.22]],[[151.18,-23.74],[151.3,-23.72],[151.24,-23.53],[151.06,-23.46],[151.18,-23.74]],[[153.01,-25.73],[153.08,-25.75],[153.35,-25.06],[153.26,-24.73],[153.14,-24.81],[153.23,-25.01],[153.04,-25.19],[153.01,-25.73]],[[153.38,-27.24],[153.42,-27.33],[153.47,-27.04],[153.38,-27.05],[153.38,-27.24]],[[173.19,-35.02],[173.12,-35.21],[173.38,-35.5],[173.63,-35.32],[173.41,-35.54],[174.05,-36.36],[174.17,-36.33],[173.91,-35.91],[174.04,-36.12],[174.39,-36.24],[174.4,-36.6],[174.19,-36.49],[174.48,-36.94],[174.78,-36.94],[174.93,-37.08],[174.73,-37.22],[174.59,-37.1],[174.93,-37.8],[174.8,-37.9],[174.84,-38.02],[174.6,-38.79],[174.4,-38.96],[173.84,-39.14],[173.76,-39.32],[173.93,-39.51],[175.01,-39.95],[175.16,-40.11],[175.25,-40.29],[175.16,-40.62],[174.64,-41.29],[174.76,-41.33],[174.87,-41.22],[174.88,-41.42],[175.17,-41.42],[175.31,-41.61],[175.98,-41.21],[176.84,-40.16],[177.11,-39.67],[176.94,-39.56],[177.08,-39.22],[177.52,-39.07],[177.79,-39.11],[177.91,-39.24],[177.98,-38.72],[178.27,-38.55],[178.54,-37.69],[178.01,-37.55],[177.56,-37.9],[177.27,-37.99],[176.11,-37.65],[175.77,-36.74],[175.68,-36.75],[175.46,-36.48],[175.39,-36.56],[175.49,-36.69],[175.54,-37.2],[175.39,-37.21],[175.3,-36.99],[174.72,-36.84],[174.82,-36.61],[174.75,-36.49],[174.8,-36.31],[174.4,-35.8],[174.58,-35.79],[174.32,-35.25],[174.14,-35.3],[174.1,-35.14],[173.47,-34.95],[173.45,-34.84],[173.28,-34.98],[172.96,-34.54],[173.04,-34.43],[172.71,-34.46],[173.19,-35.02]],[[175.47,-36.31],[175.55,-36.33],[175.41,-36.07],[175.35,-36.22],[175.47,-36.31]],[[174.07,-41.47],[174.37,-41.1],[174.04,-41.24],[174.3,-41.02],[174.0,-40.99],[174.02,-41.07],[173.8,-41.27],[173.95,-40.92],[173.12,-41.28],[172.99,-40.85],[172.7,-40.67],[172.73,-40.54],[172.94,-40.52],[172.64,-40.52],[172.14,-40.95],[171.95,-41.54],[171.49,-41.79],[171.25,-42.4],[171.31,-42.46],[171.03,-42.7],[171.04,-42.86],[170.97,-42.72],[170.74,-43.03],[170.67,-42.96],[170.52,-43.01],[170.61,-43.09],[170.46,-43.04],[170.3,-43.11],[170.4,-43.18],[170.24,-43.16],[169.86,-43.43],[169.83,-43.54],[169.17,-43.78],[169.18,-43.91],[169.07,-43.86],[168.37,-44.08],[167.86,-44.5],[167.91,-44.66],[167.79,-44.6],[167.48,-44.77],[167.47,-44.96],[167.41,-44.83],[167.17,-45.0],[167.26,-45.08],[167.03,-45.12],[167.03,-45.22],[167.23,-45.29],[167.12,-45.32],[167.16,-45.41],[166.87,-45.31],[166.92,-45.41],[166.78,-45.41],[166.73,-45.54],[166.99,-45.53],[166.8,-45.65],[167.0,-45.71],[166.51,-45.81],[166.49,-45.96],[166.72,-45.89],[166.65,-46.04],[166.73,-46.05],[166.92,-45.96],[166.71,-46.13],[166.83,-46.23],[167.37,-46.24],[167.54,-46.15],[167.84,-46.37],[168.19,-46.36],[168.38,-46.61],[169.69,-46.55],[170.34,-45.99],[170.78,-45.87],[170.7,-45.68],[171.11,-45.04],[171.0,-44.91],[171.15,-44.91],[171.31,-44.3],[171.24,-44.26],[172.18,-43.9],[172.04,-43.7],[172.3,-43.87],[172.48,-43.73],[172.58,-43.77],[172.5,-43.84],[173.09,-43.84],[173.07,-43.68],[172.81,-43.62],[172.69,-43.44],[172.53,-43.46],[172.73,-43.35],[172.62,-43.27],[173.22,-42.98],[173.55,-42.52],[174.22,-41.85],[174.28,-41.74],[174.08,-41.67],[174.16,-41.56],[174.07,-41.47]],[[146.95,-43.5],[147.08,-43.28],[147.0,-43.16],[147.25,-43.22],[147.35,-42.93],[147.3,-42.79],[147.45,-43.03],[147.57,-42.85],[147.8,-42.93],[147.65,-43.02],[147.79,-43.22],[147.98,-43.16],[147.91,-42.66],[148.02,-42.26],[148.21,-41.97],[148.18,-42.06],[148.29,-42.25],[148.34,-42.22],[148.29,-40.95],[147.97,-40.78],[147.87,-40.87],[147.62,-40.84],[147.45,-41.0],[146.99,-40.99],[146.86,-41.06],[146.85,-41.17],[146.72,-41.08],[146.32,-41.16],[145.28,-40.77],[144.72,-40.67],[144.65,-40.98],[144.78,-41.42],[145.24,-42.02],[145.23,-42.2],[145.33,-42.15],[145.52,-42.35],[145.47,-42.49],[145.2,-42.23],[145.49,-42.93],[145.87,-43.29],[146.21,-43.32],[145.99,-43.38],[146.04,-43.55],[146.55,-43.51],[146.83,-43.62],[146.95,-43.5]],[[147.18,-43.41],[147.1,-43.41],[147.15,-43.5],[147.31,-43.5],[147.31,-43.28],[147.18,-43.41]],[[144.78,-40.51],[144.78,-40.43],[144.71,-40.49],[144.75,-40.59],[144.78,-40.51]],[[148.1,-40.45],[148.47,-40.43],[148.33,-40.31],[148.01,-40.38],[148.1,-40.45]],[[148.21,-40.23],[148.31,-40.17],[148.3,-39.99],[147.93,-39.73],[147.77,-39.87],[147.88,-39.91],[148.07,-40.24],[148.21,-40.23]],[[144.14,-39.95],[144.09,-39.64],[143.95,-39.58],[143.84,-39.9],[143.9,-40.12],[144.14,-39.95]],[[137.62,-35.94],[138.12,-35.85],[138.05,-35.76],[137.6,-35.74],[137.58,-35.62],[137.33,-35.59],[136.64,-35.75],[136.54,-35.89],[136.76,-36.03],[137.21,-35.98],[137.45,-36.07],[137.62,-35.94]],[[167.77,-46.8],[167.8,-46.91],[167.52,-47.26],[168.24,-47.07],[168.24,-46.98],[168.04,-46.93],[168.14,-46.86],[167.96,-46.69],[167.78,-46.7],[167.77,-46.8]],[[37.79,-46.84],[37.59,-46.91],[37.81,-46.96],[37.89,-46.9],[37.79,-46.84]],[[68.81,-49.7],[68.99,-49.7],[69.15,-49.53],[70.12,-49.7],[70.31,-49.58],[70.17,-49.51],[69.99,-49.58],[69.76,-49.43],[70.17,-49.34],[70.39,-49.43],[70.56,-49.2],[70.48,-49.08],[70.32,-49.06],[69.54,-49.26],[69.41,-49.18],[69.64,-49.12],[69.59,-48.97],[69.31,-49.11],[69.05,-49.08],[69.14,-48.86],[69.0,-48.66],[68.77,-49.07],[68.88,-49.16],[68.8,-49.23],[68.87,-49.44],[68.81,-49.7]],[[69.2,-49.03],[69.32,-49.03],[69.37,-48.89],[69.17,-48.88],[69.2,-49.03]],[[165.89,-50.81],[166.24,-50.85],[166.18,-50.71],[166.27,-50.56],[166.1,-50.54],[166.07,-50.68],[165.89,-50.81]],[[-58.92,-51.27],[-58.89,-51.36],[-59.1,-51.49],[-59.06,-51.69],[-59.57,-51.93],[-59.65,-52.13],[-59.53,-52.24],[-59.4,-52.31],[-59.34,-52.2],[-59.07,-52.17],[-59.2,-52.02],[-58.65,-52.1],[-58.68,-51.94],[-57.79,-51.64],[-57.96,-51.58],[-57.81,-51.52],[-57.98,-51.38],[-58.26,-51.42],[-58.27,-51.57],[-58.51,-51.48],[-58.38,-51.37],[-58.43,-51.32],[-58.92,-51.27]],[[-60.35,-52.14],[-60.25,-51.99],[-59.92,-51.97],[-59.27,-51.43],[-59.39,-51.36],[-59.79,-51.45],[-59.92,-51.39],[-60.14,-51.48],[-60.57,-51.36],[-60.25,-51.64],[-60.58,-51.71],[-60.24,-51.77],[-60.96,-52.06],[-60.69,-52.19],[-60.35,-52.14]],[[-60.92,-51.9],[-60.88,-51.79],[-61.15,-51.84],[-61.03,-51.94],[-60.92,-51.9]],[[-60.28,-51.36],[-60.11,-51.4],[-60.07,-51.31],[-60.28,-51.28],[-60.28,-51.36]],[[-69.17,-52.67],[-69.5,-52.49],[-69.94,-52.82],[-70.38,-52.75],[-70.13,-52.94],[-70.39,-53.03],[-70.46,-53.21],[-70.21,-53.41],[-69.39,-53.37],[-69.35,-53.48],[-70.09,-53.72],[-70.15,-53.89],[-69.99,-54.11],[-69.05,-54.43],[-69.31,-54.57],[-69.36,-54.44],[-69.74,-54.31],[-70.24,-54.35],[-70.63,-54.01],[-70.38,-53.99],[-70.53,-53.63],[-70.7,-53.73],[-70.64,-53.82],[-70.87,-53.88],[-70.86,-54.11],[-70.31,-54.53],[-70.7,-54.49],[-70.7,-54.35],[-70.8,-54.33],[-71.08,-54.44],[-71.36,-54.4],[-71.61,-54.5],[-71.8,-54.43],[-71.93,-54.53],[-71.9,-54.6],[-70.5,-54.81],[-70.28,-54.75],[-70.03,-54.82],[-69.72,-54.71],[-69.49,-54.86],[-69.08,-54.91],[-68.22,-54.82],[-66.51,-55.03],[-65.47,-54.91],[-65.18,-54.68],[-66.24,-54.53],[-67.29,-54.05],[-68.01,-53.56],[-68.16,-53.31],[-68.49,-53.26],[-68.43,-53.06],[-68.24,-53.08],[-68.57,-52.69],[-68.79,-52.58],[-69.17,-52.67]],[[73.34,-53.03],[73.47,-53.18],[73.84,-53.11],[73.25,-52.98],[73.34,-53.03]],[[-37.69,-54.13],[-36.51,-54.51],[-36.09,-54.87],[-35.8,-54.76],[-35.91,-54.71],[-35.9,-54.55],[-36.07,-54.55],[-36.33,-54.25],[-36.65,-54.26],[-36.61,-54.19],[-36.7,-54.11],[-37.01,-54.11],[-37.38,-53.98],[-38.02,-54.01],[-37.62,-54.04],[-37.69,-54.13]],[[-64.64,-54.9],[-63.82,-54.73],[-64.55,-54.72],[-64.76,-54.83],[-64.64,-54.9]],[[-67.87,-54.93],[-68.3,-54.98],[-68.07,-55.22],[-67.77,-55.26],[-67.49,-55.18],[-67.34,-55.29],[-67.08,-55.15],[-67.25,-54.98],[-67.87,-54.93]],[[-68.32,-55.31],[-68.38,-55.19],[-68.61,-55.16],[-68.4,-55.04],[-68.46,-54.96],[-68.9,-55.02],[-69.88,-54.88],[-69.99,-55.13],[-69.24,-55.48],[-69.36,-55.3],[-69.3,-55.17],[-68.89,-55.24],[-68.87,-55.45],[-68.34,-55.51],[-68.05,-55.64],[-68.09,-55.48],[-68.32,-55.31]],[[-67.45,-55.64],[-67.56,-55.72],[-67.27,-55.76],[-67.37,-55.59],[-67.45,-55.64]],[[-70.28,-55.07],[-70.42,-54.91],[-70.8,-54.97],[-70.99,-54.87],[-71.44,-54.89],[-71.2,-54.89],[-70.94,-55.06],[-70.6,-55.08],[-70.48,-55.18],[-70.28,-55.07]],[[-71.12,-54.37],[-71.0,-54.25],[-71.02,-54.11],[-72.0,-53.88],[-72.21,-54.05],[-71.95,-54.3],[-71.47,-54.23],[-71.12,-54.37]],[[-72.37,-53.94],[-72.21,-53.81],[-72.46,-53.6],[-72.88,-53.58],[-73.05,-53.39],[-73.1,-53.51],[-73.45,-53.41],[-73.69,-53.43],[-73.85,-53.55],[-73.31,-53.73],[-73.3,-53.94],[-73.21,-53.99],[-73.08,-54.0],[-73.04,-53.83],[-72.76,-53.86],[-72.96,-54.07],[-72.87,-54.13],[-72.37,-53.94]],[[-73.55,-53.13],[-74.37,-52.93],[-74.71,-52.75],[-74.27,-53.08],[-73.87,-53.1],[-73.57,-53.31],[-73.14,-53.35],[-73.55,-53.13]],[[-74.67,-52.16],[-74.54,-51.97],[-74.78,-51.82],[-74.82,-51.63],[-75.11,-51.79],[-74.85,-52.27],[-74.69,-52.28],[-74.67,-52.16]],[[-75.29,-51.63],[-75.05,-51.4],[-74.59,-51.39],[-74.57,-51.25],[-75.15,-51.28],[-75.29,-51.63]],[[-75.3,-50.48],[-75.43,-50.48],[-75.41,-50.76],[-75.12,-50.51],[-75.3,-50.48]],[[-75.25,-50.38],[-74.84,-50.2],[-74.88,-50.11],[-75.33,-50.01],[-75.45,-50.34],[-75.25,-50.38]],[[-74.76,-50.01],[-74.59,-50.01],[-74.5,-49.86],[-74.47,-49.29],[-74.55,-48.77],[-74.79,-48.71],[-74.97,-48.79],[-74.95,-48.96],[-75.18,-49.08],[-75.09,-49.27],[-75.47,-49.36],[-75.31,-49.49],[-75.34,-49.63],[-75.57,-49.7],[-75.55,-49.79],[-75.07,-49.85],[-74.96,-49.53],[-74.72,-49.42],[-74.88,-49.69],[-74.76,-50.01]],[[-75.11,-48.84],[-75.12,-48.77],[-75.58,-48.86],[-75.64,-48.94],[-75.49,-49.08],[-75.64,-49.2],[-75.39,-49.16],[-75.11,-48.84]],[[-75.43,-48.72],[-75.16,-48.62],[-75.16,-48.43],[-75.39,-48.02],[-75.56,-48.07],[-75.52,-48.33],[-75.65,-48.59],[-75.62,-48.76],[-75.43,-48.72]],[[-75.01,-48.54],[-74.92,-48.63],[-74.57,-48.59],[-74.62,-48.34],[-74.85,-48.02],[-74.83,-47.85],[-75.25,-48.03],[-75.01,-48.54]],[[-75.19,-47.85],[-74.93,-47.72],[-75.2,-47.73],[-75.26,-47.76],[-75.19,-47.85]],[[-74.32,-45.46],[-74.31,-45.17],[-74.5,-45.29],[-74.68,-45.74],[-74.24,-45.65],[-74.32,-45.46]],[[-74.1,-45.33],[-73.85,-45.34],[-73.72,-45.16],[-74.0,-44.59],[-73.7,-44.33],[-73.9,-44.13],[-74.08,-44.19],[-74.13,-44.42],[-74.5,-44.47],[-74.48,-44.58],[-74.62,-44.65],[-74.09,-45.2],[-74.1,-45.33]],[[-73.31,-44.53],[-73.45,-44.64],[-73.35,-44.83],[-73.23,-44.86],[-72.99,-44.78],[-72.76,-44.55],[-73.21,-44.33],[-73.31,-44.53]],[[-176.33,-44.03],[-176.52,-43.78],[-176.41,-43.76],[-176.38,-43.87],[-176.18,-43.74],[-176.57,-43.72],[-176.85,-43.82],[-176.56,-43.85],[-176.6,-44.11],[-176.33,-44.03]],[[-74.14,-43.82],[-73.96,-43.92],[-73.79,-43.88],[-73.86,-43.78],[-74.14,-43.82]],[[-73.63,-42.51],[-73.47,-42.47],[-73.53,-42.31],[-73.42,-42.19],[-73.53,-41.9],[-74.04,-41.8],[-74.21,-42.88],[-74.39,-43.23],[-74.11,-43.36],[-73.77,-43.35],[-73.75,-43.16],[-73.44,-42.94],[-73.79,-42.59],[-73.63,-42.51]],[[-128.3,-24.33],[-128.33,-24.32],[-128.35,-24.34],[-128.34,-24.37],[-128.32,-24.4],[-128.3,-24.41],[-128.29,-24.4],[-128.29,-24.36],[-128.3,-24.33]],[[-174.92,-21.45],[-174.91,-21.3],[-174.92,-21.3],[-174.97,-21.35],[-174.97,-21.38],[-174.92,-21.45]],[[-159.81,-21.24],[-159.77,-21.25],[-159.74,-21.25],[-159.74,-21.24],[-159.74,-21.21],[-159.77,-21.19],[-159.81,-21.19],[-159.83,-21.2],[-159.84,-21.23],[-159.84,-21.24],[-159.81,-21.24]],[[-138.51,-20.81],[-138.55,-20.77],[-138.57,-20.79],[-138.55,-20.8],[-138.52,-20.85],[-138.53,-20.88],[-138.51,-20.86],[-138.51,-20.81]],[[-178.72,-20.65],[-178.73,-20.65],[-178.73,-20.65],[-178.73,-20.66],[-178.72,-20.67],[-178.71,-20.67],[-178.71,-20.67],[-178.71,-20.67],[-178.71,-20.66],[-178.72,-20.65],[-178.72,-20.65]],[[-178.57,-19.14],[-178.58,-19.13],[-178.56,-19.12],[-178.56,-19.11],[-178.57,-19.11],[-178.59,-19.12],[-178.6,-19.14],[-178.6,-19.15],[-178.57,-19.16],[-178.55,-19.18],[-178.54,-19.17],[-178.54,-19.16],[-178.56,-19.15],[-178.57,-19.14]],[[-169.95,-19.07],[-169.9,-19.14],[-169.79,-19.04],[-169.86,-18.97],[-169.95,-19.07]],[[-179.85,-18.97],[-179.84,-18.96],[-179.83,-18.96],[-179.81,-18.97],[-179.8,-18.97],[-179.8,-18.94],[-179.83,-18.92],[-179.86,-18.94],[-179.86,-18.96],[-179.87,-18.98],[-179.87,-19.0],[-179.85,-19.0],[-179.85,-18.99],[-179.85,-18.97]],[[-136.32,-18.55],[-136.31,-18.57],[-136.29,-18.54],[-136.33,-18.52],[-136.38,-18.5],[-136.43,-18.47],[-136.46,-18.46],[-136.48,-18.47],[-136.46,-18.49],[-136.44,-18.49],[-136.38,-18.51],[-136.34,-18.53],[-136.32,-18.55]],[[-140.69,-18.38],[-140.78,-18.33],[-140.77,-18.36],[-140.7,-18.4],[-140.67,-18.42],[-140.69,-18.38]],[[-137.07,-18.27],[-136.97,-18.36],[-136.97,-18.34],[-137.03,-18.27],[-137.07,-18.27]],[[-178.76,-18.23],[-178.76,-18.19],[-178.79,-18.19],[-178.85,-18.2],[-178.83,-18.22],[-178.77,-18.25],[-178.76,-18.23]],[[-140.86,-18.2],[-140.82,-18.22],[-140.83,-18.19],[-140.89,-18.12],[-140.93,-18.08],[-140.97,-18.06],[-140.96,-18.09],[-140.9,-18.15],[-140.86,-18.2]],[[-178.99,-17.98],[-179.0,-17.95],[-179.05,-17.92],[-179.08,-17.94],[-179.06,-17.97],[-179.04,-17.99],[-179.02,-17.99],[-178.99,-17.98]],[[-178.36,-17.92],[-178.31,-17.96],[-178.25,-17.95],[-178.25,-17.93],[-178.28,-17.89],[-178.33,-17.88],[-178.36,-17.92]],[[-140.64,-17.68],[-140.65,-17.67],[-140.69,-17.68],[-140.76,-17.72],[-140.8,-17.75],[-140.82,-17.79],[-140.85,-17.83],[-140.85,-17.87],[-140.84,-17.87],[-140.8,-17.88],[-140.81,-17.86],[-140.83,-17.85],[-140.83,-17.84],[-140.82,-17.8],[-140.78,-17.75],[-140.65,-17.68],[-140.64,-17.68]],[[-149.32,-17.69],[-149.38,-17.52],[-149.64,-17.56],[-149.58,-17.73],[-149.34,-17.73],[-149.18,-17.86],[-149.18,-17.74],[-149.32,-17.69]],[[-151.41,-16.77],[-151.47,-16.74],[-151.49,-16.86],[-151.36,-16.86],[-151.41,-16.77]],[[-151.47,-16.66],[-151.44,-16.62],[-151.46,-16.6],[-151.51,-16.57],[-151.51,-16.62],[-151.5,-16.65],[-151.48,-16.67],[-151.47,-16.66]],[[-143.71,-16.58],[-143.61,-16.64],[-143.57,-16.63],[-143.61,-16.62],[-143.67,-16.58],[-143.71,-16.58]],[[-142.51,-16.03],[-142.53,-16.11],[-142.51,-16.1],[-142.48,-16.02],[-142.51,-16.03]],[[-145.13,-15.76],[-145.16,-15.76],[-145.14,-15.79],[-145.08,-15.86],[-145.06,-15.9],[-145.05,-15.86],[-145.13,-15.76]],[[-170.57,-14.27],[-170.69,-14.26],[-170.72,-14.28],[-170.82,-14.31],[-170.77,-14.36],[-170.73,-14.35],[-170.64,-14.28],[-170.57,-14.27]],[[-171.6,-13.88],[-172.05,-13.86],[-171.91,-14.0],[-171.45,-14.05],[-171.6,-13.88]],[[-172.22,-13.56],[-172.33,-13.47],[-172.78,-13.52],[-172.48,-13.8],[-172.22,-13.8],[-172.22,-13.56]],[[-176.13,-13.27],[-176.15,-13.22],[-176.17,-13.24],[-176.2,-13.3],[-176.18,-13.34],[-176.16,-13.33],[-176.13,-13.27]],[[-151.8,-11.39],[-151.81,-11.39],[-151.82,-11.41],[-151.82,-11.43],[-151.81,-11.45],[-151.79,-11.46],[-151.78,-11.44],[-151.79,-11.41],[-151.8,-11.39]],[[-138.64,-10.45],[-138.69,-10.43],[-138.69,-10.53],[-138.65,-10.52],[-138.63,-10.49],[-138.62,-10.46],[-138.64,-10.45]],[[-139.08,-9.92],[-139.11,-9.92],[-139.13,-9.93],[-139.13,-10.01],[-139.06,-9.93],[-139.08,-9.92]],[[-138.87,-9.79],[-138.83,-9.74],[-139.02,-9.7],[-139.17,-9.77],[-139.07,-9.85],[-138.87,-9.79]],[[-171.19,-9.34],[-171.2,-9.33],[-171.2,-9.33],[-171.2,-9.34],[-171.19,-9.35],[-171.19,-9.36],[-171.19,-9.36],[-171.19,-9.35],[-171.19,-9.34]],[[-139.53,-8.88],[-139.58,-8.86],[-139.61,-8.87],[-139.63,-8.9],[-139.62,-8.95],[-139.56,-8.94],[-139.51,-8.92],[-139.51,-8.9],[-139.53,-8.88]],[[-140.05,-8.87],[-140.06,-8.8],[-140.24,-8.8],[-140.22,-8.93],[-140.05,-8.87]],[[-172.49,-8.56],[-172.5,-8.55],[-172.5,-8.55],[-172.49,-8.56],[-172.49,-8.57],[-172.48,-8.58],[-172.48,-8.58],[-172.48,-8.57],[-172.49,-8.56]],[[-155.91,-5.61],[-155.92,-5.61],[-155.93,-5.61],[-155.93,-5.62],[-155.91,-5.63],[-155.89,-5.63],[-155.86,-5.63],[-155.86,-5.62],[-155.87,-5.61],[-155.91,-5.61]],[[-174.53,-4.66],[-174.54,-4.66],[-174.54,-4.66],[-174.53,-4.67],[-174.52,-4.67],[-174.51,-4.69],[-174.52,-4.69],[-174.53,-4.68],[-174.52,-4.69],[-174.51,-4.69],[-174.5,-4.69],[-174.5,-4.69],[-174.51,-4.68],[-174.53,-4.66]],[[-172.19,-4.52],[-172.18,-4.51],[-172.19,-4.52],[-172.21,-4.52],[-172.21,-4.51],[-172.21,-4.5],[-172.2,-4.5],[-172.2,-4.5],[-172.2,-4.5],[-172.2,-4.49],[-172.21,-4.49],[-172.23,-4.51],[-172.22,-4.52],[-172.19,-4.52]],[[-171.24,-4.44],[-171.25,-4.44],[-171.26,-4.45],[-171.26,-4.46],[-171.25,-4.47],[-171.24,-4.47],[-171.23,-4.46],[-171.23,-4.45],[-171.24,-4.44]],[[-154.94,-4.04],[-154.95,-4.03],[-154.99,-4.04],[-155.02,-4.05],[-155.01,-4.05],[-154.99,-4.07],[-154.97,-4.09],[-154.96,-4.09],[-154.96,-4.09],[-154.95,-4.06],[-154.94,-4.04]],[[-171.08,-3.12],[-171.09,-3.12],[-171.09,-3.13],[-171.1,-3.14],[-171.09,-3.14],[-171.09,-3.14],[-171.08,-3.12]],[[-80.0,-2.67],[-80.22,-2.75],[-80.27,-3.0],[-80.15,-3.01],[-80.09,-2.85],[-79.91,-2.73],[-80.0,-2.67]],[[-171.7,-2.77],[-171.72,-2.76],[-171.73,-2.77],[-171.73,-2.77],[-171.72,-2.78],[-171.72,-2.78],[-171.71,-2.77],[-171.69,-2.78],[-171.67,-2.79],[-171.66,-2.8],[-171.64,-2.83],[-171.64,-2.85],[-171.66,-2.84],[-171.68,-2.82],[-171.7,-2.82],[-171.7,-2.83],[-171.69,-2.83],[-171.67,-2.84],[-171.65,-2.86],[-171.63,-2.86],[-171.63,-2.85],[-171.64,-2.81],[-171.66,-2.79],[-171.7,-2.77]],[[-90.43,-1.24],[-90.52,-1.3],[-90.46,-1.34],[-90.38,-1.29],[-90.43,-1.24]],[[-91.13,-1.02],[-90.91,-0.94],[-90.8,-0.75],[-91.31,0.09],[-91.49,0.11],[-91.59,-0.01],[-91.43,-0.02],[-91.37,-0.29],[-91.12,-0.56],[-91.46,-0.8],[-91.48,-0.92],[-91.37,-1.02],[-91.13,-1.02]],[[-91.4,-0.32],[-91.65,-0.28],[-91.65,-0.39],[-91.43,-0.46],[-91.4,-0.32]],[[-90.81,-0.33],[-90.62,-0.36],[-90.55,-0.28],[-90.78,-0.16],[-90.87,-0.27],[-90.81,-0.33]],[[-90.54,-0.68],[-90.33,-0.77],[-90.19,-0.54],[-90.47,-0.52],[-90.54,-0.68]],[[-89.42,-0.72],[-89.6,-0.91],[-89.42,-0.91],[-89.26,-0.73],[-89.42,-0.72]],[[-157.18,1.74],[-157.44,2.03],[-157.37,1.95],[-157.44,1.85],[-157.58,1.9],[-157.18,1.74]],[[-79.11,8.21],[-79.07,8.25],[-79.09,8.3],[-79.1,8.3],[-79.13,8.25],[-79.11,8.21]],[[-78.96,8.33],[-78.92,8.23],[-78.86,8.45],[-78.96,8.44],[-78.96,8.33]],[[-81.67,7.52],[-81.75,7.62],[-81.85,7.45],[-81.6,7.33],[-81.67,7.52]],[[-110.94,18.8],[-110.99,18.86],[-111.06,18.78],[-110.97,18.72],[-110.94,18.8]],[[-155.62,20.16],[-155.87,20.26],[-155.82,20.01],[-156.05,19.75],[-155.89,19.38],[-155.88,19.07],[-155.63,18.96],[-155.54,19.11],[-154.8,19.52],[-155.2,19.99],[-155.62,20.16]],[[-156.15,20.89],[-156.46,20.91],[-156.59,21.03],[-156.7,20.95],[-156.48,20.8],[-156.41,20.61],[-156.01,20.71],[-156.15,20.89]],[[-156.85,20.77],[-156.88,20.9],[-157.05,20.91],[-156.97,20.76],[-156.85,20.77]],[[-156.92,21.18],[-157.25,21.23],[-157.29,21.11],[-156.86,21.06],[-156.71,21.16],[-156.92,21.18]],[[-157.71,21.38],[-157.96,21.7],[-158.27,21.59],[-158.11,21.32],[-157.98,21.38],[-157.69,21.28],[-157.71,21.38]],[[-106.61,21.56],[-106.53,21.53],[-106.5,21.61],[-106.6,21.71],[-106.61,21.56]],[[-160.18,21.84],[-160.05,22.0],[-160.22,21.9],[-160.23,21.8],[-160.18,21.84]],[[-159.51,21.9],[-159.34,21.97],[-159.35,22.22],[-159.58,22.22],[-159.79,22.04],[-159.51,21.9]],[[-112.26,29.21],[-112.47,29.17],[-112.53,28.89],[-112.36,28.77],[-112.28,28.77],[-112.2,29.01],[-112.26,29.21]],[[-113.18,29.13],[-113.2,29.3],[-113.37,29.34],[-113.42,29.49],[-113.59,29.57],[-113.5,29.31],[-113.16,29.03],[-113.18,29.13]],[[-114.71,31.76],[-114.77,31.79],[-114.78,31.79],[-114.79,31.75],[-114.73,31.7],[-114.69,31.71],[-114.69,31.72],[-114.71,31.76]],[[-112.06,24.55],[-112.2,24.84],[-112.16,25.29],[-112.3,24.79],[-112.06,24.55]],[[-115.2,28.33],[-115.27,28.34],[-115.35,28.1],[-115.18,28.04],[-115.2,28.33]],[[-118.51,32.96],[-118.59,33.01],[-118.47,32.84],[-118.35,32.83],[-118.51,32.96]],[[-118.39,33.42],[-118.57,33.46],[-118.45,33.32],[-118.3,33.31],[-118.39,33.42]],[[-120.04,33.92],[-119.98,33.97],[-120.07,34.03],[-120.25,34.01],[-120.04,33.92]],[[-120.31,34.02],[-120.35,34.06],[-120.37,34.07],[-120.41,34.06],[-120.44,34.03],[-120.36,34.02],[-120.31,34.02]],[[-123.59,48.33],[-123.28,48.46],[-123.42,48.7],[-123.5,48.58],[-124.0,49.22],[-124.83,49.53],[-125.48,50.32],[-126.7,50.52],[-127.92,50.86],[-128.35,50.74],[-128.06,50.5],[-127.73,50.54],[-127.75,50.61],[-127.47,50.58],[-127.49,50.4],[-127.91,50.45],[-127.96,50.35],[-127.84,50.29],[-127.86,50.13],[-127.47,50.16],[-127.35,50.05],[-127.25,50.14],[-127.11,49.88],[-126.9,49.94],[-126.53,49.72],[-126.13,49.67],[-126.54,49.59],[-126.52,49.4],[-125.94,49.4],[-125.95,49.25],[-125.64,49.19],[-125.83,49.09],[-125.49,48.93],[-124.93,49.01],[-124.81,49.21],[-124.85,49.03],[-125.12,48.76],[-123.59,48.33]],[[-126.12,49.37],[-126.21,49.38],[-126.23,49.3],[-126.06,49.26],[-126.12,49.37]],[[-126.63,49.63],[-126.74,49.84],[-126.93,49.84],[-126.94,49.72],[-126.63,49.63]],[[-125.26,50.13],[-125.2,50.04],[-125.07,50.22],[-125.26,50.42],[-125.36,50.31],[-125.26,50.13]],[[-125.03,50.13],[-125.0,50.02],[-124.91,50.07],[-124.99,50.22],[-125.03,50.13]],[[-124.36,49.59],[-124.14,49.51],[-124.42,49.73],[-124.65,49.76],[-124.36,49.59]],[[-123.02,48.54],[-123.16,48.61],[-123.14,48.51],[-122.99,48.47],[-123.02,48.54]],[[-122.67,48.35],[-122.74,48.23],[-122.38,47.92],[-122.7,48.23],[-122.54,48.32],[-122.67,48.35]],[[-122.85,47.22],[-122.89,47.27],[-122.91,47.25],[-122.91,47.23],[-122.88,47.19],[-122.86,47.19],[-122.85,47.2],[-122.85,47.22]],[[-127.92,51.47],[-128.0,51.7],[-128.14,51.65],[-128.09,51.51],[-127.92,51.47]],[[-176.96,51.6],[-176.45,51.74],[-176.44,51.82],[-176.59,51.83],[-176.55,51.94],[-176.7,51.99],[-176.96,51.6]],[[-177.88,51.65],[-177.64,51.83],[-177.95,51.92],[-178.19,51.88],[-177.99,51.76],[-178.06,51.67],[-177.88,51.65]],[[-175.3,52.02],[-174.34,52.08],[-174.12,52.14],[-174.18,52.2],[-174.02,52.33],[-174.17,52.42],[-174.44,52.32],[-174.26,52.27],[-174.31,52.22],[-175.3,52.02]],[[-131.56,52.4],[-131.22,52.15],[-131.12,52.22],[-131.32,52.3],[-131.26,52.42],[-131.43,52.42],[-131.59,52.58],[-131.46,52.7],[-131.97,52.88],[-131.63,52.92],[-131.75,53.2],[-132.55,53.14],[-132.14,53.0],[-132.26,52.93],[-132.17,52.78],[-131.56,52.4]],[[-169.07,52.86],[-168.51,53.04],[-167.8,53.48],[-167.99,53.56],[-168.29,53.5],[-168.4,53.41],[-168.38,53.28],[-168.69,53.23],[-169.07,52.86]],[[-167.67,53.26],[-166.77,53.48],[-166.31,53.7],[-166.55,53.7],[-166.23,53.93],[-166.37,54.0],[-166.57,53.85],[-166.67,54.01],[-167.04,53.94],[-167.12,53.87],[-167.07,53.78],[-166.74,53.71],[-166.82,53.64],[-167.02,53.7],[-167.14,53.53],[-167.81,53.32],[-167.67,53.26]],[[-133.1,54.01],[-133.05,53.78],[-132.85,53.51],[-132.43,53.34],[-132.75,53.31],[-132.35,53.19],[-131.96,53.31],[-131.89,53.71],[-131.67,54.14],[-132.13,54.03],[-132.19,53.68],[-132.46,53.65],[-132.57,53.68],[-132.16,53.88],[-132.26,54.08],[-133.05,54.16],[-133.1,54.01]],[[-166.04,54.05],[-165.69,54.1],[-165.97,54.21],[-166.11,54.14],[-166.04,54.05]],[[-130.66,53.85],[-130.62,53.94],[-130.38,53.84],[-130.24,53.96],[-130.45,54.09],[-130.7,53.95],[-130.66,53.85]],[[-130.15,53.35],[-129.93,53.18],[-129.75,53.24],[-130.2,53.55],[-130.45,53.63],[-130.52,53.54],[-130.15,53.35]],[[-129.31,53.21],[-129.31,53.12],[-129.17,53.12],[-129.24,53.33],[-129.31,53.21]],[[-129.08,53.14],[-129.18,52.96],[-128.9,52.67],[-128.75,52.76],[-128.68,52.29],[-128.51,52.52],[-128.63,53.11],[-129.03,53.28],[-129.08,53.14]],[[-128.42,52.44],[-128.32,52.46],[-128.25,52.78],[-128.44,52.7],[-128.42,52.44]],[[-166.1,53.83],[-166.11,53.84],[-166.15,53.84],[-166.19,53.82],[-166.23,53.78],[-166.25,53.77],[-166.25,53.75],[-166.22,53.72],[-166.21,53.72],[-166.18,53.76],[-166.14,53.79],[-166.1,53.83]],[[-176.19,51.89],[-176.2,51.83],[-176.09,51.79],[-176.01,51.81],[-176.07,51.84],[-176.19,51.89]],[[-164.35,54.48],[-164.17,54.6],[-163.58,54.63],[-163.36,54.74],[-163.08,54.67],[-163.38,54.82],[-163.55,55.04],[-163.81,55.05],[-164.48,54.91],[-164.9,54.57],[-164.82,54.42],[-164.35,54.48]],[[-132.81,54.71],[-132.71,54.68],[-132.62,54.89],[-132.84,54.88],[-133.1,55.21],[-133.43,55.3],[-132.81,54.71]],[[-160.16,55.01],[-160.23,54.92],[-159.85,55.14],[-159.87,55.26],[-160.17,55.12],[-160.16,55.01]],[[-160.8,55.15],[-160.49,55.18],[-160.55,55.38],[-160.84,55.34],[-160.8,55.15]],[[-133.64,55.41],[-133.65,55.27],[-133.28,55.52],[-133.74,55.5],[-133.64,55.41]],[[-132.96,55.4],[-133.12,55.33],[-132.78,55.05],[-132.62,55.14],[-132.55,54.95],[-132.02,54.73],[-131.98,55.21],[-132.21,55.22],[-132.16,55.32],[-132.42,55.48],[-132.63,55.47],[-132.51,55.59],[-132.17,55.48],[-132.6,55.9],[-133.1,56.09],[-133.2,56.32],[-133.57,56.34],[-133.53,56.15],[-133.74,55.96],[-133.37,56.04],[-133.24,55.92],[-133.41,55.8],[-133.68,55.79],[-133.3,55.61],[-133.03,55.59],[-133.08,55.5],[-132.96,55.4]],[[-134.12,56.08],[-133.95,56.13],[-133.86,56.58],[-133.74,56.65],[-134.14,56.93],[-134.27,56.92],[-134.39,56.75],[-134.08,56.46],[-134.2,56.41],[-134.25,56.2],[-134.12,56.08]],[[-134.68,56.84],[-134.97,57.35],[-135.35,57.53],[-135.82,57.28],[-135.81,57.01],[-135.66,57.03],[-135.45,57.25],[-135.21,57.04],[-135.33,56.82],[-134.88,56.68],[-134.98,56.52],[-134.68,56.22],[-134.61,56.6],[-134.68,56.84]],[[-154.33,56.54],[-154.26,56.51],[-154.21,56.51],[-154.15,56.53],[-154.12,56.54],[-154.11,56.56],[-154.1,56.58],[-154.11,56.6],[-154.22,56.61],[-154.32,56.57],[-154.33,56.54]],[[-153.97,56.77],[-153.64,56.96],[-153.73,57.05],[-152.68,57.35],[-152.78,57.45],[-153.0,57.47],[-152.94,57.5],[-152.41,57.45],[-152.22,57.6],[-152.48,57.7],[-152.43,57.83],[-152.89,57.77],[-152.85,57.9],[-153.16,57.97],[-153.22,57.8],[-153.49,57.73],[-153.7,57.87],[-153.9,57.82],[-153.69,57.66],[-153.84,57.64],[-153.69,57.31],[-154.12,57.65],[-154.67,57.45],[-154.71,57.34],[-154.34,56.92],[-154.18,57.01],[-154.38,57.1],[-154.24,57.14],[-154.04,57.12],[-154.1,57.02],[-153.79,56.99],[-154.07,56.82],[-153.97,56.77]],[[-136.46,57.87],[-136.08,57.67],[-135.91,57.45],[-135.69,57.42],[-135.56,57.67],[-134.93,57.48],[-134.87,57.59],[-134.98,57.72],[-135.34,57.77],[-134.97,57.82],[-134.93,57.95],[-135.0,58.05],[-135.37,58.12],[-135.61,57.99],[-135.69,58.04],[-135.59,58.15],[-135.79,58.27],[-136.09,58.2],[-136.14,58.1],[-136.32,58.22],[-136.57,57.97],[-136.46,57.87]],[[-152.68,58.06],[-152.57,58.17],[-152.54,58.1],[-152.31,58.13],[-152.27,58.25],[-152.11,58.16],[-151.97,58.31],[-152.67,58.45],[-152.84,58.42],[-152.77,58.28],[-152.98,58.3],[-153.38,58.09],[-152.93,57.99],[-152.68,58.06]],[[-134.82,58.15],[-134.66,57.64],[-134.49,57.48],[-134.62,57.2],[-134.55,57.06],[-133.91,57.35],[-133.94,57.58],[-134.27,57.88],[-134.31,58.03],[-134.18,58.01],[-133.82,57.63],[-134.24,58.14],[-134.68,58.16],[-134.92,58.35],[-134.82,58.15]],[[-134.46,58.21],[-134.31,58.23],[-134.52,58.33],[-134.66,58.29],[-134.46,58.21]],[[-133.96,57.04],[-133.68,56.8],[-133.6,56.46],[-133.16,56.5],[-133.33,56.83],[-133.03,56.62],[-132.96,56.68],[-132.95,56.88],[-133.07,56.97],[-133.96,57.04]],[[-132.91,56.64],[-132.88,56.51],[-132.57,56.58],[-132.84,56.79],[-132.91,56.64]],[[-132.38,56.5],[-132.69,56.13],[-132.37,55.94],[-132.13,55.94],[-132.07,56.24],[-132.38,56.5]],[[-132.71,56.45],[-132.9,56.45],[-133.04,56.34],[-132.78,56.25],[-132.65,56.31],[-132.71,56.45]],[[-153.37,57.05],[-153.3,57.0],[-152.91,57.15],[-153.29,57.19],[-153.37,57.05]],[[-131.76,55.5],[-131.85,55.42],[-131.76,55.17],[-131.45,55.41],[-131.42,55.28],[-131.19,55.21],[-131.01,55.38],[-130.97,55.67],[-131.27,55.96],[-131.62,55.83],[-131.65,55.59],[-131.76,55.5]],[[-131.51,55.26],[-131.59,55.03],[-131.48,55.04],[-131.41,54.89],[-131.23,54.9],[-131.51,55.26]],[[-159.46,55.06],[-159.46,55.03],[-159.42,54.98],[-159.39,54.97],[-159.36,54.97],[-159.36,55.0],[-159.39,55.04],[-159.46,55.06]],[[-147.85,59.8],[-147.54,59.87],[-146.96,60.29],[-147.18,60.36],[-147.77,59.94],[-147.85,59.8]],[[-147.66,60.35],[-147.69,60.49],[-147.79,60.46],[-147.87,60.23],[-147.76,60.19],[-147.66,60.35]],[[-146.7,60.4],[-146.6,60.27],[-146.1,60.41],[-146.56,60.48],[-146.7,60.4]],[[-145.24,60.32],[-145.15,60.31],[-145.12,60.34],[-145.1,60.39],[-145.13,60.4],[-145.28,60.34],[-145.24,60.32]],[[-151.9,60.49],[-151.96,60.5],[-152.0,60.41],[-152.07,60.36],[-152.02,60.36],[-151.99,60.37],[-151.89,60.47],[-151.9,60.49]],[[-160.92,58.58],[-160.72,58.8],[-161.13,58.67],[-161.07,58.57],[-160.92,58.58]],[[-166.11,59.78],[-166.1,59.85],[-165.59,59.91],[-165.71,60.07],[-165.73,60.31],[-166.48,60.38],[-166.84,60.22],[-167.44,60.21],[-167.14,60.01],[-166.11,59.78]],[[-172.28,60.34],[-172.74,60.46],[-172.92,60.61],[-173.07,60.49],[-172.64,60.33],[-172.23,60.3],[-172.28,60.34]],[[-169.57,63.0],[-169.36,63.17],[-168.85,63.17],[-168.72,63.31],[-169.55,63.37],[-170.43,63.7],[-171.03,63.59],[-171.45,63.62],[-171.65,63.73],[-171.82,63.53],[-171.79,63.42],[-171.52,63.33],[-170.95,63.45],[-170.53,63.38],[-169.82,63.12],[-169.68,62.96],[-169.57,63.0]],[[-165.83,66.32],[-165.82,66.33],[-166.03,66.28],[-166.15,66.24],[-166.15,66.22],[-166.11,66.23],[-165.94,66.28],[-165.83,66.32]],[[-123.21,71.12],[-122.84,71.1],[-121.75,71.44],[-121.47,71.39],[-120.62,71.51],[-120.44,71.63],[-120.18,72.21],[-119.51,72.3],[-119.08,72.64],[-115.39,73.5],[-115.51,73.62],[-116.95,74.1],[-117.71,74.25],[-118.63,74.23],[-119.12,74.02],[-119.21,74.2],[-119.73,74.11],[-119.56,74.23],[-121.5,74.55],[-124.7,74.35],[-124.19,73.9],[-123.8,73.77],[-124.8,73.13],[-124.82,73.06],[-124.56,72.94],[-124.97,72.84],[-124.99,72.59],[-125.63,72.25],[-125.58,72.18],[-125.76,72.14],[-125.85,71.98],[-125.3,71.97],[-124.01,71.68],[-123.21,71.12]],[[-113.51,74.43],[-111.73,74.5],[-108.83,75.06],[-108.47,74.95],[-106.96,74.94],[-105.97,75.13],[-105.48,75.75],[-105.63,75.95],[-106.4,76.06],[-106.85,75.95],[-106.69,75.82],[-106.89,75.78],[-106.91,75.68],[-107.22,75.89],[-108.02,75.8],[-107.72,76.0],[-108.41,76.09],[-108.12,76.23],[-108.63,76.59],[-108.47,76.74],[-109.1,76.81],[-110.31,76.37],[-109.43,76.11],[-109.45,76.02],[-109.87,75.93],[-108.94,75.7],[-108.9,75.62],[-109.01,75.51],[-111.05,75.55],[-111.55,75.82],[-112.06,75.83],[-111.87,75.94],[-112.7,76.2],[-113.82,76.21],[-114.19,76.45],[-114.77,76.51],[-115.58,76.44],[-115.83,76.3],[-114.78,76.17],[-116.21,76.19],[-116.59,76.1],[-116.55,76.02],[-116.66,75.96],[-116.34,75.88],[-114.99,75.9],[-116.8,75.77],[-117.16,75.64],[-116.43,75.59],[-115.14,75.68],[-116.08,75.49],[-117.26,75.46],[-117.6,75.29],[-117.5,75.2],[-116.48,75.17],[-115.73,74.97],[-115.41,75.11],[-115.02,74.98],[-114.45,75.09],[-114.36,75.17],[-114.51,75.28],[-114.17,75.24],[-114.02,75.43],[-113.47,75.42],[-113.85,75.26],[-113.84,75.11],[-113.71,75.07],[-112.6,75.21],[-112.21,75.13],[-111.03,75.23],[-111.67,75.02],[-112.84,74.98],[-114.38,74.67],[-113.51,74.43]],[[-118.33,75.58],[-117.51,76.1],[-118.63,75.91],[-119.39,75.62],[-118.82,75.52],[-118.33,75.58]],[[-120.92,75.81],[-120.89,75.93],[-120.99,75.93],[-121.24,75.75],[-120.92,75.81]],[[-120.41,75.83],[-119.54,75.98],[-119.74,76.12],[-119.52,76.34],[-119.17,76.13],[-118.99,76.14],[-118.62,76.37],[-118.79,76.51],[-118.47,76.55],[-118.2,76.76],[-117.78,76.78],[-117.99,76.41],[-117.49,76.27],[-117.15,76.3],[-117.0,76.53],[-115.95,76.71],[-116.25,76.9],[-115.81,76.94],[-116.33,77.14],[-115.47,77.31],[-116.51,77.55],[-117.04,77.47],[-116.7,77.38],[-116.84,77.34],[-119.09,77.31],[-121.56,76.45],[-122.42,76.39],[-122.9,76.13],[-122.59,76.16],[-122.55,76.08],[-122.64,76.01],[-122.4,75.94],[-121.91,76.03],[-121.21,75.98],[-120.81,76.18],[-120.41,75.83]],[[-112.37,77.36],[-110.2,77.52],[-110.12,77.62],[-110.15,77.76],[-110.87,77.83],[-109.77,77.96],[-109.62,78.07],[-111.21,78.09],[-113.19,77.91],[-113.28,77.84],[-113.12,77.63],[-113.21,77.58],[-113.16,77.53],[-112.37,77.36]],[[-114.3,78.06],[-115.03,77.97],[-114.29,77.72],[-113.62,77.81],[-114.3,78.06]],[[-100.68,77.93],[-99.96,77.79],[-99.17,77.86],[-99.0,78.0],[-99.78,78.33],[-99.85,78.44],[-99.61,78.58],[-100.44,78.82],[-101.13,78.8],[-101.04,78.94],[-101.7,79.08],[-102.39,79.01],[-102.58,78.88],[-102.73,78.97],[-102.65,79.1],[-102.91,79.23],[-103.71,79.35],[-105.39,79.32],[-105.57,79.16],[-105.54,79.03],[-104.75,79.03],[-104.97,78.86],[-104.9,78.81],[-104.15,78.99],[-103.88,78.9],[-104.19,78.78],[-103.37,78.74],[-104.02,78.63],[-103.48,78.59],[-103.57,78.54],[-105.0,78.52],[-104.76,78.35],[-103.95,78.26],[-102.73,78.37],[-102.77,78.31],[-102.61,78.25],[-101.07,78.19],[-100.68,77.93]],[[-111.44,78.29],[-111.17,78.39],[-110.42,78.29],[-109.48,78.32],[-109.34,78.41],[-109.5,78.58],[-110.62,78.76],[-112.86,78.47],[-113.29,78.33],[-112.13,78.37],[-111.44,78.29]],[[-95.32,79.35],[-95.1,79.29],[-93.96,79.4],[-94.11,79.32],[-93.93,79.29],[-92.82,79.45],[-91.3,79.37],[-92.55,79.28],[-92.68,79.19],[-94.17,78.97],[-93.16,78.78],[-93.63,78.75],[-93.27,78.61],[-91.87,78.54],[-92.85,78.46],[-92.35,78.31],[-90.61,78.15],[-90.33,78.18],[-90.65,78.31],[-90.46,78.33],[-89.49,78.17],[-90.08,78.55],[-90.04,78.61],[-89.1,78.21],[-88.82,78.19],[-88.61,78.39],[-88.74,78.58],[-88.15,78.48],[-87.98,78.54],[-88.0,78.62],[-88.25,78.67],[-88.16,78.93],[-88.04,79.0],[-87.82,79.04],[-87.95,78.92],[-87.92,78.75],[-87.62,78.68],[-86.96,78.97],[-85.04,79.28],[-85.65,79.61],[-86.01,79.48],[-86.34,79.63],[-87.3,79.58],[-86.98,79.89],[-87.2,80.04],[-87.92,80.1],[-87.63,80.19],[-87.67,80.37],[-88.52,80.42],[-88.64,80.39],[-88.61,80.26],[-88.2,80.11],[-88.86,80.17],[-89.2,80.26],[-89.13,80.44],[-89.24,80.51],[-90.64,80.59],[-90.68,80.69],[-92.0,81.19],[-93.33,81.36],[-94.23,81.32],[-94.11,81.22],[-93.24,81.16],[-93.35,81.09],[-94.98,81.05],[-95.27,81.0],[-95.51,80.84],[-93.93,80.56],[-94.89,80.57],[-95.23,80.69],[-95.93,80.72],[-96.13,80.69],[-96.15,80.55],[-95.55,80.37],[-96.39,80.32],[-95.41,80.14],[-94.26,80.19],[-94.58,80.14],[-94.61,80.06],[-96.77,80.14],[-96.46,79.85],[-95.86,79.67],[-94.4,79.74],[-95.66,79.53],[-95.73,79.42],[-95.32,79.35]],[[-99.42,80.13],[-99.8,80.14],[-100.13,80.0],[-100.0,79.88],[-99.52,79.89],[-98.95,79.72],[-98.79,79.79],[-98.79,79.98],[-98.89,80.08],[-99.42,80.13]],[[-89.62,81.03],[-87.28,81.08],[-84.94,81.29],[-86.48,81.04],[-89.26,80.91],[-88.23,80.7],[-87.33,80.67],[-85.78,81.04],[-83.29,81.15],[-85.25,80.99],[-86.25,80.79],[-86.62,80.63],[-84.42,80.53],[-83.4,80.71],[-82.22,80.77],[-82.88,80.58],[-82.37,80.56],[-80.13,80.76],[-79.61,80.88],[-79.2,81.12],[-76.89,81.43],[-78.29,81.17],[-78.72,80.95],[-76.86,80.86],[-82.99,80.32],[-81.01,79.69],[-80.12,79.67],[-80.48,79.61],[-81.69,79.69],[-83.72,80.23],[-86.31,80.32],[-86.5,80.26],[-86.61,80.12],[-86.42,79.85],[-86.03,79.72],[-85.27,79.66],[-83.58,79.05],[-84.57,79.07],[-84.41,79.0],[-82.44,78.9],[-81.75,78.98],[-83.27,78.77],[-85.0,78.91],[-86.81,78.77],[-87.49,78.42],[-87.55,78.18],[-86.91,78.13],[-85.92,78.34],[-86.22,78.08],[-85.59,78.11],[-85.02,78.31],[-84.78,78.53],[-84.91,78.24],[-84.22,78.18],[-84.62,78.2],[-85.55,77.93],[-85.29,77.76],[-85.29,77.56],[-84.86,77.5],[-83.78,77.53],[-82.6,77.99],[-82.9,77.73],[-83.61,77.44],[-84.49,77.37],[-85.59,77.46],[-86.17,77.75],[-86.76,77.86],[-88.02,77.78],[-88.09,77.72],[-87.68,77.44],[-86.81,77.18],[-88.56,77.07],[-89.5,76.83],[-89.57,76.49],[-88.55,76.42],[-88.61,76.65],[-88.5,76.77],[-88.4,76.41],[-87.5,76.39],[-87.49,76.59],[-87.35,76.45],[-86.68,76.38],[-86.45,76.58],[-86.12,76.43],[-85.34,76.31],[-84.28,76.36],[-84.22,76.68],[-83.89,76.45],[-82.23,76.47],[-82.26,76.57],[-82.53,76.72],[-81.72,76.49],[-80.97,76.47],[-80.83,76.37],[-81.0,76.21],[-80.69,76.18],[-78.28,76.57],[-77.98,76.75],[-78.0,76.85],[-78.29,76.98],[-78.79,76.88],[-79.22,76.94],[-79.32,76.98],[-79.34,77.16],[-79.5,77.2],[-80.22,77.15],[-81.12,77.27],[-81.76,77.2],[-82.06,77.3],[-81.28,77.37],[-81.66,77.53],[-80.57,77.31],[-78.49,77.37],[-78.08,77.52],[-78.01,77.95],[-75.97,77.99],[-75.19,78.33],[-76.42,78.51],[-74.88,78.54],[-74.43,78.72],[-76.26,79.01],[-77.88,78.94],[-78.58,79.08],[-74.53,79.05],[-74.48,79.23],[-75.6,79.24],[-76.9,79.51],[-75.5,79.41],[-73.47,79.5],[-73.2,79.6],[-73.47,79.76],[-74.66,79.84],[-74.39,79.87],[-72.44,79.69],[-71.39,79.76],[-71.11,79.85],[-71.36,79.91],[-70.56,80.07],[-72.06,80.12],[-70.26,80.23],[-70.21,80.28],[-70.71,80.54],[-70.14,80.4],[-69.55,80.38],[-68.63,80.68],[-64.78,81.49],[-68.69,81.29],[-66.91,81.49],[-66.63,81.62],[-64.44,81.74],[-62.18,82.04],[-61.21,82.34],[-61.7,82.49],[-63.25,82.45],[-63.09,82.57],[-63.64,82.71],[-63.5,82.79],[-64.5,82.78],[-64.9,82.9],[-65.3,82.8],[-65.73,82.84],[-68.17,82.65],[-68.47,82.65],[-66.42,82.93],[-69.49,83.02],[-69.97,83.12],[-71.42,83.02],[-70.94,82.9],[-72.07,83.11],[-72.81,83.08],[-73.44,82.95],[-72.66,82.72],[-74.41,83.01],[-75.74,83.05],[-77.12,83.01],[-75.57,82.61],[-76.01,82.54],[-77.48,82.88],[-79.89,82.94],[-80.15,82.91],[-78.75,82.68],[-81.01,82.78],[-81.18,82.74],[-80.81,82.59],[-82.12,82.63],[-81.68,82.52],[-82.45,82.43],[-82.0,82.28],[-79.42,81.85],[-82.54,82.25],[-82.75,82.2],[-82.33,82.09],[-82.63,82.08],[-83.59,82.33],[-84.9,82.45],[-86.62,82.22],[-85.04,81.98],[-86.63,82.05],[-87.02,81.96],[-88.06,82.1],[-90.94,81.83],[-91.68,81.64],[-91.29,81.57],[-89.82,81.63],[-90.61,81.43],[-90.3,81.4],[-88.48,81.56],[-87.6,81.53],[-89.43,81.39],[-89.67,81.33],[-89.21,81.25],[-89.98,81.12],[-89.62,81.03]],[[-47.31,82.53],[-46.75,82.35],[-45.07,82.07],[-44.86,82.08],[-44.75,82.4],[-46.4,82.69],[-47.27,82.66],[-47.35,82.6],[-47.31,82.53]],[[-89.28,76.3],[-91.42,76.46],[-90.54,76.5],[-91.31,76.68],[-93.0,76.62],[-93.53,76.45],[-93.2,76.67],[-93.21,76.75],[-93.81,76.91],[-95.64,77.06],[-96.76,76.97],[-96.81,76.91],[-96.4,76.8],[-96.9,76.77],[-95.97,76.57],[-95.65,76.58],[-96.04,76.49],[-95.27,76.26],[-93.09,76.35],[-92.19,75.85],[-92.07,75.66],[-92.41,75.41],[-92.39,75.26],[-92.08,75.12],[-92.17,75.05],[-91.96,74.79],[-91.51,74.65],[-91.13,74.65],[-91.13,74.74],[-90.88,74.82],[-90.97,74.72],[-90.55,74.61],[-89.56,74.55],[-89.2,74.64],[-89.19,74.74],[-88.94,74.79],[-88.85,74.69],[-88.53,74.83],[-88.34,74.78],[-88.56,74.57],[-88.42,74.49],[-85.81,74.5],[-85.44,74.6],[-85.13,74.52],[-85.06,74.61],[-84.43,74.51],[-83.53,74.59],[-83.34,74.76],[-83.52,74.9],[-83.1,74.82],[-83.12,74.69],[-82.93,74.57],[-81.94,74.47],[-80.28,74.58],[-80.15,74.8],[-80.35,74.9],[-79.94,74.83],[-79.4,74.92],[-79.66,75.02],[-80.38,75.03],[-79.51,75.26],[-79.66,75.45],[-80.26,75.48],[-80.12,75.56],[-81.12,75.66],[-81.27,75.76],[-83.93,75.82],[-84.6,75.65],[-86.07,75.5],[-85.9,75.44],[-85.95,75.4],[-87.26,75.62],[-87.54,75.48],[-87.73,75.58],[-88.2,75.51],[-88.71,75.66],[-88.85,75.62],[-88.8,75.5],[-88.92,75.45],[-89.65,75.57],[-89.2,75.74],[-89.28,75.8],[-90.25,76.05],[-91.41,76.22],[-89.41,76.19],[-89.24,76.24],[-89.28,76.3]],[[-79.7,75.88],[-79.05,75.87],[-79.06,75.99],[-78.85,76.11],[-79.01,76.15],[-79.7,75.88]],[[-97.66,74.47],[-97.29,74.58],[-97.42,74.63],[-97.75,74.51],[-97.66,74.47]],[[-95.44,74.51],[-95.27,74.52],[-95.51,74.64],[-95.85,74.58],[-95.44,74.51]],[[-94.7,74.64],[-93.57,74.67],[-93.46,74.86],[-93.55,75.05],[-93.5,75.14],[-93.91,75.42],[-94.88,75.63],[-95.95,75.44],[-96.6,75.06],[-95.87,74.83],[-94.7,74.64]],[[-99.63,74.98],[-97.95,75.06],[-98.07,75.2],[-97.67,75.13],[-97.85,75.26],[-97.88,75.42],[-97.65,75.51],[-97.34,75.42],[-97.41,75.67],[-97.89,75.76],[-97.6,75.85],[-97.65,75.98],[-97.53,76.11],[-97.74,76.34],[-97.7,76.47],[-98.71,76.69],[-99.02,76.61],[-98.89,76.47],[-100.07,76.63],[-100.89,76.48],[-99.98,76.31],[-100.41,76.24],[-99.54,76.15],[-100.11,76.12],[-99.69,75.96],[-99.87,75.92],[-101.06,76.25],[-101.34,76.41],[-101.79,76.45],[-102.14,76.28],[-101.56,76.24],[-101.87,76.08],[-101.43,75.99],[-101.51,75.92],[-101.29,75.79],[-100.97,75.8],[-102.14,75.88],[-102.8,75.6],[-102.54,75.51],[-99.19,75.7],[-100.71,75.41],[-100.73,75.35],[-100.15,75.25],[-100.48,75.19],[-100.29,75.03],[-99.63,74.98]],[[-104.07,75.42],[-104.47,75.41],[-104.89,75.15],[-104.31,75.03],[-103.64,75.16],[-103.8,75.35],[-104.07,75.42]],[[-102.42,75.87],[-102.01,75.94],[-102.49,76.1],[-102.58,76.28],[-102.73,76.31],[-104.01,76.22],[-104.41,76.11],[-103.8,76.04],[-103.99,75.93],[-103.77,75.89],[-103.04,75.92],[-103.31,75.76],[-102.58,75.78],[-102.42,75.87]],[[-103.05,76.45],[-104.02,76.58],[-103.96,76.64],[-104.07,76.67],[-104.6,76.58],[-104.27,76.33],[-103.47,76.33],[-103.05,76.45]],[[-101.61,76.6],[-101.23,76.58],[-100.27,76.73],[-100.89,76.74],[-101.61,76.6]],[[-94.75,75.77],[-94.3,75.79],[-94.5,75.99],[-94.9,75.93],[-94.75,75.77]],[[-97.02,75.47],[-96.86,75.37],[-95.96,75.55],[-96.37,75.65],[-97.02,75.47]],[[-113.71,76.87],[-114.84,76.79],[-113.71,76.71],[-113.49,76.78],[-113.71,76.87]],[[-90.56,76.73],[-89.97,76.49],[-89.73,76.51],[-89.82,76.63],[-89.69,76.72],[-89.95,76.84],[-90.56,76.73]],[[-104.71,77.12],[-104.49,77.16],[-104.45,77.25],[-105.46,77.7],[-106.07,77.73],[-105.38,77.25],[-104.71,77.12]],[[-102.08,77.69],[-101.0,77.74],[-101.64,77.89],[-102.47,77.87],[-102.38,77.73],[-102.08,77.69]],[[-96.19,77.7],[-96.26,77.59],[-95.99,77.48],[-93.84,77.45],[-93.54,77.47],[-93.34,77.63],[-93.13,77.66],[-93.58,77.77],[-95.48,77.79],[-96.19,77.7]],[[-91.19,77.48],[-90.99,77.33],[-90.23,77.21],[-89.69,77.34],[-89.84,77.49],[-90.42,77.63],[-91.02,77.64],[-91.15,77.61],[-91.19,77.48]],[[-96.01,77.89],[-95.09,77.99],[-94.94,78.11],[-95.33,78.23],[-94.89,78.36],[-97.17,78.76],[-98.33,78.77],[-98.06,78.56],[-98.32,78.48],[-98.05,78.33],[-96.94,78.15],[-97.66,78.09],[-97.02,77.91],[-96.99,77.81],[-96.01,77.89]],[[-93.55,74.17],[-94.73,74.09],[-95.14,73.96],[-95.06,73.81],[-94.7,73.66],[-95.39,73.76],[-95.63,73.7],[-95.6,72.88],[-95.25,72.5],[-95.19,72.03],[-94.14,72.0],[-93.54,72.44],[-93.57,72.56],[-93.77,72.67],[-94.21,72.76],[-92.12,72.75],[-91.43,73.19],[-91.55,73.24],[-91.25,73.3],[-90.35,73.87],[-91.09,74.01],[-92.22,73.97],[-93.55,74.17]],[[-89.36,72.8],[-89.86,72.41],[-89.86,72.25],[-89.66,72.18],[-90.03,71.95],[-89.85,71.49],[-89.08,71.29],[-87.87,71.21],[-87.14,71.01],[-87.84,70.94],[-89.46,71.06],[-89.21,70.76],[-88.85,70.52],[-87.9,70.25],[-86.4,70.47],[-86.5,70.35],[-86.32,70.15],[-85.78,70.04],[-85.43,70.11],[-83.86,69.96],[-83.15,70.01],[-82.29,69.84],[-81.56,69.94],[-80.92,69.73],[-80.84,69.79],[-81.02,69.9],[-81.65,70.09],[-79.52,69.89],[-79.09,69.93],[-78.82,70.01],[-78.81,70.18],[-79.02,70.33],[-79.41,70.4],[-79.07,70.6],[-78.28,70.23],[-77.77,70.24],[-77.59,69.85],[-76.86,69.78],[-77.09,69.64],[-76.74,69.57],[-76.51,69.68],[-76.23,69.66],[-76.46,69.62],[-76.52,69.52],[-75.65,69.21],[-75.95,69.03],[-76.56,69.01],[-76.59,68.7],[-75.52,68.95],[-75.21,68.91],[-74.85,69.07],[-74.72,69.05],[-74.95,68.96],[-74.74,68.91],[-74.91,68.82],[-74.7,68.81],[-74.42,68.58],[-73.99,68.55],[-74.12,68.7],[-73.85,68.7],[-73.78,68.62],[-73.88,68.43],[-73.82,68.36],[-73.64,68.29],[-73.28,68.36],[-73.33,68.27],[-72.73,67.81],[-72.22,67.25],[-72.79,67.03],[-73.03,66.73],[-74.42,66.17],[-74.28,66.01],[-73.75,65.77],[-73.55,65.49],[-73.99,65.52],[-75.17,65.28],[-75.8,65.3],[-75.36,65.01],[-75.45,64.84],[-75.59,64.91],[-75.52,65.06],[-75.83,65.23],[-77.33,65.45],[-77.46,65.36],[-77.36,65.2],[-78.06,64.98],[-78.17,64.62],[-77.79,64.37],[-76.86,64.24],[-75.77,64.39],[-75.72,64.52],[-74.69,64.5],[-74.64,64.56],[-74.92,64.77],[-74.68,64.83],[-74.46,64.64],[-74.13,64.61],[-74.06,64.42],[-73.91,64.58],[-73.27,64.58],[-73.45,64.4],[-72.68,64.02],[-72.5,63.82],[-72.17,63.89],[-72.29,63.73],[-71.84,63.72],[-71.38,63.58],[-71.61,63.44],[-71.99,63.42],[-71.5,63.13],[-71.25,63.04],[-70.95,63.12],[-71.11,63.0],[-70.24,62.76],[-69.6,62.77],[-69.13,62.42],[-68.54,62.26],[-67.44,62.15],[-66.26,61.87],[-66.06,61.91],[-66.13,62.1],[-65.98,62.21],[-66.28,62.3],[-66.64,62.6],[-67.74,63.01],[-67.68,63.09],[-68.14,63.17],[-68.79,63.6],[-68.91,63.7],[-68.86,63.75],[-68.49,63.73],[-67.72,63.42],[-67.89,63.73],[-67.26,63.34],[-67.02,63.32],[-66.7,63.07],[-66.65,63.26],[-66.41,63.03],[-66.23,62.99],[-66.22,63.11],[-65.11,62.63],[-65.05,62.7],[-65.16,62.93],[-64.67,62.92],[-65.07,63.26],[-65.0,63.33],[-65.19,63.76],[-64.93,63.6],[-64.66,63.25],[-64.51,63.26],[-64.56,63.68],[-64.41,63.71],[-64.58,63.9],[-64.8,63.92],[-64.68,64.03],[-65.17,64.03],[-65.35,64.23],[-65.58,64.29],[-65.21,64.3],[-65.07,64.44],[-65.53,64.5],[-65.27,64.63],[-65.43,64.73],[-65.94,64.89],[-66.21,64.72],[-66.3,64.78],[-66.22,64.85],[-66.64,65.0],[-66.7,64.82],[-66.83,65.07],[-67.34,65.35],[-67.12,65.44],[-67.57,65.64],[-67.94,65.56],[-67.87,65.77],[-68.19,65.87],[-68.22,66.08],[-68.75,66.2],[-68.46,66.25],[-67.83,65.97],[-67.35,65.93],[-67.18,66.03],[-67.7,66.27],[-67.88,66.47],[-67.23,66.31],[-67.19,66.43],[-67.31,66.57],[-67.08,66.53],[-66.97,66.55],[-66.99,66.63],[-66.48,66.28],[-66.06,66.13],[-65.66,66.2],[-65.86,66.09],[-65.83,66.0],[-65.0,66.08],[-64.45,66.32],[-65.4,65.76],[-65.11,65.46],[-64.56,65.12],[-64.27,65.4],[-64.35,65.17],[-64.15,65.07],[-63.9,65.11],[-63.61,64.93],[-63.36,65.23],[-63.34,65.62],[-63.65,65.66],[-63.42,65.71],[-63.46,65.85],[-63.17,65.66],[-62.66,65.64],[-62.38,65.83],[-62.62,66.02],[-61.99,66.04],[-62.53,66.23],[-62.41,66.32],[-62.55,66.41],[-61.86,66.31],[-61.58,66.41],[-62.12,66.64],[-61.31,66.61],[-62.12,67.05],[-62.38,66.91],[-62.96,66.95],[-63.7,66.82],[-63.26,67.02],[-63.04,67.24],[-63.59,67.38],[-63.84,67.26],[-64.59,67.32],[-64.7,67.35],[-64.01,67.35],[-64.08,67.5],[-63.85,67.57],[-64.64,67.84],[-65.02,67.79],[-65.03,67.89],[-64.84,67.99],[-64.98,68.04],[-65.42,67.88],[-65.4,67.67],[-65.54,67.77],[-65.51,67.97],[-65.86,67.92],[-65.97,67.96],[-65.94,68.07],[-66.39,67.83],[-66.53,67.85],[-66.27,68.04],[-66.21,68.28],[-66.63,68.21],[-66.66,68.03],[-66.73,68.13],[-66.92,68.07],[-66.83,68.22],[-67.03,68.33],[-66.71,68.45],[-67.94,68.52],[-68.21,68.7],[-69.32,68.86],[-67.88,68.78],[-67.75,69.04],[-68.42,69.17],[-69.04,69.1],[-67.94,69.25],[-66.8,69.15],[-66.68,69.26],[-67.36,69.47],[-67.91,69.46],[-68.51,69.58],[-69.25,69.51],[-68.02,69.77],[-67.19,69.76],[-67.36,70.03],[-67.86,70.28],[-68.12,70.31],[-68.33,70.18],[-68.23,70.11],[-68.74,69.94],[-69.01,69.98],[-68.72,70.15],[-68.78,70.2],[-70.06,70.04],[-69.44,70.25],[-68.48,70.41],[-68.36,70.52],[-68.5,70.61],[-69.29,70.78],[-70.08,70.83],[-70.98,70.58],[-71.43,70.13],[-71.28,70.5],[-71.43,70.55],[-71.73,70.4],[-71.89,70.43],[-70.76,70.79],[-70.64,70.9],[-70.67,71.05],[-70.83,71.11],[-71.37,70.98],[-71.74,71.05],[-72.01,71.01],[-72.31,70.83],[-72.63,70.83],[-71.94,71.09],[-71.5,71.11],[-71.19,71.28],[-71.64,71.52],[-72.9,71.68],[-73.28,71.54],[-73.18,71.28],[-73.71,71.59],[-74.2,71.4],[-73.71,71.72],[-73.87,71.77],[-74.49,71.65],[-74.76,71.34],[-75.04,71.23],[-74.7,71.68],[-75.2,71.71],[-74.32,71.84],[-74.21,71.98],[-74.9,72.1],[-75.43,71.98],[-75.92,71.72],[-75.04,72.27],[-75.19,72.43],[-75.7,72.57],[-76.89,72.72],[-77.75,72.72],[-78.35,72.6],[-78.48,72.47],[-77.52,72.18],[-78.7,72.35],[-78.86,72.1],[-78.59,71.88],[-79.01,72.04],[-79.0,72.27],[-79.32,72.39],[-79.58,72.31],[-79.83,72.45],[-80.11,72.33],[-79.88,72.18],[-80.18,72.21],[-80.93,71.91],[-80.92,72.07],[-80.69,72.1],[-80.94,72.21],[-80.61,72.45],[-81.23,72.31],[-80.27,72.75],[-80.59,72.93],[-80.6,73.12],[-81.15,73.31],[-81.34,73.6],[-81.61,73.7],[-82.84,73.72],[-83.9,73.53],[-83.78,73.42],[-84.42,73.46],[-85.02,73.34],[-85.45,73.11],[-84.27,72.84],[-85.39,72.95],[-85.65,72.72],[-85.62,72.6],[-85.34,72.42],[-84.62,72.38],[-84.84,72.31],[-84.28,72.04],[-85.32,72.23],[-85.91,71.99],[-85.34,71.7],[-84.7,71.63],[-84.67,71.44],[-84.87,71.0],[-85.05,71.06],[-85.0,71.14],[-85.64,71.15],[-86.55,70.99],[-85.02,71.35],[-86.22,71.9],[-86.34,72.12],[-86.32,72.46],[-86.67,72.76],[-86.0,73.31],[-84.97,73.69],[-84.98,73.76],[-86.41,73.85],[-87.72,73.72],[-89.11,73.18],[-89.26,73.07],[-89.36,72.8]],[[-80.82,73.74],[-80.78,73.33],[-80.18,73.22],[-79.94,72.86],[-79.5,72.76],[-78.31,72.88],[-76.4,72.82],[-76.09,72.88],[-76.31,73.0],[-76.29,73.08],[-77.38,73.54],[-78.29,73.67],[-80.82,73.74]],[[-55.23,72.82],[-56.21,72.72],[-55.52,72.57],[-55.02,72.79],[-55.23,72.82]],[[-53.96,71.13],[-53.63,71.03],[-53.43,71.15],[-53.58,71.3],[-53.96,71.13]],[[-52.12,70.87],[-51.61,70.87],[-51.97,70.98],[-52.11,70.97],[-52.12,70.87]],[[-54.37,70.32],[-54.71,70.26],[-54.83,70.13],[-54.32,69.94],[-54.79,69.95],[-54.92,69.71],[-54.73,69.61],[-53.66,69.47],[-54.18,69.4],[-54.05,69.34],[-53.58,69.26],[-52.11,69.49],[-51.9,69.6],[-52.05,69.81],[-52.73,69.94],[-53.3,70.21],[-54.37,70.32]],[[-51.2,69.53],[-51.01,69.55],[-50.91,69.76],[-50.68,69.85],[-51.09,69.92],[-51.35,69.85],[-51.2,69.53]],[[-67.83,69.67],[-68.22,69.62],[-67.94,69.53],[-67.75,69.63],[-67.83,69.67]],[[-62.87,67.06],[-62.81,67.03],[-62.68,67.06],[-62.48,67.13],[-62.4,67.18],[-62.42,67.19],[-62.47,67.19],[-62.63,67.18],[-62.66,67.15],[-62.76,67.11],[-62.83,67.07],[-62.87,67.06]],[[-64.84,62.41],[-64.55,62.39],[-64.42,62.49],[-64.82,62.56],[-64.96,62.46],[-64.84,62.41]],[[-65.24,61.9],[-65.17,61.8],[-64.85,61.76],[-65.07,61.93],[-65.24,61.9]],[[-70.44,62.73],[-71.22,62.87],[-70.77,62.6],[-70.27,62.58],[-70.44,62.73]],[[-82.39,62.52],[-82.03,62.73],[-81.96,62.93],[-83.38,62.9],[-83.91,62.43],[-83.7,62.16],[-83.02,62.21],[-82.39,62.52]],[[-79.6,62.41],[-79.93,62.39],[-80.18,62.21],[-80.28,62.05],[-80.27,61.82],[-79.82,61.59],[-79.67,61.64],[-79.27,62.19],[-79.6,62.41]],[[-77.54,63.29],[-77.93,63.48],[-78.54,63.42],[-77.94,63.11],[-77.59,63.19],[-77.54,63.29]],[[-84.51,63.39],[-84.31,63.59],[-83.73,63.81],[-83.58,64.06],[-83.19,64.16],[-83.02,64.13],[-83.03,64.02],[-82.47,63.93],[-82.38,63.71],[-81.05,63.46],[-80.26,63.8],[-80.67,63.9],[-80.57,63.93],[-80.83,64.09],[-81.89,64.02],[-81.68,64.21],[-82.05,64.64],[-83.2,64.96],[-83.49,65.13],[-84.08,65.22],[-84.5,65.46],[-84.89,65.25],[-85.24,65.51],[-85.11,65.62],[-85.24,65.8],[-85.55,65.92],[-85.81,65.83],[-86.07,65.53],[-86.37,64.57],[-86.25,64.14],[-86.93,63.9],[-87.18,63.6],[-85.77,63.7],[-85.5,63.14],[-85.39,63.12],[-84.51,63.39]],[[-84.78,65.57],[-84.6,65.63],[-84.69,65.79],[-84.94,66.01],[-85.15,66.02],[-85.1,65.76],[-84.78,65.57]],[[-84.12,65.77],[-83.81,65.79],[-83.7,65.76],[-83.79,65.67],[-83.38,65.63],[-83.23,65.7],[-83.73,65.8],[-83.7,65.92],[-83.95,66.03],[-84.46,66.11],[-84.14,65.92],[-84.12,65.77]],[[-77.93,63.96],[-77.71,63.95],[-77.64,63.99],[-77.56,64.02],[-77.57,64.03],[-77.62,64.04],[-77.71,64.04],[-77.93,64.01],[-77.97,63.99],[-77.96,63.98],[-77.93,63.96]],[[-77.36,63.59],[-76.78,63.38],[-76.68,63.39],[-76.65,63.5],[-77.13,63.68],[-77.36,63.59]],[[-75.09,67.75],[-75.1,68.2],[-75.87,68.34],[-76.69,68.25],[-77.13,67.95],[-77.31,67.71],[-77.08,67.32],[-76.69,67.24],[-75.4,67.37],[-75.13,67.54],[-75.09,67.75]],[[-78.87,68.31],[-79.15,68.34],[-79.17,68.23],[-78.98,68.19],[-78.87,68.31]],[[-75.07,68.4],[-74.88,68.35],[-74.8,68.46],[-75.07,68.68],[-75.37,68.64],[-75.4,68.53],[-75.07,68.4]],[[-74.37,67.79],[-73.4,67.83],[-73.49,68.0],[-74.73,68.05],[-74.57,67.83],[-74.37,67.79]],[[-78.71,69.01],[-78.23,69.31],[-78.6,69.37],[-78.66,69.26],[-79.41,68.92],[-79.21,68.85],[-78.71,69.01]],[[-77.22,69.14],[-76.91,69.17],[-76.67,69.37],[-77.32,69.42],[-77.38,69.27],[-77.22,69.14]],[[-79.97,69.56],[-80.05,69.63],[-79.36,69.71],[-79.59,69.81],[-79.97,69.74],[-80.21,69.8],[-80.79,69.69],[-79.97,69.56]],[[-86.52,70.02],[-86.69,70.12],[-87.32,70.1],[-87.04,70.0],[-86.52,70.02]],[[-96.62,71.97],[-96.77,72.05],[-96.59,72.2],[-96.8,72.32],[-96.47,72.43],[-96.54,72.7],[-97.13,72.63],[-97.08,72.76],[-97.64,73.03],[-98.43,72.96],[-97.8,73.29],[-97.23,73.42],[-97.63,73.5],[-97.0,73.67],[-97.33,73.86],[-99.16,73.73],[-100.0,73.95],[-100.23,73.89],[-99.91,73.85],[-99.99,73.8],[-100.92,73.81],[-100.95,73.69],[-100.61,73.58],[-100.52,73.45],[-100.98,73.6],[-101.52,73.49],[-100.89,73.28],[-100.37,73.36],[-99.83,73.21],[-100.49,73.23],[-100.53,73.14],[-100.28,73.12],[-100.09,72.94],[-100.19,72.89],[-100.4,72.98],[-100.48,72.77],[-101.27,72.72],[-101.92,73.06],[-102.2,73.08],[-102.5,73.01],[-102.71,72.78],[-101.72,72.31],[-101.21,72.32],[-100.59,72.15],[-99.73,71.76],[-99.22,71.39],[-98.78,71.31],[-98.2,71.44],[-98.46,71.77],[-98.32,71.85],[-98.18,71.66],[-97.46,71.63],[-96.61,71.83],[-96.62,71.97]],[[-104.38,71.34],[-104.39,71.58],[-104.81,71.9],[-105.23,72.42],[-105.42,72.79],[-105.62,72.93],[-106.83,73.27],[-107.11,73.19],[-108.03,73.35],[-108.08,73.28],[-107.94,73.22],[-108.2,73.18],[-108.24,73.11],[-107.7,72.15],[-107.31,71.89],[-107.79,71.63],[-108.19,71.72],[-108.75,72.55],[-110.01,72.98],[-110.66,73.01],[-110.69,72.94],[-110.55,72.86],[-110.2,72.76],[-110.21,72.66],[-111.14,72.37],[-111.27,72.36],[-111.31,72.45],[-111.68,72.3],[-111.9,72.36],[-111.36,72.57],[-111.27,72.71],[-113.07,73.0],[-113.45,72.86],[-113.58,72.65],[-114.52,72.59],[-114.11,72.86],[-114.05,73.07],[-114.21,73.3],[-114.64,73.37],[-117.26,72.91],[-118.13,72.63],[-118.48,72.43],[-118.21,72.26],[-118.94,71.99],[-118.99,71.8],[-118.87,71.69],[-118.58,71.65],[-117.74,71.66],[-118.23,71.47],[-117.94,71.39],[-115.59,71.55],[-115.3,71.49],[-115.98,71.47],[-116.05,71.42],[-115.89,71.38],[-117.81,71.16],[-118.38,70.97],[-117.59,70.63],[-115.99,70.59],[-113.76,70.69],[-111.63,70.31],[-112.64,70.23],[-114.59,70.31],[-117.2,70.05],[-117.1,69.8],[-116.51,69.42],[-115.62,69.28],[-113.69,69.2],[-113.55,68.77],[-113.02,68.48],[-109.47,68.68],[-108.36,68.93],[-107.44,69.0],[-106.66,69.44],[-106.42,69.41],[-106.34,69.22],[-106.14,69.16],[-105.02,69.08],[-105.17,68.96],[-105.11,68.92],[-102.9,68.82],[-101.86,69.02],[-101.79,69.18],[-102.05,69.26],[-101.98,69.43],[-102.15,69.49],[-102.45,69.48],[-103.12,69.2],[-103.05,69.47],[-103.43,69.67],[-102.62,69.55],[-102.53,69.62],[-102.6,69.72],[-102.18,69.85],[-101.73,69.7],[-101.48,69.85],[-101.22,69.68],[-100.94,69.72],[-100.91,69.87],[-101.09,70.14],[-101.56,70.14],[-101.68,70.28],[-101.99,70.29],[-103.05,70.66],[-103.01,70.53],[-103.1,70.51],[-103.95,70.76],[-104.57,71.1],[-104.38,71.34]],[[-100.64,70.67],[-100.62,70.55],[-100.31,70.5],[-100.28,70.59],[-100.64,70.67]],[[-98.3,69.67],[-98.04,69.46],[-98.55,69.57],[-98.45,69.48],[-98.56,69.46],[-98.45,69.35],[-98.5,69.31],[-98.91,69.17],[-99.46,69.13],[-99.56,69.03],[-99.25,68.86],[-98.9,68.93],[-98.78,68.82],[-98.32,68.84],[-98.24,68.74],[-97.47,68.54],[-96.6,68.46],[-95.27,68.83],[-95.75,68.9],[-96.3,69.34],[-97.24,69.67],[-97.41,69.63],[-97.41,69.74],[-97.69,69.84],[-98.08,69.83],[-98.3,69.67]],[[-95.96,69.37],[-95.86,69.38],[-95.81,69.56],[-95.68,69.5],[-95.68,69.34],[-95.44,69.38],[-95.38,69.51],[-95.8,69.63],[-95.98,69.51],[-95.96,69.37]],[[-104.7,68.58],[-105.05,68.56],[-104.7,68.42],[-104.44,68.45],[-104.7,68.58]],[[-101.73,68.65],[-101.76,68.77],[-102.01,68.83],[-102.31,68.68],[-101.89,68.58],[-101.73,68.65]],[[-100.6,68.77],[-100.37,68.73],[-100.18,68.9],[-100.57,69.03],[-100.6,68.77]],[[-100.14,68.97],[-99.99,69.01],[-100.15,69.13],[-100.25,69.05],[-100.14,68.97]],[[-101.24,69.57],[-101.36,69.54],[-101.21,69.48],[-101.27,69.39],[-101.0,69.46],[-101.24,69.57]],[[-106.53,73.41],[-105.34,72.91],[-104.79,73.17],[-104.58,73.35],[-104.56,73.54],[-105.11,73.74],[-105.51,73.77],[-106.61,73.7],[-106.95,73.51],[-106.53,73.41]],[[-99.3,73.86],[-98.27,73.87],[-97.66,74.07],[-98.06,74.1],[-99.42,73.9],[-99.3,73.86]],[[-97.1,73.06],[-96.94,72.93],[-96.67,72.96],[-96.6,73.07],[-96.86,73.19],[-97.1,73.06]],[[-109.5,68.05],[-109.36,67.99],[-109.32,67.99],[-109.32,68.01],[-109.34,68.05],[-109.47,68.1],[-109.5,68.05]],[[-108.13,67.63],[-108.15,67.43],[-107.95,67.32],[-107.89,67.44],[-107.99,67.62],[-108.13,67.63]],[[-90.23,69.44],[-90.49,69.37],[-90.3,69.26],[-90.18,69.36],[-90.23,69.44]],[[-86.7,68.31],[-86.96,68.1],[-86.85,68.01],[-86.89,67.84],[-86.6,67.74],[-86.4,67.89],[-86.42,68.18],[-86.7,68.31]],[[-78.67,60.73],[-78.67,60.72],[-78.53,60.73],[-78.37,60.76],[-78.28,60.78],[-78.24,60.82],[-78.4,60.81],[-78.61,60.77],[-78.67,60.73]],[[-80.32,59.63],[-80.32,59.62],[-80.29,59.62],[-80.24,59.64],[-80.18,59.68],[-80.17,59.71],[-80.21,59.72],[-80.26,59.68],[-80.3,59.67],[-80.32,59.63]],[[-79.94,56.78],[-79.89,56.76],[-79.87,56.77],[-79.84,56.82],[-79.83,56.84],[-79.86,56.86],[-79.9,56.87],[-79.95,56.83],[-79.94,56.78]],[[-79.27,56.6],[-79.46,56.21],[-79.55,56.19],[-79.46,56.54],[-79.52,56.33],[-80.01,55.91],[-79.9,55.87],[-79.54,56.13],[-79.76,55.81],[-79.5,55.87],[-79.18,56.21],[-79.14,56.14],[-79.27,55.92],[-79.18,55.89],[-78.91,56.32],[-79.27,56.6]],[[-78.91,56.13],[-78.71,56.21],[-78.67,56.44],[-78.8,56.38],[-78.91,56.13]],[[-81.01,52.76],[-80.73,52.75],[-80.71,52.83],[-81.14,53.21],[-81.85,53.19],[-82.04,53.05],[-81.01,52.76]],[[-79.52,51.95],[-79.35,51.97],[-79.27,52.09],[-79.64,52.01],[-79.52,51.95]],[[-64.88,61.36],[-64.7,61.47],[-64.67,61.59],[-64.95,61.69],[-65.43,61.65],[-64.88,61.36]],[[-46.5,60.69],[-46.38,60.66],[-46.21,60.94],[-46.79,60.78],[-46.5,60.69]],[[-68.37,60.25],[-68.01,60.3],[-67.82,60.45],[-68.09,60.59],[-68.37,60.25]],[[-64.74,60.38],[-64.44,60.3],[-64.41,60.37],[-64.65,60.51],[-64.84,60.5],[-64.74,60.38]],[[-69.32,59.03],[-69.35,58.96],[-69.22,58.97],[-69.2,59.15],[-69.33,59.12],[-69.32,59.03]],[[-45.72,-60.52],[-45.93,-60.53],[-45.95,-60.6],[-45.17,-60.73],[-45.23,-60.64],[-45.72,-60.52]],[[-55.35,-61.21],[-54.67,-61.12],[-55.39,-61.07],[-55.44,-61.11],[-55.35,-61.21]],[[-57.98,-61.91],[-58.68,-62.01],[-59.0,-62.21],[-58.56,-62.24],[-58.47,-62.14],[-58.18,-62.17],[-58.15,-62.06],[-57.64,-62.02],[-57.74,-61.92],[-57.98,-61.91]],[[-59.62,-62.4],[-59.53,-62.45],[-59.39,-62.44],[-59.35,-62.41],[-59.4,-62.37],[-59.48,-62.35],[-59.66,-62.35],[-59.62,-62.4]],[[-60.84,-62.53],[-61.15,-62.63],[-60.38,-62.62],[-60.22,-62.75],[-59.85,-62.61],[-60.58,-62.57],[-60.8,-62.48],[-60.84,-62.53]],[[-62.64,-63.03],[-62.66,-63.07],[-62.62,-63.07],[-62.41,-62.97],[-62.34,-62.92],[-62.32,-62.87],[-62.53,-62.92],[-62.64,-63.03]],[[-60.69,-63.0],[-60.5,-62.97],[-60.64,-62.9],[-60.74,-62.95],[-60.69,-63.0]],[[-56.49,-62.98],[-56.61,-63.05],[-56.35,-63.17],[-56.05,-63.05],[-56.49,-62.98]],[[-56.04,-63.16],[-56.39,-63.23],[-56.5,-63.36],[-56.38,-63.44],[-55.83,-63.3],[-55.08,-63.32],[-55.16,-63.2],[-55.59,-63.13],[-56.04,-63.16]],[[-56.21,-63.44],[-55.96,-63.58],[-55.72,-63.49],[-55.86,-63.41],[-56.21,-63.44]],[[-60.85,-63.89],[-60.65,-63.87],[-60.56,-63.7],[-60.71,-63.67],[-60.81,-63.84],[-60.97,-63.85],[-60.85,-63.89]],[[-62.33,-64.01],[-62.59,-64.08],[-62.48,-64.21],[-62.78,-64.48],[-62.58,-64.51],[-62.19,-64.37],[-62.06,-64.14],[-62.33,-64.01]],[[-63.33,-64.27],[-63.53,-64.27],[-64.27,-64.7],[-63.74,-64.83],[-62.84,-64.57],[-63.28,-64.57],[-63.18,-64.47],[-63.33,-64.27]],[[-66.18,-65.87],[-65.85,-65.84],[-65.81,-65.69],[-65.67,-65.65],[-65.64,-65.55],[-65.97,-65.57],[-66.18,-65.87]],[[-66.85,-66.31],[-66.6,-66.2],[-66.58,-66.08],[-66.78,-66.11],[-66.85,-66.31]],[[-68.9,-67.74],[-68.58,-67.73],[-68.38,-67.56],[-67.99,-67.47],[-68.24,-67.37],[-67.69,-67.15],[-67.97,-67.03],[-67.93,-66.84],[-67.68,-66.71],[-67.71,-66.63],[-68.34,-66.8],[-69.08,-67.4],[-69.12,-67.58],[-68.9,-67.74]],[[-67.52,-66.9],[-67.26,-66.84],[-67.43,-66.74],[-67.59,-66.88],[-67.52,-66.9]],[[-67.69,-67.69],[-67.69,-67.76],[-67.54,-67.79],[-67.15,-67.65],[-67.42,-67.59],[-67.69,-67.69]],[[-71.83,-69.37],[-71.72,-69.52],[-71.88,-69.91],[-71.73,-70.05],[-71.12,-70.2],[-70.33,-70.16],[-69.62,-70.4],[-70.33,-70.36],[-71.06,-70.54],[-71.19,-70.66],[-70.92,-70.79],[-69.88,-70.88],[-69.84,-71.09],[-69.92,-71.13],[-70.38,-70.95],[-71.19,-70.98],[-71.72,-71.15],[-72.71,-71.07],[-73.06,-71.13],[-72.21,-71.34],[-73.6,-71.35],[-73.59,-71.45],[-73.38,-71.53],[-73.48,-71.58],[-74.31,-71.4],[-74.43,-71.46],[-74.39,-71.64],[-74.86,-71.54],[-75.29,-71.61],[-75.35,-71.88],[-74.79,-72.06],[-74.0,-72.17],[-73.54,-72.02],[-73.78,-71.85],[-72.93,-71.92],[-72.26,-71.64],[-71.82,-71.82],[-70.82,-71.91],[-71.03,-72.03],[-71.9,-72.12],[-71.66,-72.25],[-70.53,-72.16],[-70.21,-72.23],[-70.87,-72.37],[-72.74,-72.28],[-73.06,-72.45],[-72.37,-72.67],[-70.54,-72.66],[-69.21,-72.53],[-69.15,-72.43],[-68.54,-72.16],[-68.24,-71.82],[-68.34,-70.86],[-68.45,-70.82],[-68.46,-70.68],[-69.09,-70.09],[-69.42,-69.58],[-69.71,-69.32],[-70.08,-69.31],[-70.15,-68.92],[-70.42,-68.79],[-72.06,-69.0],[-72.11,-69.23],[-71.83,-69.37]],[[-90.81,-72.61],[-91.3,-72.55],[-91.67,-72.62],[-91.36,-72.91],[-91.51,-73.2],[-91.16,-73.18],[-90.78,-72.99],[-90.78,-72.85],[-90.9,-72.82],[-90.78,-72.73],[-90.81,-72.61]],[[-93.8,-72.88],[-94.0,-72.82],[-94.05,-72.82],[-94.11,-72.86],[-94.08,-72.88],[-93.97,-72.92],[-93.8,-72.92],[-93.76,-72.91],[-93.8,-72.88]],[[-96.91,-72.58],[-96.05,-72.58],[-96.08,-72.45],[-95.58,-72.41],[-95.53,-72.25],[-95.69,-72.06],[-96.72,-72.26],[-96.98,-72.22],[-96.3,-72.05],[-96.12,-71.9],[-96.38,-71.84],[-96.87,-71.85],[-97.35,-72.19],[-97.58,-72.1],[-97.47,-72.0],[-97.58,-71.88],[-97.82,-71.92],[-97.92,-72.12],[-98.17,-72.12],[-98.09,-71.91],[-98.19,-71.82],[-98.62,-71.76],[-99.78,-72.04],[-100.22,-71.83],[-102.13,-71.99],[-102.31,-72.08],[-102.02,-72.18],[-100.2,-72.27],[-98.41,-72.55],[-96.91,-72.58]],[[-76.18,-71.13],[-74.5,-70.97],[-73.55,-70.72],[-73.96,-70.56],[-74.11,-70.58],[-74.11,-70.66],[-74.4,-70.58],[-74.59,-70.79],[-74.95,-70.59],[-75.21,-70.77],[-76.5,-70.94],[-76.42,-71.09],[-76.18,-71.13]],[[-71.44,-70.39],[-71.35,-70.3],[-71.8,-70.29],[-71.68,-70.44],[-71.44,-70.39]],[[-74.81,-69.75],[-75.26,-69.75],[-75.34,-69.84],[-75.76,-69.92],[-75.8,-70.04],[-74.85,-70.18],[-74.44,-69.95],[-74.81,-69.75]],[[-72.34,-69.71],[-71.99,-69.7],[-72.46,-69.45],[-72.94,-69.47],[-72.78,-69.65],[-72.34,-69.71]],[[-104.88,-73.2],[-104.54,-73.17],[-104.97,-72.94],[-105.13,-72.99],[-104.88,-73.2]],[[-126.83,-73.29],[-127.27,-73.3],[-127.41,-73.52],[-127.23,-73.59],[-127.21,-73.72],[-126.58,-73.67],[-126.24,-73.89],[-125.09,-74.18],[-123.84,-74.23],[-123.8,-74.08],[-124.13,-73.97],[-124.04,-73.88],[-124.13,-73.83],[-124.62,-73.74],[-124.99,-73.83],[-125.8,-73.8],[-125.83,-73.72],[-125.26,-73.67],[-126.07,-73.31],[-126.83,-73.29]],[[-123.11,-73.68],[-123.35,-73.84],[-122.62,-73.97],[-122.88,-74.1],[-122.76,-74.22],[-122.96,-74.24],[-122.86,-74.34],[-122.29,-74.4],[-121.06,-74.34],[-120.99,-74.16],[-120.27,-73.99],[-120.56,-73.76],[-123.11,-73.68]],[[-119.82,-74.12],[-119.06,-74.0],[-118.88,-73.88],[-119.22,-73.78],[-119.8,-73.81],[-119.66,-73.99],[-119.91,-74.08],[-119.82,-74.12]],[[-117.38,-74.08],[-117.23,-74.19],[-116.74,-74.17],[-116.15,-73.91],[-116.38,-73.87],[-117.38,-74.08]],[[-127.85,-74.33],[-128.13,-74.33],[-128.1,-74.47],[-127.52,-74.64],[-127.15,-74.48],[-127.85,-74.33]],[[-131.59,-74.33],[-132.16,-74.43],[-131.18,-74.6],[-130.97,-74.52],[-130.98,-74.41],[-131.59,-74.33]],[[-145.54,-75.69],[-145.24,-75.71],[-145.76,-75.51],[-146.15,-75.57],[-145.54,-75.69]],[[-147.28,-76.55],[-147.36,-76.62],[-147.22,-76.67],[-146.91,-76.71],[-146.79,-76.63],[-147.28,-76.55]],[[-150.1,-76.72],[-150.18,-76.69],[-150.84,-76.71],[-150.87,-76.74],[-150.83,-76.76],[-150.66,-76.79],[-150.23,-76.78],[-150.08,-76.74],[-150.1,-76.72]],[[-147.09,-76.84],[-147.08,-76.99],[-146.98,-77.01],[-146.16,-76.95],[-147.09,-76.84]],[[-148.7,-76.94],[-149.3,-76.92],[-149.01,-77.02],[-148.44,-76.98],[-148.7,-76.94]],[[-149.74,-76.93],[-150.39,-76.9],[-150.79,-76.98],[-150.46,-77.08],[-149.23,-77.12],[-149.74,-76.93]],[[-160.81,-79.81],[-159.05,-79.81],[-159.0,-79.74],[-159.68,-79.4],[-162.39,-78.76],[-163.26,-78.72],[-164.13,-79.0],[-164.28,-79.25],[-163.71,-79.44],[-160.81,-79.81]],[[-163.25,-81.48],[-160.47,-81.59],[-160.94,-81.46],[-162.46,-81.31],[-163.2,-81.28],[-163.95,-81.39],[-163.25,-81.48]],[[-158.15,-82.06],[-157.99,-82.1],[-157.83,-82.03],[-158.99,-81.78],[-158.15,-82.06]],[[-163.8,-82.84],[-163.05,-83.1],[-162.3,-83.14],[-161.64,-83.03],[-162.8,-82.86],[-163.8,-82.84]],[[-151.34,-77.3],[-150.36,-77.35],[-151.02,-77.22],[-151.51,-77.27],[-151.34,-77.3]],[[-75.7,-72.91],[-75.24,-73.01],[-75.51,-73.11],[-76.02,-73.09],[-76.1,-73.15],[-76.05,-73.25],[-74.57,-73.61],[-74.37,-73.46],[-74.67,-73.28],[-74.22,-73.0],[-74.47,-72.89],[-75.38,-72.82],[-75.7,-72.91]],[[-74.04,-73.37],[-73.72,-73.3],[-73.54,-73.12],[-73.83,-73.11],[-74.13,-73.28],[-74.04,-73.37]],[[-57.78,-63.87],[-57.93,-63.81],[-58.27,-63.92],[-58.44,-64.11],[-58.15,-64.1],[-58.14,-64.21],[-58.02,-64.24],[-58.3,-64.31],[-58.21,-64.37],[-57.97,-64.32],[-57.91,-64.41],[-57.7,-64.29],[-57.29,-64.37],[-57.41,-64.3],[-57.22,-64.22],[-57.25,-64.1],[-57.52,-64.01],[-57.48,-63.96],[-57.85,-64.05],[-57.78,-63.87]],[[-57.02,-64.35],[-57.45,-64.46],[-57.43,-64.54],[-57.24,-64.57],[-56.89,-64.33],[-57.02,-64.35]],[[102.79,-65.24],[103.11,-65.31],[103.18,-65.45],[103.4,-65.45],[103.19,-65.33],[103.14,-65.19],[102.8,-65.14],[102.79,-65.24]],[[101.08,-65.4],[100.55,-65.41],[100.27,-65.6],[100.55,-65.7],[100.98,-65.68],[101.26,-65.53],[101.08,-65.4]],[[-62.17,-69.64],[-62.0,-69.72],[-61.91,-69.53],[-61.81,-69.51],[-61.82,-69.38],[-62.24,-69.18],[-62.57,-69.18],[-62.17,-69.64]],[[15.91,-69.73],[15.57,-69.88],[16.16,-70.07],[16.32,-69.84],[16.63,-69.75],[15.91,-69.73]],[[26.43,-70.06],[25.98,-70.2],[26.01,-70.37],[26.47,-70.45],[26.86,-70.38],[26.69,-70.11],[26.43,-70.06]],[[1.41,-70.04],[1.03,-70.05],[0.95,-70.17],[1.21,-70.38],[1.46,-70.14],[1.41,-70.04]],[[4.08,-70.33],[4.37,-70.5],[4.62,-70.37],[4.5,-70.25],[4.08,-70.33]],[[3.19,-70.39],[2.58,-70.53],[2.7,-70.62],[3.04,-70.6],[3.22,-70.52],[3.19,-70.39]],[[-60.49,-70.65],[-60.45,-70.54],[-60.55,-70.51],[-60.88,-70.52],[-60.98,-70.6],[-60.83,-70.71],[-60.49,-70.65]],[[-3.57,-70.7],[-3.01,-70.85],[-2.8,-70.98],[-2.78,-71.17],[-2.37,-71.04],[-2.09,-70.82],[-2.75,-70.69],[-3.57,-70.7]],[[-3.21,-71.08],[-3.4,-71.12],[-3.2,-71.23],[-2.95,-71.21],[-3.21,-71.08]],[[-6.18,-70.59],[-5.89,-70.55],[-5.97,-70.42],[-6.44,-70.45],[-6.18,-70.59]],[[-3.49,-70.51],[-2.74,-70.51],[-2.68,-70.38],[-2.81,-70.29],[-3.17,-70.31],[-3.49,-70.51]],[[-60.79,-71.04],[-60.52,-71.0],[-60.61,-70.92],[-60.95,-70.97],[-60.79,-71.04]],[[-16.36,-72.46],[-16.52,-72.53],[-16.45,-72.65],[-16.1,-72.68],[-16.36,-72.46]],[[-21.13,-73.94],[-22.04,-74.11],[-21.17,-74.13],[-20.98,-74.23],[-20.82,-74.45],[-20.42,-74.44],[-20.42,-74.32],[-20.65,-74.1],[-20.52,-73.8],[-20.58,-73.62],[-20.87,-73.68],[-21.13,-73.94]],[[-49.14,-78.09],[-50.14,-78.56],[-50.38,-78.78],[-50.24,-78.83],[-50.5,-78.95],[-50.52,-79.1],[-50.73,-79.28],[-50.38,-79.34],[-50.29,-79.43],[-50.4,-79.51],[-52.3,-80.14],[-52.46,-80.07],[-53.05,-80.17],[-53.39,-80.11],[-54.35,-80.57],[-54.35,-80.76],[-54.16,-80.87],[-49.77,-80.78],[-49.19,-80.64],[-43.53,-80.19],[-43.49,-80.1],[-43.76,-80.02],[-43.27,-79.98],[-42.99,-79.8],[-42.97,-79.48],[-43.63,-78.85],[-45.35,-78.79],[-45.07,-78.66],[-43.85,-78.53],[-43.81,-78.29],[-44.34,-78.09],[-45.53,-77.88],[-46.83,-77.79],[-49.14,-78.09]],[[-36.48,-79.29],[-33.93,-79.32],[-35.53,-79.09],[-36.57,-79.21],[-36.6,-79.28],[-36.48,-79.29]],[[-31.68,-79.63],[-32.0,-79.73],[-31.82,-79.85],[-30.42,-80.01],[-29.61,-79.91],[-30.78,-79.65],[-30.99,-79.82],[-31.68,-79.63]],[[-59.5,-80.12],[-59.79,-80.1],[-59.71,-79.88],[-59.87,-79.78],[-60.58,-79.74],[-61.34,-79.89],[-61.3,-80.0],[-61.68,-80.02],[-61.6,-80.21],[-61.19,-80.26],[-61.63,-80.34],[-65.98,-80.38],[-66.38,-80.22],[-66.77,-80.29],[-64.27,-80.75],[-64.07,-80.65],[-63.14,-80.59],[-62.94,-80.77],[-62.67,-80.83],[-60.58,-80.95],[-59.83,-80.73],[-59.73,-80.34],[-59.32,-80.2],[-59.5,-80.12]],[[-65.58,-79.77],[-65.87,-79.74],[-66.01,-79.62],[-67.81,-79.55],[-66.27,-80.08],[-65.5,-79.95],[-65.58,-79.77]],[[-69.73,-79.62],[-69.63,-79.52],[-69.69,-79.44],[-69.25,-79.21],[-66.73,-78.38],[-67.48,-78.36],[-70.54,-78.88],[-71.45,-79.13],[-71.67,-79.25],[-71.78,-79.44],[-71.69,-79.57],[-71.41,-79.64],[-69.73,-79.62]],[[-68.16,-79.48],[-67.43,-79.5],[-67.07,-79.27],[-68.03,-79.23],[-68.55,-79.44],[-68.16,-79.48]],[[85.14,-66.64],[85.33,-66.61],[85.12,-66.52],[85.07,-66.58],[85.14,-66.64]],[[85.55,-66.73],[85.31,-66.78],[85.65,-66.98],[85.94,-66.89],[85.55,-66.73]],[[71.71,-70.28],[71.66,-70.5],[71.84,-70.62],[72.08,-70.61],[71.8,-70.26],[71.71,-70.28]],[[68.44,-72.26],[68.67,-72.28],[68.84,-72.17],[68.67,-72.1],[68.44,-72.26]],[[162.3,-66.3],[162.3,-66.4],[162.51,-66.52],[162.61,-66.48],[162.3,-66.3]],[[169.66,-73.42],[169.48,-73.54],[169.71,-73.63],[169.96,-73.51],[169.78,-73.32],[169.66,-73.42]],[[163.76,-74.8],[163.98,-74.83],[164.21,-74.61],[163.74,-74.71],[163.76,-74.8]],[[166.65,-77.77],[166.73,-77.85],[167.39,-77.65],[168.52,-77.68],[169.35,-77.52],[168.45,-77.39],[167.46,-77.39],[166.72,-77.16],[166.41,-77.25],[166.63,-77.38],[166.22,-77.52],[166.65,-77.77]],[[167.42,-78.01],[166.86,-78.2],[166.01,-78.13],[166.12,-78.27],[166.28,-78.31],[167.38,-78.25],[167.64,-78.14],[167.59,-78.02],[167.42,-78.01]],[[122.03,20.47],[121.99,20.48],[121.94,20.45],[121.91,20.36],[121.94,20.35],[121.96,20.37],[122.03,20.47]],[[121.87,20.84],[121.85,20.84],[121.8,20.75],[121.79,20.7],[121.83,20.7],[121.88,20.78],[121.87,20.84]],[[110.54,21.04],[110.39,21.09],[110.26,21.03],[110.5,20.97],[110.54,21.04]],[[121.64,24.13],[121.93,24.97],[121.85,25.1],[121.52,25.28],[121.04,25.03],[120.13,23.65],[120.08,23.09],[120.32,22.55],[120.58,22.36],[120.74,21.96],[120.84,21.93],[120.95,22.5],[121.4,23.17],[121.64,24.13]],[[114.0,22.28],[114.04,22.33],[113.84,22.24],[114.0,22.21],[114.0,22.28]],[[118.15,24.44],[118.18,24.5],[118.17,24.52],[118.1,24.55],[118.09,24.54],[118.08,24.5],[118.09,24.49],[118.09,24.45],[118.15,24.44]],[[124.3,24.59],[124.08,24.44],[124.14,24.35],[124.23,24.36],[124.3,24.59]],[[123.93,24.36],[123.77,24.41],[123.68,24.29],[123.89,24.28],[123.93,24.36]],[[119.8,25.62],[119.7,25.59],[119.75,25.41],[119.83,25.48],[119.8,25.62]],[[128.16,26.61],[128.31,26.72],[128.25,26.88],[128.1,26.67],[127.91,26.69],[127.95,26.59],[127.73,26.43],[127.65,26.09],[127.8,26.15],[127.79,26.26],[127.9,26.33],[127.87,26.44],[128.16,26.61]],[[142.11,26.72],[142.17,26.62],[142.19,26.62],[142.2,26.65],[142.16,26.71],[142.13,26.73],[142.11,26.72]],[[128.99,27.81],[128.91,27.9],[128.9,27.73],[129.0,27.72],[128.99,27.81]],[[129.27,28.2],[129.37,28.13],[129.71,28.43],[129.69,28.52],[129.16,28.25],[129.27,28.2]],[[122.28,29.94],[122.28,30.07],[121.97,30.14],[122.02,30.01],[122.28,29.94]],[[130.67,30.37],[130.5,30.47],[130.39,30.39],[130.51,30.24],[130.67,30.37]],[[131.04,31.38],[131.34,31.4],[131.66,32.47],[132.01,32.92],[131.85,33.12],[131.9,33.25],[131.54,33.27],[131.7,33.6],[131.17,33.6],[130.95,33.87],[130.72,33.93],[130.48,33.83],[130.37,33.63],[129.83,33.44],[129.84,33.32],[129.61,33.34],[129.58,33.24],[129.99,32.85],[129.68,33.06],[129.69,32.88],[129.83,32.73],[129.77,32.57],[130.05,32.77],[130.34,32.7],[130.33,32.85],[130.18,32.85],[130.13,33.1],[130.24,33.18],[130.55,32.83],[130.5,32.66],[130.64,32.62],[130.39,32.22],[130.19,32.09],[130.19,31.77],[130.32,31.6],[130.29,31.45],[130.15,31.41],[130.2,31.29],[130.59,31.18],[130.64,31.27],[130.53,31.46],[130.66,31.72],[130.8,31.67],[130.7,31.58],[130.79,31.27],[130.69,31.02],[131.1,31.26],[131.04,31.38]],[[121.58,31.64],[121.46,31.76],[121.21,31.81],[121.52,31.55],[121.86,31.49],[121.58,31.64]],[[130.2,32.34],[130.17,32.54],[130.01,32.52],[130.0,32.19],[130.2,32.34]],[[130.26,32.43],[130.29,32.42],[130.38,32.42],[130.42,32.46],[130.46,32.52],[130.37,32.53],[130.24,32.46],[130.26,32.43]],[[128.84,32.76],[128.67,32.78],[128.66,32.63],[128.89,32.65],[128.84,32.76]],[[129.15,33.0],[129.11,33.13],[129.0,32.95],[129.05,32.83],[129.15,33.0]],[[126.87,33.34],[126.9,33.52],[126.76,33.55],[126.34,33.46],[126.17,33.31],[126.28,33.2],[126.87,33.34]],[[129.78,33.83],[129.72,33.86],[129.67,33.74],[129.8,33.75],[129.78,33.83]],[[132.09,33.86],[132.31,34.32],[132.66,34.25],[133.14,34.3],[133.97,34.53],[134.25,34.71],[134.74,34.77],[135.04,34.63],[135.42,34.62],[135.31,34.42],[135.1,34.29],[135.13,34.01],[135.45,33.55],[135.7,33.49],[135.92,33.56],[136.33,34.18],[136.85,34.32],[136.88,34.43],[136.53,34.68],[136.8,35.05],[136.9,35.04],[136.87,34.73],[136.94,34.72],[136.96,34.83],[137.28,34.77],[137.06,34.58],[137.54,34.66],[138.19,34.6],[138.58,35.09],[138.72,35.12],[138.9,35.03],[138.8,34.97],[138.76,34.7],[138.84,34.62],[139.09,34.84],[139.13,35.15],[139.25,35.28],[139.47,35.3],[139.68,35.15],[139.74,35.25],[139.65,35.41],[139.83,35.66],[140.1,35.59],[139.83,35.3],[139.84,34.91],[140.35,35.18],[140.46,35.51],[140.87,35.72],[140.57,36.23],[140.73,36.73],[141.0,37.11],[140.96,38.15],[141.11,38.34],[141.47,38.4],[141.55,38.76],[141.66,38.97],[141.9,39.11],[141.98,39.43],[141.99,39.79],[141.8,40.29],[141.43,40.72],[141.46,41.4],[141.27,41.35],[140.89,41.48],[140.8,41.14],[141.24,41.21],[141.23,40.99],[141.12,40.88],[140.94,40.94],[140.75,40.83],[140.63,41.2],[140.34,41.2],[140.28,40.85],[139.92,40.6],[140.01,40.26],[139.91,40.02],[139.74,39.92],[139.99,39.86],[140.06,39.62],[139.8,38.88],[139.52,38.5],[139.4,38.14],[138.89,37.84],[138.55,37.39],[138.22,37.17],[137.51,36.95],[137.25,36.75],[137.02,36.84],[136.9,37.12],[137.34,37.44],[137.32,37.52],[136.84,37.38],[136.72,37.2],[136.7,36.74],[136.07,36.12],[136.01,35.99],[136.1,35.77],[135.8,35.55],[135.33,35.53],[135.23,35.59],[135.27,35.72],[135.17,35.75],[133.98,35.51],[132.92,35.51],[131.35,34.41],[131.0,34.39],[130.89,34.26],[130.92,33.98],[131.74,34.05],[132.09,33.86]],[[126.77,34.3],[126.75,34.34],[126.7,34.4],[126.65,34.39],[126.65,34.35],[126.69,34.31],[126.77,34.3]],[[129.3,34.34],[129.37,34.31],[129.48,34.54],[129.45,34.69],[129.33,34.61],[129.3,34.34]],[[127.8,34.62],[127.79,34.68],[127.74,34.63],[127.79,34.58],[127.8,34.62]],[[128.05,34.71],[128.04,34.88],[127.83,34.87],[127.87,34.73],[128.05,34.71]],[[128.52,34.82],[128.65,34.74],[128.74,34.8],[128.72,35.01],[128.52,34.82]],[[133.38,36.25],[133.3,36.34],[133.19,36.23],[133.32,36.17],[133.38,36.25]],[[138.51,38.26],[138.25,38.08],[138.32,37.97],[138.23,37.83],[138.5,37.9],[138.58,38.07],[138.45,38.08],[138.51,38.26]],[[140.27,41.46],[140.66,41.82],[141.0,41.74],[141.15,41.81],[140.33,42.29],[140.48,42.56],[140.71,42.56],[140.99,42.34],[141.41,42.55],[141.85,42.58],[143.24,42.0],[143.43,42.42],[143.97,42.88],[144.2,42.97],[144.92,43.0],[145.51,43.17],[145.83,43.39],[145.34,43.3],[145.14,43.66],[145.13,43.87],[145.37,44.33],[144.72,43.93],[143.76,44.13],[142.88,44.67],[141.94,45.51],[141.67,45.4],[141.59,45.26],[141.78,44.72],[141.76,44.48],[141.64,44.02],[141.4,43.64],[141.37,43.28],[141.14,43.18],[140.39,43.3],[140.49,43.05],[140.43,42.95],[139.86,42.58],[139.84,42.28],[140.11,41.91],[140.01,41.52],[140.09,41.43],[140.27,41.46]],[[141.0,45.46],[140.97,45.47],[140.98,45.36],[141.03,45.27],[141.07,45.33],[141.07,45.4],[141.06,45.45],[141.0,45.46]],[[148.61,45.48],[148.32,45.28],[148.06,45.26],[147.92,45.38],[147.89,45.23],[147.25,44.86],[146.9,44.4],[147.21,44.55],[147.66,44.98],[147.91,44.99],[148.26,45.22],[148.84,45.36],[148.81,45.51],[148.61,45.48]],[[146.52,44.37],[146.57,44.44],[146.11,44.5],[145.46,43.87],[145.44,43.74],[145.56,43.66],[145.59,43.85],[145.91,44.1],[146.52,44.37]],[[146.29,43.63],[146.33,43.62],[146.36,43.63],[146.35,43.64],[146.33,43.65],[146.31,43.65],[146.28,43.64],[146.27,43.63],[146.29,43.63]],[[145.89,43.43],[145.89,43.42],[145.91,43.42],[145.93,43.43],[145.94,43.43],[145.94,43.45],[145.93,43.46],[145.91,43.46],[145.9,43.45],[145.88,43.46],[145.87,43.46],[145.87,43.45],[145.88,43.44],[145.89,43.43]],[[146.03,43.42],[146.03,43.41],[146.05,43.41],[146.07,43.42],[146.09,43.43],[146.1,43.44],[146.09,43.45],[146.05,43.43],[146.03,43.42]],[[139.39,34.69],[139.45,34.68],[139.46,34.73],[139.43,34.78],[139.37,34.78],[139.37,34.72],[139.39,34.69]],[[134.64,34.04],[134.64,34.23],[134.08,34.36],[133.6,34.24],[133.63,34.07],[133.47,33.97],[133.13,33.93],[132.94,34.1],[132.78,33.99],[132.64,33.69],[132.03,33.34],[132.41,33.43],[132.41,33.33],[132.51,33.29],[132.43,33.06],[132.5,32.92],[132.71,32.9],[132.64,32.76],[132.87,32.75],[133.29,33.36],[133.63,33.51],[133.96,33.45],[134.18,33.25],[134.38,33.61],[134.74,33.82],[134.64,34.04]],[[139.78,33.08],[139.82,33.05],[139.84,33.06],[139.87,33.09],[139.81,33.13],[139.78,33.13],[139.77,33.11],[139.78,33.08]],[[134.68,34.25],[134.82,34.2],[134.93,34.29],[135.0,34.54],[134.83,34.47],[134.68,34.25]],[[150.55,46.21],[150.35,46.21],[149.96,46.02],[149.45,45.59],[149.69,45.64],[150.55,46.21]],[[142.15,46.0],[142.41,46.55],[142.64,46.72],[142.83,46.61],[143.28,46.56],[143.43,46.03],[143.58,46.36],[143.49,46.75],[143.22,46.79],[142.94,47.32],[142.56,47.74],[142.57,48.07],[143.1,49.2],[143.73,49.31],[144.05,49.25],[144.54,48.89],[144.71,48.64],[144.69,48.87],[144.43,49.05],[144.27,49.31],[143.82,50.28],[143.46,51.47],[143.3,51.63],[143.16,52.08],[143.2,52.44],[143.32,52.61],[143.29,53.13],[142.92,53.79],[142.98,54.14],[142.69,54.42],[142.55,54.28],[142.33,54.28],[142.71,53.9],[142.68,53.67],[142.51,53.59],[142.58,53.54],[142.53,53.45],[142.32,53.41],[142.14,53.5],[141.82,53.34],[141.86,52.79],[141.66,52.27],[141.67,51.93],[141.81,51.79],[141.72,51.74],[142.21,51.22],[142.07,50.63],[142.14,49.57],[141.87,48.75],[142.14,48.29],[142.18,48.01],[141.96,47.59],[142.04,47.14],[141.83,46.45],[141.96,46.01],[142.08,45.92],[142.15,46.0]],[[155.51,50.84],[155.64,50.82],[155.64,50.91],[155.47,50.91],[155.51,50.84]],[[156.38,50.86],[156.17,50.73],[156.41,50.66],[156.49,50.84],[156.38,50.86]],[[156.12,50.67],[156.1,50.77],[156.0,50.76],[155.68,50.4],[155.22,50.3],[155.24,50.09],[155.4,50.04],[155.79,50.2],[156.04,50.45],[156.12,50.67]],[[154.61,49.29],[154.81,49.31],[154.9,49.63],[154.82,49.65],[154.61,49.29]],[[153.0,47.71],[153.05,47.71],[153.1,47.76],[153.08,47.81],[153.05,47.8],[152.98,47.73],[153.0,47.71]],[[177.33,51.84],[177.59,51.95],[177.67,52.1],[177.25,51.9],[177.33,51.84]],[[179.63,52.03],[179.5,51.93],[179.65,51.88],[179.78,51.97],[179.63,52.03]],[[178.57,51.98],[178.51,51.99],[178.47,51.97],[178.48,51.94],[178.51,51.9],[178.58,51.92],[178.61,51.95],[178.57,51.98]],[[172.94,52.75],[173.44,52.85],[173.1,53.0],[172.49,52.94],[172.94,52.75]],[[166.65,54.84],[166.25,55.17],[166.28,55.31],[165.75,55.29],[166.65,54.69],[166.65,54.84]],[[164.57,59.22],[163.76,59.02],[163.73,58.8],[163.43,58.55],[164.62,58.89],[164.57,59.22]],[[138.21,55.03],[137.58,55.2],[137.23,54.79],[137.46,54.87],[137.72,54.66],[138.21,55.03]],[[150.71,59.12],[150.67,59.16],[150.59,59.1],[150.47,59.05],[150.47,59.03],[150.51,59.01],[150.59,59.02],[150.73,59.1],[150.71,59.12]],[[126.34,34.54],[126.25,34.56],[126.11,34.4],[126.34,34.43],[126.34,34.54]],[[124.74,37.98],[124.72,37.99],[124.66,37.97],[124.64,37.98],[124.63,37.95],[124.66,37.92],[124.7,37.92],[124.72,37.93],[124.74,37.95],[124.75,37.96],[124.76,37.97],[124.74,37.98]],[[104.04,10.11],[104.06,10.39],[103.85,10.37],[104.02,10.03],[104.04,10.11]],[[103.32,10.72],[103.22,10.78],[103.22,10.76],[103.28,10.68],[103.32,10.72]],[[103.05,11.29],[103.04,11.39],[103.01,11.38],[103.0,11.35],[102.99,11.29],[103.01,11.28],[103.03,11.28],[103.05,11.29]],[[102.38,12.07],[102.28,12.15],[102.3,11.98],[102.43,11.96],[102.38,12.07]],[[81.38,6.24],[81.77,6.61],[81.88,7.02],[81.83,7.43],[81.42,8.15],[81.37,8.43],[81.23,8.51],[80.71,9.37],[80.25,9.8],[79.98,9.81],[80.05,9.65],[80.43,9.48],[80.09,9.58],[80.1,9.21],[79.93,8.9],[79.78,8.02],[79.75,8.29],[79.71,8.18],[79.86,6.83],[80.01,6.36],[80.1,6.15],[80.5,5.95],[81.38,6.24]],[[79.89,9.74],[79.87,9.74],[79.86,9.73],[79.85,9.71],[79.86,9.69],[79.91,9.62],[79.97,9.63],[79.91,9.68],[79.89,9.74]],[[98.3,9.14],[98.27,9.13],[98.26,9.1],[98.25,9.04],[98.31,9.05],[98.31,9.08],[98.3,9.14]],[[93.12,8.22],[93.17,8.21],[93.14,8.25],[93.1,8.35],[93.08,8.33],[93.06,8.27],[93.12,8.22]],[[93.49,8.22],[93.46,8.17],[93.46,8.11],[93.47,8.07],[93.47,8.05],[93.48,8.02],[93.49,8.02],[93.54,8.06],[93.51,8.16],[93.53,8.21],[93.49,8.22]],[[98.3,8.14],[98.3,7.78],[98.4,7.83],[98.43,8.09],[98.3,8.14]],[[98.53,8.11],[98.58,7.92],[98.59,7.93],[98.6,8.06],[98.53,8.11]],[[93.43,7.95],[93.38,8.02],[93.31,7.96],[93.37,7.88],[93.43,7.95]],[[99.07,7.5],[99.1,7.47],[99.08,7.59],[99.05,7.64],[99.04,7.63],[99.04,7.55],[99.07,7.5]],[[93.6,7.32],[93.64,7.26],[93.73,7.36],[93.69,7.41],[93.6,7.32]],[[93.71,7.0],[93.83,6.75],[93.93,6.97],[93.82,7.24],[93.66,7.14],[93.71,7.0]],[[99.61,6.6],[99.64,6.52],[99.7,6.57],[99.65,6.71],[99.61,6.6]],[[99.82,6.45],[99.65,6.42],[99.74,6.26],[99.92,6.36],[99.82,6.45]],[[92.57,10.7],[92.51,10.9],[92.45,10.87],[92.35,10.75],[92.37,10.55],[92.47,10.52],[92.57,10.7]],[[98.5,10.96],[98.52,10.96],[98.54,10.96],[98.53,11.09],[98.48,10.98],[98.5,10.96]],[[98.21,11.46],[98.22,11.46],[98.22,11.48],[98.26,11.52],[98.28,11.59],[98.31,11.72],[98.3,11.78],[98.28,11.76],[98.24,11.64],[98.2,11.57],[98.19,11.47],[98.21,11.46]],[[92.72,11.54],[92.86,12.44],[92.99,12.54],[92.89,12.94],[93.07,13.22],[93.06,13.55],[92.86,13.36],[92.72,12.54],[92.79,12.23],[92.68,12.19],[92.53,11.87],[92.72,11.54]],[[92.73,12.95],[92.71,12.96],[92.69,12.96],[92.68,12.94],[92.69,12.8],[92.72,12.86],[92.73,12.95]],[[98.33,12.51],[98.31,12.34],[98.47,12.57],[98.31,12.68],[98.33,12.51]],[[98.06,12.28],[98.04,12.23],[98.08,12.16],[98.11,12.15],[98.13,12.14],[98.14,12.15],[98.12,12.19],[98.12,12.22],[98.13,12.26],[98.12,12.28],[98.1,12.29],[98.07,12.29],[98.06,12.28]],[[98.38,11.79],[98.43,11.57],[98.53,11.54],[98.52,11.8],[98.38,11.79]],[[94.78,15.79],[94.8,15.82],[94.84,15.89],[94.83,15.93],[94.73,15.82],[94.74,15.81],[94.78,15.79]],[[93.76,19.33],[93.9,19.33],[93.95,19.43],[93.71,19.56],[93.64,19.5],[93.76,19.33]],[[93.02,19.83],[93.01,19.92],[92.96,20.05],[92.91,20.09],[92.91,20.0],[92.98,19.87],[93.02,19.83]],[[91.86,21.93],[91.85,21.93],[91.84,21.89],[91.82,21.81],[91.84,21.75],[91.87,21.83],[91.88,21.88],[91.86,21.93]],[[90.78,22.09],[90.87,22.48],[90.6,22.86],[90.5,22.84],[90.68,22.33],[90.52,22.07],[90.78,22.09]],[[91.16,22.37],[91.08,22.52],[91.04,22.11],[91.15,22.18],[91.16,22.37]],[[90.64,22.96],[90.58,23.04],[90.54,23.01],[90.56,22.98],[90.6,22.95],[90.66,22.92],[90.64,22.96]],[[73.08,8.31],[73.08,8.32],[73.08,8.31],[73.06,8.27],[73.04,8.26],[73.03,8.28],[73.02,8.27],[73.03,8.25],[73.04,8.25],[73.05,8.26],[73.07,8.27],[73.08,8.29],[73.08,8.31]],[[72.8,11.26],[72.79,11.26],[72.78,11.24],[72.77,11.21],[72.77,11.2],[72.78,11.2],[72.79,11.22],[72.79,11.24],[72.8,11.26]],[[54.51,12.55],[53.53,12.72],[53.32,12.53],[53.72,12.32],[54.13,12.36],[54.51,12.55]],[[55.75,26.69],[55.95,26.7],[56.28,26.95],[55.76,26.95],[55.76,26.81],[55.3,26.64],[55.42,26.58],[55.75,26.69]],[[48.23,29.94],[48.16,29.96],[48.08,29.8],[48.22,29.6],[48.35,29.72],[48.23,29.94]],[[54.43,24.43],[54.46,24.42],[54.47,24.44],[54.43,24.47],[54.4,24.51],[54.38,24.5],[54.33,24.47],[54.36,24.44],[54.43,24.43]],[[42.79,13.77],[42.78,13.77],[42.73,13.75],[42.69,13.67],[42.76,13.7],[42.79,13.77]],[[42.59,15.3],[42.61,15.33],[42.62,15.37],[42.6,15.43],[42.57,15.41],[42.55,15.32],[42.56,15.28],[42.59,15.3]],[[40.41,15.63],[40.25,15.7],[40.18,15.64],[40.1,15.84],[39.96,15.89],[39.94,15.74],[40.07,15.68],[39.95,15.7],[39.98,15.61],[40.41,15.63]],[[42.17,16.71],[42.06,16.8],[42.07,16.71],[41.95,16.75],[41.95,16.94],[41.86,17.0],[41.78,16.85],[41.9,16.68],[42.16,16.57],[42.17,16.71]],[[13.36,37.35],[13.91,37.1],[14.14,37.1],[14.56,36.78],[15.11,36.69],[15.12,36.84],[15.3,37.06],[15.1,37.46],[15.23,37.78],[15.63,38.27],[13.79,37.98],[13.29,38.19],[12.9,38.03],[12.73,38.18],[12.55,38.05],[12.44,37.82],[12.53,37.67],[13.36,37.35]],[[20.7,37.74],[20.82,37.66],[20.99,37.71],[20.69,37.93],[20.62,37.86],[20.7,37.74]],[[25.41,36.4],[25.37,36.36],[25.48,36.39],[25.41,36.47],[25.41,36.4]],[[27.91,36.35],[27.72,36.17],[27.75,35.91],[28.09,36.07],[28.23,36.43],[27.91,36.35]],[[14.45,35.96],[14.35,35.98],[14.35,35.87],[14.53,35.82],[14.45,35.96]],[[27.22,35.82],[27.07,35.6],[27.14,35.41],[27.23,35.48],[27.16,35.63],[27.22,35.82]],[[34.06,35.47],[33.46,35.34],[32.94,35.39],[32.88,35.18],[32.3,35.08],[32.32,34.95],[32.45,34.73],[33.01,34.57],[33.06,34.67],[33.41,34.75],[33.7,34.97],[34.05,34.99],[33.91,35.2],[33.94,35.29],[34.56,35.66],[34.06,35.47]],[[11.28,34.8],[11.25,34.82],[11.15,34.74],[11.12,34.68],[11.28,34.75],[11.28,34.8]],[[25.61,35.01],[26.24,35.04],[26.32,35.32],[25.79,35.12],[25.73,35.35],[25.48,35.31],[24.72,35.42],[24.31,35.36],[24.11,35.5],[24.17,35.6],[23.85,35.54],[23.74,35.66],[23.67,35.51],[23.57,35.53],[23.59,35.26],[24.46,35.16],[24.71,35.09],[24.8,34.93],[25.61,35.01]],[[14.3,36.06],[14.26,36.08],[14.18,36.06],[14.19,36.04],[14.25,36.01],[14.31,36.03],[14.32,36.04],[14.3,36.06]],[[23.0,36.33],[22.93,36.37],[22.91,36.22],[23.04,36.15],[23.1,36.25],[23.0,36.33]],[[10.72,33.74],[10.88,33.69],[11.04,33.79],[10.92,33.89],[10.75,33.89],[10.72,33.74]],[[24.33,36.66],[24.53,36.68],[24.54,36.76],[24.36,36.74],[24.33,36.66]],[[25.29,36.72],[25.36,36.66],[25.41,36.72],[25.3,36.79],[25.29,36.72]],[[25.74,36.79],[25.77,36.78],[25.86,36.79],[25.98,36.88],[26.06,36.9],[26.0,36.94],[25.94,36.89],[25.85,36.85],[25.83,36.83],[25.8,36.81],[25.74,36.79]],[[24.72,36.92],[24.76,36.95],[24.72,37.02],[24.68,37.02],[24.67,37.0],[24.68,36.96],[24.7,36.92],[24.72,36.92]],[[24.52,37.13],[24.54,37.17],[24.53,37.19],[24.48,37.21],[24.44,37.19],[24.42,37.13],[24.49,37.11],[24.52,37.13]],[[25.53,37.2],[25.36,37.07],[25.46,36.93],[25.58,37.04],[25.53,37.2]],[[26.94,37.02],[26.92,36.95],[27.03,36.98],[26.89,37.09],[26.94,37.02]],[[24.91,37.39],[24.94,37.39],[24.94,37.49],[24.91,37.51],[24.9,37.45],[24.9,37.41],[24.91,37.39]],[[26.3,37.62],[26.35,37.67],[26.09,37.63],[25.98,37.53],[26.3,37.62]],[[24.29,37.53],[24.36,37.58],[24.4,37.65],[24.38,37.68],[24.32,37.68],[24.28,37.6],[24.29,37.53]],[[26.72,37.71],[26.84,37.64],[27.06,37.71],[26.82,37.81],[26.58,37.72],[26.72,37.71]],[[25.09,37.65],[25.0,37.68],[25.16,37.55],[25.26,37.6],[25.09,37.65]],[[24.98,37.8],[24.96,37.9],[24.7,37.96],[24.96,37.69],[24.98,37.8]],[[24.54,37.98],[24.59,38.12],[24.28,38.22],[24.1,38.67],[23.52,38.81],[23.31,39.03],[22.87,38.87],[23.25,38.8],[23.65,38.44],[24.04,38.39],[24.21,38.12],[24.54,37.98]],[[26.16,39.03],[26.47,38.97],[26.55,38.99],[26.49,39.07],[26.6,39.05],[26.35,39.38],[25.91,39.29],[25.86,39.18],[26.07,39.1],[26.27,39.2],[26.11,39.08],[26.16,39.03]],[[23.74,39.08],[23.78,39.11],[23.59,39.21],[23.67,39.1],[23.74,39.08]],[[24.56,38.94],[24.49,38.98],[24.46,38.89],[24.54,38.79],[24.67,38.81],[24.56,38.94]],[[25.89,38.24],[26.0,38.16],[26.09,38.22],[26.16,38.54],[25.85,38.57],[25.99,38.35],[25.89,38.24]],[[25.44,39.98],[25.06,40.0],[25.06,39.85],[25.25,39.89],[25.36,39.81],[25.44,39.98]],[[31.64,46.27],[31.51,46.37],[31.56,46.26],[32.15,46.15],[31.64,46.27]],[[24.65,40.58],[24.77,40.62],[24.72,40.79],[24.52,40.69],[24.65,40.58]],[[20.79,38.14],[20.62,38.27],[20.56,38.47],[20.35,38.22],[20.45,38.23],[20.57,38.1],[20.76,38.07],[20.79,38.14]],[[19.89,39.8],[19.65,39.73],[19.88,39.46],[20.1,39.38],[19.85,39.67],[19.89,39.8]],[[15.2,43.9],[15.2,43.91],[15.19,43.92],[14.95,44.12],[14.87,44.17],[14.89,44.13],[15.14,43.91],[15.15,43.91],[15.2,43.9]],[[14.8,44.65],[14.74,44.7],[15.04,44.39],[15.24,44.35],[14.8,44.65]],[[14.48,44.69],[14.47,44.97],[14.33,45.16],[14.31,44.9],[14.48,44.62],[14.48,44.69]],[[14.63,44.99],[14.81,44.98],[14.57,45.22],[14.44,45.1],[14.63,44.99]],[[1.5,38.71],[1.44,38.77],[1.41,38.67],[1.59,38.67],[1.5,38.71]],[[1.41,38.86],[1.61,39.09],[1.3,39.03],[1.22,38.9],[1.41,38.86]],[[8.42,39.21],[8.6,38.96],[8.8,38.91],[8.97,38.96],[9.06,39.24],[9.56,39.17],[9.71,40.02],[9.64,40.27],[9.81,40.5],[9.55,40.93],[9.62,41.02],[9.23,41.26],[8.7,40.9],[8.2,40.87],[8.19,40.65],[8.47,40.29],[8.41,39.92],[8.55,39.84],[8.4,39.48],[8.42,39.21]],[[3.46,39.7],[3.15,39.79],[3.16,39.97],[2.78,39.85],[2.37,39.57],[2.5,39.48],[2.7,39.54],[2.8,39.39],[3.07,39.3],[3.24,39.39],[3.46,39.7]],[[3.97,39.95],[4.28,39.83],[4.32,39.9],[4.23,40.03],[3.85,40.06],[3.84,39.98],[3.97,39.95]],[[8.34,41.1],[8.32,41.12],[8.27,41.1],[8.22,41.03],[8.21,41.0],[8.25,40.99],[8.29,41.04],[8.32,41.06],[8.34,41.1]],[[13.87,40.71],[13.89,40.7],[13.94,40.71],[13.96,40.72],[13.96,40.74],[13.87,40.76],[13.85,40.72],[13.87,40.71]],[[9.56,42.16],[9.42,43.02],[9.31,42.71],[8.81,42.61],[8.57,42.36],[8.68,42.28],[8.59,42.16],[8.7,42.1],[8.62,41.93],[8.74,41.93],[8.72,41.76],[8.89,41.7],[8.81,41.59],[9.19,41.38],[9.56,42.16]],[[10.87,57.26],[11.01,57.23],[11.05,57.25],[11.08,57.28],[11.17,57.32],[11.09,57.33],[10.93,57.31],[10.87,57.26]],[[12.04,56.05],[11.87,55.97],[11.93,55.9],[11.82,55.7],[11.69,55.73],[11.63,55.96],[11.47,55.94],[11.32,55.75],[10.98,55.72],[11.12,55.6],[11.29,55.2],[11.65,55.19],[11.86,54.77],[12.05,54.82],[12.09,55.19],[12.41,55.29],[12.22,55.47],[12.24,55.54],[12.57,55.68],[12.58,56.06],[12.32,56.12],[12.04,56.05]],[[14.68,55.1],[15.05,55.0],[15.14,55.09],[14.77,55.3],[14.68,55.1]],[[11.74,54.81],[11.26,54.95],[11.06,54.94],[11.04,54.77],[11.46,54.63],[11.77,54.68],[11.74,54.81]],[[13.34,54.7],[13.18,54.54],[13.19,54.33],[13.36,54.25],[13.48,54.34],[13.71,54.28],[13.58,54.46],[13.66,54.56],[13.34,54.7]],[[10.77,54.8],[10.95,55.16],[10.62,54.85],[10.69,54.75],[10.77,54.8]],[[10.25,55.09],[10.62,55.05],[10.79,55.13],[10.82,55.32],[10.65,55.61],[9.86,55.52],[9.99,55.16],[10.25,55.09]],[[10.64,55.91],[10.52,55.96],[10.53,55.78],[10.61,55.78],[10.64,55.91]],[[16.84,56.84],[17.12,57.32],[17.0,57.32],[16.41,56.57],[16.43,56.24],[16.84,56.84]],[[18.21,57.01],[18.15,56.92],[18.91,57.4],[18.79,57.48],[18.81,57.71],[19.08,57.84],[18.9,57.92],[18.54,57.83],[18.14,57.56],[18.11,57.27],[18.29,57.08],[18.21,57.01]],[[19.09,57.86],[19.33,57.96],[19.13,57.98],[19.04,57.91],[19.09,57.86]],[[21.98,57.96],[22.15,57.97],[22.37,58.22],[22.73,58.23],[23.32,58.45],[22.82,58.62],[21.86,58.5],[21.98,58.39],[21.88,58.26],[22.19,58.15],[21.98,57.96]],[[23.11,58.66],[23.06,58.61],[23.36,58.58],[23.33,58.65],[23.11,58.66]],[[22.66,58.71],[22.77,58.82],[23.01,58.83],[22.98,58.92],[22.65,59.09],[22.46,58.97],[22.06,58.94],[22.41,58.86],[22.47,58.71],[22.66,58.71]],[[18.6,59.47],[18.62,59.49],[18.7,59.52],[18.7,59.53],[18.62,59.55],[18.57,59.53],[18.56,59.49],[18.55,59.48],[18.57,59.44],[18.6,59.47]],[[20.6,60.02],[20.61,60.04],[20.57,60.07],[20.49,60.07],[20.43,60.06],[20.4,60.04],[20.41,60.03],[20.49,60.03],[20.52,60.01],[20.6,60.02]],[[20.03,60.09],[20.04,60.18],[20.26,60.26],[19.89,60.41],[19.79,60.35],[19.85,60.22],[19.69,60.27],[19.75,60.1],[20.03,60.09]],[[19.6,60.16],[19.67,60.16],[19.55,60.24],[19.54,60.14],[19.6,60.16]],[[22.13,60.36],[22.08,60.29],[22.36,60.17],[22.35,60.36],[22.13,60.36]],[[21.83,60.14],[21.86,60.2],[21.76,60.2],[21.7,60.11],[21.83,60.14]],[[21.63,60.17],[21.57,60.17],[21.51,60.15],[21.49,60.13],[21.54,60.1],[21.63,60.11],[21.65,60.14],[21.63,60.17]],[[58.61,70.13],[58.95,69.89],[59.5,69.87],[59.64,69.72],[60.22,69.69],[60.48,69.79],[60.39,69.96],[59.05,70.46],[58.52,70.32],[58.47,70.27],[58.61,70.13]],[[48.84,69.49],[48.32,69.27],[48.28,69.04],[48.44,68.8],[48.67,68.73],[49.18,68.78],[49.63,68.86],[50.09,69.13],[50.16,69.04],[50.28,69.09],[50.27,69.19],[50.0,69.31],[49.23,69.51],[48.84,69.49]],[[35.73,65.2],[35.53,65.15],[35.84,65.0],[35.85,65.14],[35.73,65.2]],[[67.1,69.45],[67.26,69.44],[67.33,69.57],[67.03,69.48],[67.1,69.45]],[[70.06,66.63],[70.08,66.7],[69.47,66.72],[69.84,66.49],[70.06,66.52],[70.06,66.63]],[[76.91,72.3],[77.78,72.31],[78.37,72.48],[77.58,72.63],[76.9,72.37],[76.91,72.3]],[[112.39,76.64],[111.97,76.63],[112.53,76.45],[112.66,76.51],[112.39,76.64]],[[137.56,75.96],[137.5,75.91],[137.71,75.76],[137.27,75.75],[137.22,75.55],[137.29,75.35],[136.98,75.37],[136.96,75.27],[138.09,74.8],[139.1,74.66],[139.33,74.69],[139.68,74.96],[140.27,74.85],[141.99,74.99],[142.47,74.82],[143.13,74.97],[142.62,75.13],[142.2,75.39],[142.09,75.66],[142.31,75.69],[142.94,75.71],[142.99,75.63],[142.73,75.54],[142.7,75.45],[142.82,75.27],[143.17,75.12],[144.02,75.04],[144.88,75.27],[144.73,75.37],[145.36,75.53],[143.69,75.86],[142.67,75.86],[141.49,76.14],[140.99,75.96],[140.94,75.7],[140.82,75.63],[138.92,76.2],[137.56,75.96]],[[146.92,75.06],[148.3,74.8],[149.6,74.77],[150.58,74.92],[150.82,75.16],[150.53,75.1],[150.1,75.22],[148.59,75.24],[148.47,75.27],[148.51,75.39],[148.43,75.41],[146.8,75.37],[146.75,75.51],[146.54,75.58],[146.34,75.48],[146.15,75.2],[146.92,75.06]],[[135.85,75.73],[135.7,75.85],[135.45,75.39],[135.95,75.41],[136.02,75.44],[135.98,75.52],[136.17,75.61],[135.85,75.73]],[[111.95,74.39],[111.5,74.35],[112.11,74.16],[112.78,74.1],[113.39,74.4],[112.08,74.55],[111.95,74.39]],[[140.3,74.26],[140.1,74.18],[140.18,74.0],[140.41,73.92],[141.01,74.0],[141.1,74.17],[140.94,74.26],[140.3,74.26]],[[135.63,74.22],[135.39,74.25],[136.12,73.89],[136.26,73.98],[135.63,74.22]],[[141.68,73.9],[141.08,73.87],[140.38,73.48],[139.69,73.43],[139.93,73.36],[140.66,73.45],[142.34,73.25],[143.49,73.25],[143.46,73.46],[143.34,73.57],[142.44,73.85],[141.68,73.9]],[[119.79,73.05],[120.26,73.09],[119.96,73.17],[119.64,73.12],[119.79,73.05]],[[137.08,71.5],[137.71,71.42],[137.96,71.51],[137.82,71.59],[137.08,71.5]],[[167.99,69.78],[169.2,69.58],[169.43,69.83],[168.36,70.02],[167.79,69.84],[167.99,69.78]],[[161.46,68.97],[161.42,68.9],[161.52,68.97],[161.39,69.11],[161.35,69.37],[161.61,69.5],[161.62,69.59],[161.51,69.64],[161.08,69.41],[161.16,69.33],[161.14,69.11],[161.46,68.97]]]]}}]}