{"type":"FeatureCollection","features":[{"type":"Feature","id":"RU-AD","properties":{"code":"RU-AD","name":"Republic of Adygea","district":"Southern","country":"RU","special":false},"geometry":{"type":"Polygon","coordinates":[[[39.635,45.194],[39.74,45.129],[39.865,45.106],[39.89,45.081],[39.976,45.076],[40.158,45.111],[40.256,45.088],[40.416,45.0],[40.528,44.915],[40.618,44.785],[40.63,44.709],[40.68,44.64],[40.728,44.608],[40.72,44.568],[40.754,44.475],[40.641,44.458],[40.626,44.471],[40.674,44.484],[40.677,44.536],[40.628,44.624],[40.558,44.669],[40.554,44.72],[40.539,44.733],[40.456,44.753],[40.405,44.737],[40.379,44.652],[40.324,44.608],[40.332,44.557],[40.406,44.499],[40.408,44.343],[40.438,44.292],[40.371,44.223],[40.366,44.198],[40.383,44.033],[40.447,43.994],[40.457,43.966],[40.381,43.823],[40.32,43.76],[40.264,43.755],[40.132,43.826],[40.002,43.85],[39.916,43.904],[39.83,43.888],[39.73,43.918],[39.724,43.932],[39.752,43.974],[39.728,44.013],[39.753,44.082],[39.714,44.136],[39.737,44.187],[39.813,44.185],[39.835,44.135],[39.887,44.116],[39.908,44.073],[39.96,44.065],[39.996,44.087],[40.012,44.131],[40.046,44.149],[40.079,44.237],[40.065,44.251],[39.95,44.263],[39.894,44.336],[39.818,44.329],[39.794,44.35],[39.82,44.412],[39.874,44.473],[39.874,44.563],[39.92,44.593],[39.915,44.699],[39.956,44.699],[40.027,44.736],[40.003,44.77],[39.995,44.825],[39.961,44.838],[39.943,44.874],[39.961,44.89],[39.959,44.917],[39.922,44.925],[39.919,44.979],[39.884,45.007],[39.798,44.978],[39.74,44.932],[39.681,44.981],[39.645,44.967],[39.637,44.943],[39.603,44.959],[39.667,45.01],[39.639,45.034],[39.569,45.024],[39.542,45.04],[39.5,45.037],[39.486,44.987],[39.496,44.954],[39.57,44.936],[39.595,44.896],[39.637,44.871],[39.565,44.811],[39.47,44.795],[39.333,44.812],[39.064,44.81],[38.89,44.874],[38.776,44.935],[38.676,44.947],[38.686,45.037],[38.72,45.015],[38.807,45.005],[38.84,45.038],[38.906,45.05],[38.926,45.039],[38.921,45.017],[38.971,45.005],[38.985,44.984],[39.078,44.964],[39.129,44.984],[39.191,44.974],[39.324,45.001],[39.345,45.035],[39.46,45.098],[39.557,45.179],[39.635,45.194]]]}},{"type":"Feature","id":"RU-ALT","properties":{"code":"RU-ALT","name":"Altai Krai","district":"Siberian","country":"RU","special":false},"geometry":{"type":"Polygon","coordinates":[[[79.043,51.993],[78.476,52.638],[77.976,53.169],[77.867,53.272],[77.785,53.327],[77.848,53.386],[77.909,53.376],[77.937,53.389],[77.95,53.403],[77.929,53.435],[77.936,53.445],[78.058,53.465],[78.049,53.495],[77.926,53.5],[77.925,53.565],[78.123,53.588],[78.168,53.614],[78.204,53.612],[78.246,53.5],[78.377,53.488],[78.544,53.528],[78.622,53.526],[78.603,53.616],[78.666,53.656],[78.725,53.643],[78.886,53.682],[79.017,53.66],[79.069,53.694],[79.116,53.679],[79.245,53.68],[79.291,53.713],[79.382,53.72],[79.413,53.692],[79.442,53.693],[79.603,53.747],[79.62,53.795],[79.691,53.837],[79.775,53.826],[79.862,53.858],[79.854,53.9],[79.866,53.932],[80.044,54.001],[80.064,54.017],[80.062,54.044],[80.128,54.075],[80.206,54.043],[80.422,54.127],[80.488,54.11],[80.543,54.136],[80.532,54.177],[80.585,54.203],[80.647,54.201],[80.763,54.267],[80.839,54.257],[80.845,54.271],[80.802,54.33],[80.925,54.396],[80.953,54.367],[80.994,54.265],[81.104,54.213],[81.116,54.142],[81.234,54.103],[81.474,54.072],[81.501,54.037],[81.582,54.017],[81.555,53.977],[81.554,53.935],[81.714,53.999],[81.764,53.97],[81.855,53.969],[81.847,53.9],[81.726,53.841],[81.756,53.778],[81.817,53.748],[81.835,53.713],[81.968,53.719],[82.113,53.661],[82.205,53.698],[82.214,53.663],[82.174,53.602],[82.249,53.594],[82.422,53.515],[82.486,53.469],[82.552,53.508],[82.601,53.507],[82.543,53.556],[82.64,53.639],[82.663,53.694],[82.763,53.758],[82.733,53.787],[83.19,54.065],[83.247,54.049],[83.295,54.083],[83.385,53.949],[83.406,53.941],[83.462,53.951],[83.502,53.993],[83.488,54.082],[83.568,54.126],[83.756,54.124],[83.912,54.14],[83.905,54.095],[84.009,54.147],[84.266,54.216],[84.296,54.204],[84.289,54.172],[84.39,54.188],[84.431,54.172],[84.439,54.142],[84.458,54.142],[84.564,54.191],[84.585,54.25],[84.693,54.337],[85.16,54.487],[85.435,54.212],[85.468,54.204],[85.603,54.234],[85.706,54.16],[85.811,54.126],[85.944,54.04],[86.139,53.988],[86.189,53.95],[86.22,53.894],[86.292,53.876],[86.385,53.785],[86.406,53.751],[86.395,53.695],[86.455,53.614],[86.513,53.602],[86.569,53.538],[86.676,53.495],[86.799,53.474],[87.005,53.508],[87.014,53.477],[86.923,53.446],[86.989,53.415],[86.869,53.298],[86.723,53.245],[86.667,53.25],[86.699,53.2],[86.757,53.185],[86.782,53.157],[86.879,53.121],[86.927,53.084],[87.077,53.075],[87.07,53.032],[87.023,53.001],[87.023,52.916],[86.944,52.855],[86.988,52.789],[87.045,52.766],[87.08,52.709],[87.109,52.726],[87.168,52.719],[87.187,52.635],[87.173,52.612],[87.117,52.668],[86.952,52.635],[86.85,52.651],[86.795,52.611],[86.793,52.556],[86.711,52.513],[86.616,52.379],[86.636,52.357],[86.811,52.288],[86.78,52.233],[86.822,52.195],[86.822,52.158],[86.774,52.113],[86.499,52.119],[86.454,52.032],[86.368,52.01],[86.221,52.021],[86.15,52.07],[85.921,52.072],[85.907,52.037],[85.837,51.983],[85.877,51.919],[85.74,51.861],[85.789,51.847],[85.755,51.82],[85.762,51.806],[85.74,51.779],[85.745,51.73],[85.67,51.754],[85.603,51.711],[85.537,51.7],[85.514,51.653],[85.482,51.631],[85.494,51.597],[85.471,51.569],[85.295,51.565],[85.286,51.552],[85.304,51.53],[85.3,51.508],[85.232,51.468],[85.153,51.496],[85.008,51.489],[84.924,51.424],[84.715,51.399],[84.658,51.362],[84.509,51.316],[84.488,51.29],[84.394,51.266],[84.341,51.29],[84.279,51.283],[84.144,51.12],[84.123,51.116],[84.078,51.141],[84.014,51.138],[84.01,51.067],[84.252,51.002],[84.303,51.012],[84.506,50.96],[84.531,50.936],[84.531,50.877],[84.59,50.866],[84.609,50.836],[84.602,50.805],[84.563,50.763],[84.563,50.718],[84.542,50.691],[84.457,50.703],[84.362,50.672],[84.183,50.661],[84.089,50.635],[83.976,50.686],[83.95,50.718],[83.951,50.78],[83.883,50.812],[83.82,50.868],[83.713,50.882],[83.61,50.932],[83.498,50.945],[83.434,50.993],[83.324,51.002],[83.108,50.993],[83.058,50.917],[82.976,50.882],[82.726,50.901],[82.7,50.881],[82.698,50.811],[82.673,50.79],[82.476,50.714],[82.408,50.748],[82.328,50.752],[82.288,50.737],[82.256,50.745],[82.199,50.709],[82.147,50.702],[82.096,50.708],[81.945,50.769],[81.822,50.766],[81.744,50.785],[81.674,50.736],[81.46,50.73],[81.419,50.762],[81.466,50.834],[81.416,50.89],[81.401,50.959],[81.277,50.963],[81.104,50.937],[81.052,50.956],[81.147,51.136],[81.152,51.187],[81.113,51.196],[81.07,51.172],[81.022,51.177],[80.924,51.216],[80.906,51.284],[80.882,51.285],[80.843,51.258],[80.683,51.302],[80.632,51.278],[80.599,51.209],[80.452,51.208],[80.422,51.188],[80.411,51.105],[80.452,51.073],[80.464,51.044],[80.439,50.958],[80.36,50.919],[80.267,50.916],[80.181,50.876],[80.143,50.817],[80.102,50.822],[80.049,50.852],[80.015,50.839],[80.086,50.752],[80.055,50.753],[79.967,50.81],[79.47,51.493],[79.043,51.993]]]}},{"type":"Feature","id":"RU-ARK","properties":{"code":"RU-ARK","name":"Arkhangelsk Oblast","district":"Northwestern","country":"RU","special":false},"geometry":{"type":"MultiPolygon","coordinates":[[[[36.523,63.971],[36.578,63.969],[36.703,63.925],[36.792,63.938],[36.857,63.911],[36.936,63.932],[37.011,63.897],[37.194,63.891],[37.279,63.822],[37.438,63.792],[37.608,63.816],[37.614,63.881],[37.657,63.899],[37.829,63.902],[37.985,63.946],[38.088,64.035],[38.046,64.148],[37.902,64.24],[38.026,64.295],[38.003,64.317],[37.909,64.343],[37.957,64.364],[37.833,64.358],[37.797,64.377],[37.806,64.425],[37.749,64.442],[37.687,64.431],[37.63,64.377],[37.515,64.387],[37.339,64.34],[37.286,64.352],[37.122,64.395],[36.835,64.593],[36.744,64.681],[36.695,64.708],[36.56,64.717],[36.516,64.769],[36.528,64.792],[36.504,64.836],[36.573,64.83],[36.495,64.851],[36.44,64.917],[36.466,64.934],[36.537,64.928],[36.569,64.902],[36.631,64.904],[36.655,64.928],[36.807,64.959],[36.803,64.994],[36.867,65.076],[36.864,65.113],[36.818,65.131],[36.82,65.147],[37.008,65.173],[37.217,65.14],[37.565,65.048],[37.673,65.036],[37.706,65.017],[37.718,64.959],[37.795,64.921],[38.046,64.854],[38.385,64.845],[38.368,64.809],[38.403,64.774],[38.294,64.804],[38.245,64.781],[38.067,64.781],[38.036,64.762],[38.045,64.744],[38.126,64.696],[38.04,64.658],[38.048,64.646],[38.163,64.672],[38.186,64.723],[38.275,64.732],[38.339,64.758],[38.473,64.743],[38.492,64.768],[38.416,64.802],[38.419,64.819],[38.448,64.818],[38.512,64.788],[38.922,64.733],[39.142,64.662],[39.331,64.64],[39.342,64.623],[39.567,64.545],[39.736,64.555],[39.76,64.562],[39.747,64.576],[39.767,64.581],[39.924,64.603],[39.903,64.624],[39.786,64.597],[39.81,64.659],[39.85,64.676],[40.063,64.622],[40.182,64.559],[40.359,64.562],[40.517,64.541],[40.533,64.559],[40.528,64.578],[40.472,64.636],[40.411,64.737],[40.415,64.755],[40.451,64.768],[40.52,64.754],[40.517,64.774],[40.437,64.809],[40.366,64.939],[40.297,64.984],[40.273,65.021],[40.114,65.075],[39.872,65.277],[39.741,65.357],[39.712,65.402],[39.709,65.448],[39.749,65.552],[39.827,65.607],[40.28,65.73],[40.472,65.813],[40.71,65.972],[41.343,66.063],[41.555,66.152],[41.644,66.173],[41.643,66.189],[41.858,66.296],[42.021,66.412],[42.12,66.505],[42.201,66.532],[42.645,66.453],[42.66,66.426],[42.549,66.385],[43.252,66.437],[43.302,66.426],[43.367,66.347],[43.406,66.332],[43.555,66.324],[43.655,66.285],[43.693,66.237],[43.665,66.218],[43.467,66.17],[43.389,66.117],[43.302,66.102],[43.288,66.09],[43.336,66.067],[43.353,66.041],[43.451,66.037],[43.515,65.974],[43.522,66.036],[43.501,66.053],[43.382,66.072],[43.411,66.098],[43.48,66.131],[43.636,66.152],[43.693,66.183],[43.836,66.186],[44.046,66.081],[44.049,66.056],[44.028,66.029],[44.041,65.994],[44.18,65.864],[44.191,65.905],[44.125,65.988],[44.159,66.087],[44.084,66.159],[44.079,66.207],[44.124,66.315],[44.166,66.373],[44.214,66.408],[44.303,66.413],[44.476,66.37],[44.578,66.307],[44.86,66.236],[44.936,66.232],[45.741,66.068],[45.832,66.088],[46.347,66.028],[47.154,65.816],[47.407,65.836],[47.661,65.808],[47.726,65.819],[47.764,65.85],[47.729,65.914],[47.753,65.941],[47.918,66.035],[48.072,66.076],[48.156,66.13],[49.006,66.119],[48.999,65.24],[49.606,65.289],[49.663,65.255],[50.063,64.89],[50.16,64.847],[50.467,64.792],[50.348,64.538],[50.315,64.512],[49.595,64.591],[49.45,64.463],[48.95,64.491],[48.84,64.357],[48.518,64.356],[48.498,64.343],[48.449,64.25],[48.408,64.224],[48.196,64.239],[48.134,64.288],[48.131,64.335],[48.116,64.348],[46.611,64.327],[46.323,64.265],[45.825,64.284],[45.442,64.188],[45.427,64.172],[45.593,64.064],[45.884,63.964],[46.11,63.946],[46.436,63.888],[46.819,63.747],[46.97,63.64],[47.021,63.559],[47.026,63.531],[46.952,63.448],[46.962,63.403],[46.937,63.352],[46.947,63.342],[47.091,63.246],[47.275,63.209],[47.384,63.161],[47.555,63.148],[47.516,63.037],[47.436,62.973],[47.083,62.84],[47.238,62.636],[47.235,62.351],[47.386,62.32],[47.405,62.29],[47.398,62.221],[47.413,62.193],[47.621,62.185],[47.65,62.297],[47.751,62.322],[48.291,62.322],[48.302,62.403],[48.257,62.429],[48.235,62.464],[48.334,62.704],[48.366,62.729],[48.657,62.707],[48.714,62.816],[48.875,62.829],[49.609,62.77],[49.369,62.149],[49.35,62.137],[49.265,62.141],[49.272,62.106],[49.216,62.097],[49.052,61.691],[49.097,61.658],[49.417,61.618],[49.461,61.586],[49.314,61.188],[49.281,61.174],[49.098,61.175],[48.949,61.12],[48.889,61.141],[48.509,61.048],[48.446,60.984],[48.419,60.854],[47.984,60.896],[47.958,61.007],[47.873,61.002],[47.568,61.059],[47.196,61.048],[47.194,61.0],[47.104,60.956],[47.073,60.86],[46.947,60.857],[46.898,60.886],[46.762,60.902],[46.746,60.983],[46.582,61.0],[46.509,61.064],[46.477,61.037],[46.398,61.011],[46.319,61.004],[46.285,60.968],[45.878,61.016],[45.767,61.055],[45.787,61.167],[45.379,61.205],[45.332,61.189],[45.229,60.904],[44.206,60.972],[44.158,60.995],[44.167,61.08],[44.053,61.079],[44.025,61.055],[43.892,61.024],[43.776,61.021],[43.73,60.916],[43.747,60.895],[43.525,60.847],[43.511,60.767],[43.227,60.785],[43.15,60.806],[43.049,60.74],[42.98,60.737],[42.944,60.79],[42.908,60.779],[42.902,60.818],[42.823,60.855],[42.65,60.863],[42.558,60.832],[42.551,60.783],[42.467,60.791],[42.395,60.769],[42.024,60.836],[41.947,60.835],[41.916,60.864],[41.961,60.886],[41.923,60.917],[41.901,60.897],[41.856,60.912],[41.801,60.899],[41.719,60.84],[41.668,60.848],[41.637,60.891],[41.536,60.9],[41.394,60.858],[41.382,60.851],[41.412,60.791],[41.343,60.693],[41.343,60.646],[41.253,60.665],[41.059,60.65],[40.8,60.717],[40.759,60.743],[40.746,60.78],[40.621,60.728],[40.555,60.72],[40.465,60.775],[40.408,60.784],[40.375,60.766],[40.387,60.732],[40.351,60.708],[40.222,60.695],[40.168,60.673],[40.039,60.681],[40.005,60.658],[39.954,60.65],[39.915,60.655],[39.764,60.737],[39.637,60.746],[39.415,60.707],[39.359,60.682],[39.289,60.705],[39.177,60.714],[39.191,60.653],[39.17,60.686],[39.033,60.731],[38.957,60.807],[38.923,60.773],[38.851,60.763],[38.811,60.718],[38.661,60.711],[38.633,60.723],[38.586,60.797],[38.421,60.811],[38.418,60.874],[38.372,60.951],[38.355,60.952],[38.329,60.91],[38.213,60.924],[38.171,60.975],[38.198,61.026],[38.145,61.073],[38.179,61.126],[38.098,61.156],[38.041,61.14],[37.969,61.144],[37.973,61.205],[37.857,61.285],[37.866,61.346],[37.817,61.371],[37.794,61.417],[37.812,61.481],[37.773,61.522],[37.762,61.648],[37.882,61.718],[37.874,61.762],[37.909,61.859],[37.942,61.896],[37.925,61.929],[37.929,61.962],[37.808,61.998],[37.791,62.092],[37.754,62.136],[37.729,62.2],[37.514,62.215],[37.457,62.201],[37.429,62.213],[37.433,62.243],[37.466,62.28],[37.569,62.354],[37.59,62.454],[37.505,62.645],[37.352,62.684],[37.237,62.681],[37.178,62.655],[37.098,62.652],[36.76,62.718],[36.501,62.826],[36.284,62.996],[36.259,63.032],[36.314,63.115],[36.315,63.156],[36.407,63.19],[36.412,63.206],[36.262,63.236],[36.269,63.301],[36.22,63.416],[36.028,63.474],[35.86,63.595],[35.945,63.62],[36.375,63.645],[36.469,63.676],[36.557,63.77],[36.518,63.872],[36.506,63.941],[36.523,63.971]]],[[[51.41,71.806],[51.401,71.871],[51.44,71.942],[51.61,72.092],[51.866,72.159],[51.973,72.109],[52.053,72.108],[52.049,72.085],[52.067,72.074],[52.188,72.129],[52.211,72.128],[52.191,72.102],[52.2,72.083],[52.239,72.091],[52.368,72.075],[52.409,72.086],[52.383,72.105],[52.409,72.128],[52.368,72.162],[52.49,72.164],[52.402,72.223],[52.445,72.229],[52.485,72.21],[52.465,72.231],[52.491,72.244],[52.414,72.27],[52.417,72.289],[52.588,72.264],[52.567,72.278],[52.684,72.323],[52.669,72.345],[52.6,72.355],[52.581,72.374],[52.723,72.345],[52.868,72.347],[52.69,72.367],[52.704,72.386],[52.663,72.429],[52.684,72.447],[52.82,72.45],[52.73,72.48],[52.679,72.472],[52.689,72.489],[52.73,72.511],[52.869,72.519],[52.882,72.548],[52.93,72.559],[52.91,72.573],[53.102,72.601],[52.914,72.597],[52.724,72.559],[52.752,72.593],[52.812,72.614],[52.798,72.626],[52.738,72.621],[52.755,72.638],[52.98,72.676],[53.11,72.65],[53.218,72.648],[53.006,72.683],[52.575,72.671],[52.375,72.73],[52.394,72.752],[52.468,72.762],[52.485,72.799],[52.617,72.863],[53.027,72.925],[53.308,72.878],[53.382,72.889],[53.293,72.908],[53.389,72.908],[53.396,72.93],[53.232,72.936],[53.142,72.962],[53.137,73.003],[53.153,73.014],[53.382,73.012],[53.3,73.033],[53.269,73.062],[53.184,73.07],[53.122,73.101],[53.161,73.112],[53.155,73.147],[53.17,73.162],[53.323,73.221],[53.434,73.244],[53.533,73.23],[53.753,73.299],[54.191,73.272],[54.397,73.316],[54.532,73.376],[54.935,73.425],[55.125,73.394],[55.304,73.339],[55.49,73.321],[55.758,73.328],[55.808,73.313],[55.818,73.29],[56.435,73.23],[56.56,73.166],[56.582,73.13],[55.808,73.066],[56.387,73.069],[56.466,73.052],[56.377,73.007],[56.322,72.997],[56.225,73.009],[55.616,72.964],[55.973,72.941],[56.116,72.97],[56.252,72.972],[56.22,72.908],[56.238,72.898],[56.22,72.827],[56.178,72.817],[56.138,72.782],[56.063,72.778],[55.867,72.802],[55.739,72.784],[55.481,72.806],[55.432,72.786],[55.603,72.786],[55.717,72.754],[55.811,72.758],[55.946,72.669],[55.616,72.697],[55.723,72.638],[55.623,72.621],[55.685,72.573],[55.618,72.542],[55.552,72.543],[55.457,72.582],[55.267,72.587],[55.449,72.563],[55.466,72.539],[55.543,72.527],[55.552,72.513],[55.536,72.472],[55.378,72.458],[55.152,72.463],[55.116,72.45],[55.466,72.436],[55.469,72.401],[55.487,72.395],[55.476,72.371],[55.377,72.303],[55.512,72.259],[55.52,72.237],[55.575,72.2],[55.565,72.182],[55.39,72.108],[55.343,72.066],[55.453,72.059],[55.384,72.018],[55.35,71.976],[55.39,71.943],[55.247,71.956],[55.26,71.943],[55.225,71.929],[55.398,71.922],[55.506,71.898],[55.528,71.864],[55.529,71.785],[55.672,71.611],[55.808,71.531],[55.916,71.432],[56.014,71.387],[56.071,71.28],[56.106,71.259],[56.58,71.057],[56.648,71.013],[56.864,70.953],[56.919,70.914],[57.039,70.87],[57.312,70.81],[57.467,70.818],[57.48,70.789],[57.639,70.73],[57.433,70.744],[57.539,70.705],[57.528,70.681],[57.458,70.637],[57.398,70.626],[57.452,70.606],[57.259,70.628],[57.07,70.673],[56.97,70.659],[56.776,70.711],[56.74,70.703],[56.854,70.648],[57.039,70.626],[57.152,70.638],[57.172,70.613],[57.343,70.572],[57.296,70.565],[56.721,70.641],[56.597,70.675],[56.699,70.634],[56.585,70.642],[56.493,70.695],[56.521,70.73],[56.581,70.738],[56.552,70.754],[56.459,70.746],[56.412,70.714],[56.224,70.742],[56.239,70.721],[56.322,70.703],[56.199,70.709],[56.302,70.681],[56.22,70.668],[56.238,70.653],[56.362,70.647],[56.384,70.661],[56.329,70.681],[56.434,70.676],[56.528,70.641],[56.453,70.626],[56.583,70.613],[56.655,70.59],[56.645,70.574],[56.514,70.545],[56.401,70.564],[56.501,70.559],[56.466,70.579],[56.54,70.571],[56.563,70.579],[56.535,70.597],[56.354,70.598],[56.09,70.669],[56.041,70.648],[56.159,70.629],[56.178,70.61],[56.164,70.595],[56.132,70.596],[55.966,70.661],[55.808,70.695],[55.851,70.651],[55.994,70.618],[56.048,70.585],[56.021,70.574],[55.946,70.6],[55.884,70.585],[55.818,70.613],[55.719,70.611],[55.603,70.648],[55.699,70.621],[55.726,70.626],[55.699,70.647],[55.792,70.634],[55.8,70.645],[55.783,70.669],[55.738,70.708],[55.63,70.737],[55.599,70.721],[55.694,70.699],[55.747,70.648],[55.663,70.689],[55.495,70.713],[55.405,70.75],[55.405,70.736],[55.35,70.703],[55.421,70.696],[55.473,70.654],[55.405,70.689],[55.25,70.679],[55.233,70.667],[55.236,70.651],[55.296,70.606],[55.275,70.612],[55.267,70.585],[55.207,70.581],[55.213,70.565],[55.163,70.553],[54.995,70.616],[54.986,70.634],[54.761,70.681],[54.707,70.722],[54.712,70.758],[54.59,70.779],[54.513,70.825],[54.568,70.777],[54.492,70.784],[54.479,70.736],[54.65,70.695],[54.623,70.689],[54.66,70.679],[54.734,70.67],[54.767,70.648],[54.571,70.675],[54.544,70.687],[54.548,70.703],[54.453,70.718],[54.287,70.777],[54.27,70.764],[54.294,70.744],[54.225,70.73],[54.141,70.757],[54.045,70.748],[53.855,70.822],[53.841,70.823],[53.842,70.808],[53.89,70.784],[53.798,70.806],[53.719,70.799],[53.545,70.854],[53.54,70.805],[53.407,70.85],[53.3,70.866],[53.521,70.87],[53.577,70.889],[53.669,70.837],[53.705,70.846],[53.684,70.857],[53.674,70.89],[53.738,70.948],[53.725,70.969],[53.673,71.005],[53.492,71.072],[53.502,71.094],[53.678,71.079],[53.664,71.093],[53.695,71.099],[53.904,71.055],[53.937,71.059],[53.807,71.134],[54.009,71.14],[54.068,71.12],[53.939,71.13],[53.917,71.106],[53.936,71.101],[54.078,71.1],[54.244,71.123],[54.212,71.141],[54.14,71.127],[54.063,71.136],[53.992,71.161],[54.033,71.185],[54.095,71.189],[54.057,71.209],[54.164,71.21],[54.064,71.237],[53.943,71.176],[53.801,71.21],[53.832,71.17],[53.796,71.155],[53.705,71.175],[53.725,71.189],[53.708,71.195],[53.628,71.209],[53.577,71.199],[53.451,71.264],[53.595,71.302],[53.653,71.348],[53.682,71.398],[53.889,71.422],[53.951,71.462],[53.9,71.471],[53.831,71.436],[53.576,71.391],[53.54,71.361],[53.544,71.317],[53.488,71.303],[53.413,71.312],[53.362,71.333],[53.348,71.367],[53.252,71.456],[53.321,71.473],[53.358,71.515],[53.444,71.545],[53.348,71.568],[53.206,71.51],[53.142,71.462],[53.15,71.44],[53.113,71.422],[53.097,71.453],[53.047,71.484],[53.057,71.498],[53.03,71.5],[53.007,71.483],[53.047,71.456],[53.039,71.443],[52.972,71.442],[52.968,71.405],[52.882,71.394],[52.86,71.414],[52.855,71.457],[52.821,71.47],[52.798,71.465],[52.82,71.429],[52.74,71.442],[52.718,71.49],[52.635,71.462],[52.61,71.469],[52.65,71.525],[52.644,71.546],[52.574,71.576],[52.561,71.628],[52.547,71.635],[52.521,71.628],[52.499,71.566],[52.386,71.55],[52.368,71.535],[52.416,71.477],[52.28,71.514],[52.259,71.539],[52.269,71.588],[52.142,71.545],[52.163,71.518],[52.279,71.477],[51.962,71.48],[51.84,71.456],[51.71,71.518],[51.601,71.537],[51.532,71.566],[51.55,71.614],[51.468,71.693],[51.472,71.711],[51.424,71.737],[51.41,71.806]]],[[[56.987,74.69],[56.893,74.713],[56.779,74.694],[56.603,74.697],[56.531,74.746],[56.417,74.753],[56.501,74.794],[56.466,74.799],[55.938,74.781],[55.833,74.8],[55.816,74.817],[55.885,74.846],[56.678,74.949],[56.637,74.972],[56.514,74.948],[56.432,74.958],[56.357,74.941],[56.384,74.965],[56.295,74.965],[56.466,75.013],[56.421,75.037],[56.18,75.021],[56.065,74.997],[55.87,74.997],[55.891,75.032],[55.946,75.074],[55.904,75.088],[55.726,75.081],[55.747,75.108],[55.795,75.129],[55.808,75.157],[55.87,75.163],[55.918,75.198],[56.038,75.218],[56.103,75.211],[56.082,75.198],[56.114,75.188],[56.234,75.198],[56.137,75.157],[56.174,75.15],[56.356,75.191],[56.453,75.119],[56.471,75.088],[56.446,75.067],[56.613,75.107],[56.791,75.198],[56.896,75.23],[56.911,75.256],[56.892,75.28],[56.733,75.297],[56.836,75.355],[57.046,75.398],[57.148,75.379],[57.426,75.376],[57.421,75.362],[57.435,75.357],[57.556,75.334],[57.741,75.328],[57.72,75.342],[57.734,75.355],[57.672,75.379],[57.667,75.417],[57.64,75.439],[57.542,75.451],[57.544,75.467],[57.501,75.499],[57.564,75.52],[58.165,75.578],[58.196,75.603],[58.147,75.629],[57.926,75.629],[57.98,75.672],[58.605,75.733],[58.536,75.76],[58.723,75.792],[58.727,75.819],[58.75,75.833],[58.931,75.868],[59.137,75.865],[59.334,75.892],[59.358,75.903],[59.358,75.924],[59.399,75.937],[59.749,75.931],[60.048,75.993],[60.322,75.998],[60.348,76.006],[60.326,76.024],[60.084,76.036],[60.043,76.054],[60.268,76.11],[60.838,76.123],[60.468,76.013],[60.557,76.021],[60.55,76.013],[60.604,75.999],[60.67,75.996],[60.735,76.005],[60.818,76.06],[61.085,76.085],[61.146,76.116],[61.147,76.144],[61.119,76.151],[60.948,76.141],[60.9,76.157],[61.023,76.219],[60.994,76.231],[60.996,76.246],[61.077,76.28],[61.482,76.294],[61.56,76.284],[61.675,76.315],[61.757,76.294],[61.928,76.297],[61.978,76.263],[62.094,76.253],[62.382,76.271],[62.406,76.251],[62.373,76.222],[62.389,76.197],[62.504,76.178],[62.554,76.219],[62.651,76.21],[62.648,76.232],[62.779,76.271],[62.844,76.262],[62.867,76.246],[62.846,76.232],[62.921,76.232],[62.902,76.219],[62.957,76.207],[63.22,76.263],[63.463,76.287],[63.53,76.317],[63.719,76.35],[63.86,76.341],[63.956,76.363],[64.035,76.315],[64.091,76.313],[64.313,76.363],[64.436,76.363],[64.475,76.399],[64.626,76.375],[64.676,76.383],[64.654,76.394],[64.67,76.419],[64.72,76.445],[64.806,76.451],[64.786,76.472],[64.826,76.484],[65.031,76.501],[65.102,76.47],[65.169,76.475],[65.339,76.513],[65.403,76.559],[65.485,76.575],[65.611,76.58],[65.999,76.533],[66.033,76.548],[65.942,76.579],[65.888,76.637],[65.753,76.683],[65.889,76.739],[66.108,76.753],[66.235,76.795],[66.352,76.806],[66.41,76.849],[66.571,76.865],[66.654,76.901],[66.88,76.923],[66.944,76.949],[67.211,76.952],[67.346,76.986],[67.588,77.013],[68.034,76.998],[68.159,76.968],[68.294,76.959],[68.463,76.967],[68.513,76.952],[68.478,76.932],[68.488,76.926],[68.569,76.925],[68.673,76.88],[68.809,76.869],[68.759,76.827],[68.931,76.787],[68.894,76.748],[68.931,76.719],[69.034,76.712],[68.894,76.679],[68.788,76.589],[68.938,76.568],[68.55,76.429],[68.417,76.417],[68.409,76.401],[68.437,76.397],[68.344,76.35],[68.181,76.323],[68.327,76.294],[68.288,76.281],[67.912,76.258],[67.366,76.167],[67.146,76.105],[66.686,76.06],[66.43,75.999],[66.292,75.996],[66.179,75.962],[65.217,75.854],[65.078,75.807],[64.889,75.809],[64.311,75.722],[64.104,75.719],[63.762,75.642],[63.71,75.636],[63.726,75.667],[63.662,75.688],[63.676,75.705],[63.648,75.72],[63.552,75.711],[63.62,75.691],[63.521,75.633],[63.304,75.589],[63.03,75.588],[62.735,75.519],[62.621,75.516],[62.273,75.44],[62.029,75.449],[61.856,75.381],[61.846,75.362],[61.694,75.376],[61.713,75.361],[61.66,75.328],[61.688,75.314],[61.633,75.3],[61.654,75.28],[61.579,75.275],[61.533,75.238],[61.482,75.223],[61.405,75.236],[61.38,75.26],[61.387,75.3],[61.366,75.322],[61.38,75.334],[61.277,75.328],[61.296,75.301],[61.272,75.263],[61.107,75.198],[60.813,75.146],[60.798,75.121],[60.75,75.108],[60.804,75.086],[60.767,75.045],[60.725,75.028],[60.591,75.034],[60.57,75.062],[60.612,75.101],[60.571,75.118],[60.494,75.11],[60.503,75.095],[60.441,75.067],[60.455,75.054],[60.434,75.047],[60.468,75.032],[60.416,75.011],[60.265,74.992],[60.235,74.992],[60.262,75.006],[60.233,75.019],[60.112,74.992],[59.927,75.006],[60.011,74.98],[60.621,74.968],[60.688,74.924],[60.561,74.866],[60.194,74.855],[60.372,74.794],[60.276,74.75],[59.934,74.725],[59.818,74.745],[59.723,74.742],[59.509,74.8],[59.642,74.727],[59.77,74.726],[59.797,74.704],[59.858,74.691],[59.873,74.677],[59.875,74.628],[59.809,74.617],[59.755,74.587],[59.602,74.597],[59.157,74.738],[59.091,74.738],[59.29,74.643],[59.206,74.646],[59.162,74.667],[59.084,74.649],[59.221,74.615],[59.133,74.55],[59.146,74.526],[59.091,74.495],[59.094,74.481],[59.143,74.464],[59.146,74.444],[58.865,74.457],[58.745,74.478],[58.72,74.503],[58.187,74.581],[58.173,74.561],[58.426,74.512],[58.426,74.498],[58.473,74.474],[58.639,74.424],[58.57,74.389],[58.657,74.34],[58.652,74.314],[58.728,74.3],[58.707,74.286],[58.741,74.273],[58.68,74.252],[58.728,74.239],[58.536,74.239],[58.659,74.217],[58.508,74.217],[58.591,74.184],[58.529,74.172],[58.4,74.203],[58.342,74.19],[58.318,74.227],[58.292,74.222],[58.248,74.19],[58.301,74.161],[58.522,74.149],[58.483,74.132],[58.385,74.14],[58.343,74.129],[58.337,74.094],[58.308,74.088],[58.303,74.108],[58.27,74.126],[58.162,74.15],[58.139,74.139],[58.173,74.101],[58.097,74.06],[58.198,74.046],[58.213,74.008],[58.123,73.987],[57.931,74.008],[57.739,74.051],[57.532,74.192],[57.412,74.184],[57.513,74.123],[57.536,74.094],[57.475,74.074],[57.327,74.093],[57.261,74.08],[57.548,74.061],[57.912,73.916],[57.809,73.895],[57.905,73.875],[57.91,73.843],[57.933,73.841],[57.946,73.807],[57.749,73.726],[57.628,73.745],[57.592,73.779],[57.395,73.846],[56.556,73.889],[56.635,73.863],[56.932,73.854],[57.096,73.83],[57.35,73.828],[57.383,73.795],[57.49,73.754],[57.508,73.728],[57.591,73.704],[57.586,73.685],[57.618,73.669],[57.586,73.614],[57.33,73.574],[57.35,73.553],[57.02,73.584],[56.788,73.676],[56.735,73.68],[56.719,73.669],[56.746,73.648],[56.85,73.615],[56.747,73.607],[56.92,73.596],[57.08,73.537],[57.238,73.51],[57.254,73.491],[57.243,73.469],[57.254,73.457],[57.2,73.453],[57.179,73.442],[57.179,73.423],[56.908,73.315],[56.814,73.357],[56.749,73.362],[56.746,73.334],[56.795,73.321],[56.723,73.282],[56.761,73.252],[56.73,73.245],[56.121,73.29],[56.046,73.33],[56.016,73.412],[55.971,73.439],[55.917,73.448],[55.87,73.436],[55.936,73.419],[55.987,73.385],[55.98,73.33],[55.924,73.312],[55.772,73.348],[55.435,73.332],[55.021,73.444],[54.9,73.448],[54.659,73.407],[54.568,73.409],[54.25,73.328],[54.033,73.375],[54.13,73.41],[54.294,73.418],[54.315,73.45],[54.417,73.478],[54.281,73.471],[54.185,73.491],[54.204,73.505],[54.542,73.611],[54.785,73.659],[54.941,73.665],[55.089,73.706],[55.35,73.717],[54.965,73.717],[54.856,73.684],[54.828,73.691],[54.87,73.732],[54.664,73.705],[54.53,73.704],[54.492,73.697],[54.404,73.642],[54.26,73.615],[54.281,73.601],[54.12,73.617],[54.074,73.609],[53.947,73.632],[53.931,73.642],[53.958,73.649],[53.89,73.663],[53.76,73.721],[53.667,73.735],[53.633,73.77],[53.654,73.812],[53.759,73.78],[53.869,73.779],[54.082,73.834],[54.063,73.849],[54.078,73.862],[54.316,73.931],[54.628,73.951],[54.726,73.978],[54.802,73.97],[54.8,73.985],[54.769,73.996],[54.607,74.006],[54.589,74.019],[54.678,74.068],[55.019,74.173],[55.182,74.187],[55.279,74.155],[55.394,74.141],[55.487,74.149],[55.814,74.1],[55.864,74.106],[55.87,74.121],[55.857,74.129],[55.632,74.163],[55.623,74.19],[55.238,74.246],[55.148,74.242],[55.076,74.266],[55.144,74.273],[55.15,74.286],[55.228,74.307],[55.267,74.293],[55.253,74.28],[55.286,74.274],[55.529,74.282],[55.658,74.305],[55.683,74.273],[55.735,74.28],[55.747,74.296],[55.732,74.305],[55.637,74.334],[55.593,74.325],[55.449,74.354],[55.261,74.361],[55.233,74.376],[55.388,74.445],[55.507,74.444],[55.618,74.466],[55.903,74.459],[56.28,74.485],[56.254,74.505],[56.014,74.492],[56.082,74.52],[55.867,74.553],[55.657,74.52],[55.706,74.55],[55.657,74.574],[55.5,74.567],[55.561,74.614],[55.522,74.639],[55.53,74.655],[55.756,74.692],[55.87,74.684],[55.863,74.671],[55.896,74.661],[56.387,74.721],[56.418,74.721],[56.418,74.704],[56.556,74.684],[56.987,74.69]]],[[[42.646,66.742],[42.681,66.682],[42.644,66.666],[42.483,66.707],[42.426,66.752],[42.455,66.774],[42.504,66.778],[42.585,66.77],[42.646,66.742]]],[[[57.117,70.559],[57.222,70.526],[57.189,70.511],[57.035,70.545],[57.121,70.516],[57.138,70.497],[57.064,70.502],[56.929,70.532],[56.898,70.559],[56.932,70.565],[56.86,70.585],[56.843,70.606],[57.072,70.555],[57.117,70.559]]],[[[53.232,71.216],[53.205,71.192],[53.218,71.168],[53.205,71.152],[53.15,71.127],[53.162,71.109],[53.151,71.096],[53.062,71.088],[53.047,71.072],[53.041,71.034],[53.139,70.994],[53.12,70.977],[53.01,70.968],[53.015,71.004],[52.972,71.029],[52.956,71.057],[52.8,71.093],[52.772,71.168],[52.756,71.177],[52.684,71.189],[52.643,71.223],[52.558,71.249],[52.45,71.236],[52.352,71.246],[52.255,71.273],[52.212,71.308],[52.217,71.333],[52.258,71.349],[52.53,71.388],[52.647,71.381],[52.721,71.349],[52.738,71.354],[52.687,71.398],[52.741,71.406],[52.91,71.367],[52.958,71.319],[53.012,71.298],[53.02,71.281],[53.005,71.279],[52.917,71.309],[52.862,71.354],[52.77,71.378],[52.745,71.374],[52.875,71.333],[52.779,71.319],[53.061,71.238],[53.157,71.244],[53.082,71.257],[53.161,71.269],[53.211,71.257],[53.196,71.226],[53.232,71.216]]],[[[51.347,79.953],[51.505,79.933],[51.42,79.916],[50.045,79.974],[50.23,79.995],[50.553,79.988],[50.654,80.044],[50.855,80.067],[51.001,80.103],[51.087,80.063],[51.265,80.056],[51.2,80.032],[51.201,80.011],[51.256,79.983],[51.388,79.967],[51.347,79.953]]],[[[50.081,80.068],[50.0,80.056],[49.883,80.07],[49.575,80.136],[49.531,80.159],[49.899,80.234],[50.229,80.226],[50.336,80.182],[50.318,80.168],[50.126,80.142],[50.052,80.084],[50.081,80.068]]],[[[55.795,80.642],[55.644,80.649],[55.603,80.666],[55.706,80.7],[55.495,80.7],[55.432,80.714],[55.61,80.742],[55.724,80.733],[55.782,80.761],[56.53,80.787],[56.576,80.776],[56.558,80.763],[56.57,80.757],[56.845,80.728],[56.946,80.694],[56.928,80.663],[56.329,80.625],[56.35,80.639],[56.312,80.655],[55.838,80.632],[55.795,80.642]]],[[[46.687,80.529],[46.645,80.515],[46.519,80.519],[46.495,80.508],[46.53,80.474],[46.48,80.46],[46.084,80.44],[46.03,80.465],[46.021,80.489],[46.029,80.515],[46.084,80.556],[46.044,80.574],[45.836,80.551],[45.75,80.561],[45.515,80.52],[45.377,80.573],[45.271,80.59],[44.857,80.617],[45.095,80.649],[46.517,80.721],[46.399,80.735],[46.442,80.745],[46.921,80.749],[47.181,80.798],[47.201,80.81],[47.092,80.831],[47.138,80.842],[47.536,80.857],[47.865,80.812],[48.039,80.807],[48.275,80.831],[48.496,80.798],[48.655,80.755],[48.5,80.749],[48.456,80.727],[48.764,80.66],[48.75,80.617],[48.727,80.611],[48.434,80.653],[48.064,80.662],[47.99,80.68],[48.0,80.709],[47.921,80.711],[47.749,80.77],[47.558,80.748],[47.613,80.727],[47.476,80.735],[47.572,80.68],[47.359,80.688],[47.304,80.653],[47.433,80.611],[47.442,80.601],[47.431,80.594],[47.2,80.626],[47.061,80.596],[46.992,80.553],[46.667,80.566],[46.633,80.556],[46.687,80.529]]],[[[62.222,80.813],[62.275,80.784],[62.259,80.741],[62.037,80.666],[62.147,80.639],[62.116,80.622],[61.706,80.597],[61.688,80.577],[61.588,80.556],[61.606,80.529],[61.311,80.511],[61.277,80.501],[61.383,80.491],[61.327,80.457],[61.045,80.405],[60.561,80.446],[60.307,80.496],[60.18,80.488],[60.158,80.469],[59.963,80.443],[59.636,80.431],[59.496,80.483],[59.242,80.529],[59.372,80.57],[59.286,80.582],[59.261,80.598],[59.29,80.617],[59.221,80.653],[59.31,80.687],[59.282,80.7],[59.365,80.721],[59.405,80.75],[59.534,80.763],[59.571,80.79],[59.509,80.804],[59.694,80.837],[60.171,80.854],[60.256,80.831],[59.968,80.81],[60.312,80.811],[60.362,80.79],[60.564,80.823],[61.545,80.865],[61.53,80.879],[61.603,80.896],[62.068,80.88],[62.222,80.813]]],[[[58.13,80.781],[57.882,80.787],[57.816,80.81],[57.844,80.825],[58.157,80.871],[58.746,80.903],[58.929,80.882],[59.029,80.824],[58.896,80.774],[58.696,80.779],[58.543,80.754],[58.421,80.749],[58.13,80.781]]],[[[55.766,80.784],[54.877,80.721],[54.664,80.742],[54.69,80.769],[54.657,80.788],[54.012,80.796],[53.98,80.816],[53.985,80.829],[54.101,80.852],[54.323,80.864],[54.407,80.851],[54.722,80.872],[54.765,80.864],[54.772,80.856],[54.753,80.845],[54.823,80.836],[54.983,80.892],[55.097,80.903],[55.257,80.89],[55.369,80.862],[55.987,80.804],[55.766,80.784]]],[[[51.689,80.727],[51.744,80.714],[51.701,80.677],[51.175,80.618],[50.95,80.537],[50.121,80.527],[50.047,80.499],[49.728,80.494],[49.675,80.482],[49.798,80.452],[49.799,80.427],[49.83,80.416],[49.816,80.401],[49.49,80.364],[48.84,80.388],[48.791,80.364],[48.818,80.351],[48.654,80.317],[48.627,80.295],[48.943,80.273],[49.038,80.241],[48.976,80.213],[49.107,80.19],[49.086,80.172],[48.989,80.166],[48.969,80.152],[48.734,80.159],[48.528,80.209],[48.497,80.193],[48.552,80.159],[48.511,80.124],[48.372,80.092],[48.223,80.135],[48.116,80.137],[48.045,80.118],[48.049,80.1],[48.019,80.089],[47.628,80.072],[47.605,80.089],[47.637,80.103],[47.633,80.118],[47.737,80.162],[48.047,80.189],[48.085,80.207],[47.9,80.201],[47.845,80.213],[47.969,80.235],[47.929,80.247],[47.451,80.24],[47.338,80.213],[47.387,80.187],[47.212,80.19],[47.102,80.17],[46.895,80.192],[46.906,80.228],[46.89,80.237],[46.66,80.274],[46.618,80.295],[46.65,80.314],[47.089,80.372],[47.163,80.359],[47.19,80.343],[47.174,80.323],[47.224,80.309],[47.428,80.323],[47.556,80.304],[47.637,80.316],[48.017,80.31],[47.971,80.322],[48.133,80.326],[48.189,80.338],[47.911,80.369],[47.689,80.373],[47.619,80.405],[48.202,80.416],[48.236,80.427],[48.099,80.446],[48.14,80.468],[48.1,80.476],[47.82,80.476],[47.423,80.443],[47.379,80.454],[47.415,80.466],[48.013,80.547],[48.195,80.535],[48.375,80.571],[48.565,80.543],[48.531,80.515],[48.569,80.506],[48.702,80.515],[48.827,80.498],[48.961,80.531],[49.188,80.521],[49.23,80.537],[49.175,80.556],[49.356,80.587],[49.407,80.617],[49.342,80.62],[49.285,80.645],[49.429,80.655],[49.631,80.64],[49.668,80.653],[49.634,80.666],[49.655,80.68],[49.613,80.687],[49.682,80.721],[49.628,80.731],[49.203,80.694],[49.263,80.728],[49.34,80.735],[49.243,80.745],[48.999,80.719],[48.955,80.735],[49.114,80.769],[49.004,80.776],[49.677,80.854],[49.802,80.893],[50.237,80.933],[50.443,80.906],[50.131,80.89],[49.997,80.865],[50.023,80.858],[50.724,80.895],[50.827,80.919],[51.045,80.851],[50.982,80.831],[50.47,80.81],[50.545,80.79],[50.51,80.776],[50.313,80.765],[50.251,80.742],[50.34,80.716],[50.653,80.766],[50.765,80.742],[50.883,80.774],[51.009,80.778],[51.102,80.748],[51.162,80.755],[51.144,80.768],[51.157,80.776],[51.313,80.79],[51.306,80.776],[51.451,80.742],[51.689,80.727]]],[[[58.654,81.044],[58.697,81.025],[58.607,80.995],[58.605,80.974],[58.561,80.957],[58.367,80.946],[58.254,80.955],[57.841,81.048],[57.864,81.065],[58.001,81.084],[57.99,81.098],[58.07,81.112],[58.654,81.044]]],[[[57.336,80.892],[57.199,80.906],[57.234,80.933],[57.201,80.954],[56.932,80.974],[56.897,80.993],[56.919,81.008],[56.897,81.016],[56.096,81.091],[56.147,81.123],[56.225,81.108],[56.703,81.113],[56.944,81.072],[57.256,81.065],[57.645,81.024],[57.75,80.971],[58.282,80.927],[57.966,80.888],[57.838,80.853],[57.534,80.863],[57.336,80.892]]],[[[54.564,80.995],[54.449,80.998],[54.417,81.008],[54.426,81.024],[54.455,81.049],[54.554,81.064],[54.536,81.074],[54.544,81.084],[54.671,81.125],[54.863,81.084],[55.322,81.05],[55.52,81.008],[56.019,81.044],[56.623,80.982],[56.652,80.944],[57.681,80.817],[57.716,80.793],[57.562,80.748],[57.059,80.692],[56.843,80.762],[56.706,80.783],[56.668,80.809],[55.799,80.854],[55.774,80.861],[55.757,80.889],[55.547,80.898],[55.377,80.933],[55.405,80.958],[55.381,80.969],[54.998,80.951],[54.884,80.978],[54.86,81.002],[54.564,80.995]]],[[[50.477,81.07],[50.347,81.091],[50.388,81.105],[50.367,81.125],[50.519,81.129],[50.539,81.139],[50.491,81.159],[50.53,81.168],[50.82,81.166],[50.912,81.143],[50.977,81.106],[50.938,81.092],[50.766,81.088],[50.745,81.077],[50.779,81.062],[50.774,81.044],[50.575,81.046],[50.409,81.013],[50.374,81.023],[50.382,81.03],[50.477,81.07]]],[[[57.266,81.427],[56.74,81.454],[56.792,81.472],[56.982,81.493],[57.007,81.509],[56.946,81.522],[57.013,81.537],[57.482,81.533],[57.514,81.543],[57.485,81.551],[57.514,81.56],[57.784,81.565],[57.823,81.55],[57.796,81.536],[57.864,81.516],[57.844,81.495],[57.889,81.486],[58.4,81.474],[58.57,81.413],[58.306,81.377],[57.798,81.379],[57.577,81.399],[57.562,81.42],[57.439,81.438],[57.266,81.427]]],[[[62.504,81.653],[62.106,81.68],[62.225,81.702],[62.461,81.716],[62.538,81.706],[62.648,81.722],[62.805,81.722],[62.766,81.707],[63.678,81.695],[63.806,81.66],[63.712,81.615],[63.467,81.589],[62.691,81.614],[62.504,81.653]]],[[[58.295,81.714],[57.989,81.69],[57.891,81.708],[57.946,81.755],[58.145,81.777],[57.988,81.787],[57.94,81.804],[57.978,81.817],[59.215,81.859],[59.403,81.837],[59.44,81.818],[59.331,81.79],[59.372,81.774],[59.356,81.753],[58.295,81.714]]],[[[59.034,75.96],[59.234,75.991],[59.26,75.984],[59.262,75.965],[59.237,75.948],[58.81,75.902],[58.693,75.903],[59.034,75.96]]],[[[59.002,79.981],[58.793,80.011],[58.769,80.021],[58.796,80.044],[59.529,80.121],[59.81,80.089],[59.842,80.071],[59.836,80.027],[59.927,79.995],[59.543,79.94],[59.441,79.948],[59.433,79.933],[59.372,79.92],[59.207,79.929],[59.174,79.94],[59.2,79.953],[59.002,79.981]]],[[[55.712,80.103],[56.019,80.182],[56.048,80.2],[55.994,80.213],[56.008,80.235],[55.952,80.262],[55.994,80.303],[55.973,80.323],[55.989,80.337],[56.13,80.351],[56.643,80.325],[56.692,80.344],[56.69,80.36],[56.712,80.368],[57.022,80.364],[57.098,80.345],[57.131,80.306],[57.084,80.258],[57.099,80.221],[57.154,80.199],[57.047,80.154],[57.138,80.118],[57.118,80.096],[56.957,80.066],[55.949,80.078],[55.712,80.103]]],[[[52.623,80.183],[52.601,80.199],[52.357,80.209],[52.183,80.276],[52.306,80.293],[52.569,80.289],[52.596,80.295],[52.6,80.315],[52.731,80.323],[52.686,80.344],[52.698,80.368],[52.906,80.413],[53.047,80.399],[53.294,80.409],[53.341,80.399],[53.323,80.379],[53.349,80.361],[53.532,80.31],[53.869,80.271],[53.733,80.218],[53.664,80.245],[53.59,80.242],[53.54,80.221],[53.513,80.18],[53.49,80.172],[52.645,80.172],[52.623,80.183]]],[[[57.529,80.131],[57.426,80.128],[57.278,80.178],[57.302,80.207],[57.22,80.241],[57.265,80.269],[57.266,80.286],[57.24,80.295],[57.259,80.326],[57.192,80.364],[57.274,80.392],[57.243,80.412],[56.946,80.482],[58.452,80.468],[58.774,80.428],[58.899,80.427],[59.193,80.378],[59.276,80.33],[58.591,80.338],[58.588,80.321],[58.558,80.315],[58.391,80.32],[58.077,80.262],[58.123,80.242],[58.461,80.235],[58.475,80.222],[58.467,80.209],[58.426,80.187],[58.447,80.18],[58.407,80.166],[58.251,80.187],[58.086,80.183],[58.041,80.206],[57.934,80.192],[57.905,80.172],[57.97,80.149],[57.991,80.117],[58.015,80.111],[57.97,80.099],[57.713,80.099],[57.529,80.131]]],[[[53.798,80.473],[53.854,80.482],[53.838,80.505],[53.848,80.51],[53.973,80.529],[53.859,80.554],[53.841,80.574],[53.854,80.6],[53.883,80.611],[54.269,80.589],[54.315,80.577],[54.17,80.573],[54.136,80.556],[54.41,80.543],[54.387,80.525],[54.458,80.501],[54.465,80.482],[54.288,80.42],[53.798,80.473]]],[[[60.256,81.036],[60.613,81.092],[61.702,81.105],[61.606,81.077],[61.628,81.055],[61.6,81.031],[60.988,80.922],[60.343,80.949],[60.254,80.972],[60.07,80.98],[60.023,80.995],[60.062,81.008],[60.256,81.036]]],[[[62.771,80.886],[62.938,80.91],[63.142,80.971],[64.036,80.987],[64.186,81.019],[64.217,81.057],[64.12,81.094],[64.275,81.169],[64.423,81.194],[64.705,81.205],[65.23,81.137],[65.436,81.037],[65.45,81.023],[65.306,80.995],[65.389,80.986],[65.466,80.935],[65.446,80.92],[65.078,80.841],[65.0,80.809],[64.669,80.776],[64.587,80.755],[63.775,80.714],[63.686,80.727],[63.131,80.683],[62.511,80.81],[62.509,80.834],[62.53,80.844],[62.771,80.886]]],[[[57.336,81.205],[57.888,81.246],[58.027,81.234],[58.084,81.215],[57.852,81.19],[57.771,81.148],[57.7,81.137],[57.39,81.124],[56.994,81.166],[57.336,81.205]]],[[[55.647,81.2],[55.561,81.223],[55.609,81.276],[55.432,81.276],[55.541,81.297],[55.466,81.324],[55.87,81.324],[55.954,81.301],[56.074,81.302],[56.216,81.277],[56.603,81.262],[56.473,81.29],[56.391,81.324],[56.418,81.338],[56.336,81.385],[56.726,81.397],[56.781,81.385],[56.761,81.379],[56.789,81.368],[56.898,81.379],[57.409,81.341],[57.499,81.312],[57.689,81.331],[57.905,81.297],[57.811,81.275],[57.048,81.253],[56.615,81.179],[56.384,81.18],[56.39,81.204],[56.24,81.228],[55.824,81.186],[55.647,81.2]]],[[[58.563,81.324],[58.481,81.324],[58.464,81.335],[58.493,81.352],[58.669,81.382],[59.018,81.403],[59.246,81.377],[59.385,81.331],[59.342,81.304],[59.054,81.287],[58.655,81.307],[58.563,81.324]]],[[[61.904,81.605],[62.141,81.586],[62.196,81.565],[62.068,81.547],[61.828,81.564],[61.654,81.605],[61.904,81.605]]],[[[40.455,64.582],[40.458,64.568],[40.436,64.564],[40.195,64.574],[40.055,64.653],[39.824,64.68],[39.855,64.699],[39.984,64.719],[40.043,64.701],[40.188,64.708],[40.254,64.689],[40.268,64.656],[40.302,64.635],[40.431,64.613],[40.455,64.582]]],[[[40.145,64.734],[40.035,64.761],[40.05,64.769],[40.222,64.784],[40.334,64.772],[40.388,64.736],[40.407,64.642],[40.396,64.629],[40.326,64.638],[40.252,64.699],[40.145,64.734]]],[[[53.37,71.292],[53.395,71.281],[53.355,71.28],[53.242,71.309],[53.161,71.355],[53.24,71.354],[53.37,71.292]]],[[[58.815,79.917],[58.87,79.901],[58.763,79.883],[58.654,79.893],[58.585,79.926],[58.529,79.933],[58.248,79.933],[58.614,79.979],[58.645,79.975],[58.637,79.959],[58.716,79.929],[58.815,79.917]]],[[[60.167,80.169],[60.21,80.149],[60.173,80.139],[59.993,80.147],[59.891,80.175],[60.052,80.188],[60.167,80.169]]],[[[54.408,80.285],[54.428,80.272],[54.4,80.259],[54.406,80.221],[54.382,80.21],[54.178,80.189],[54.138,80.196],[54.168,80.237],[54.11,80.253],[54.101,80.273],[54.109,80.287],[54.194,80.307],[54.408,80.285]]],[[[55.499,80.317],[55.524,80.306],[55.498,80.277],[55.235,80.228],[55.076,80.219],[54.942,80.241],[54.93,80.26],[55.154,80.276],[55.071,80.301],[55.296,80.332],[55.499,80.317]]],[[[54.987,80.414],[55.245,80.438],[55.271,80.409],[55.263,80.391],[55.13,80.374],[54.975,80.403],[54.987,80.414]]],[[[54.842,80.431],[54.846,80.418],[54.771,80.393],[54.526,80.375],[54.39,80.387],[54.458,80.403],[54.513,80.446],[54.627,80.477],[54.724,80.472],[54.842,80.431]]],[[[54.821,80.465],[54.631,80.502],[54.622,80.511],[54.709,80.526],[54.886,80.533],[55.056,80.503],[55.073,80.484],[54.982,80.449],[54.821,80.465]]],[[[59.737,81.19],[59.759,81.179],[59.73,81.165],[58.995,81.198],[59.098,81.213],[59.737,81.19]]],[[[60.563,81.274],[60.571,81.268],[60.552,81.261],[60.432,81.244],[59.841,81.292],[60.032,81.311],[60.514,81.29],[60.563,81.274]]],[[[58.369,81.58],[58.298,81.585],[58.281,81.6],[58.414,81.625],[58.647,81.634],[58.702,81.613],[58.665,81.596],[58.493,81.579],[58.369,81.58]]]]}},{"type":"Feature","id":"RU-AST","properties":{"code":"RU-AST","name":"Astrakhan Oblast","district":"Southern","country":"RU","special":false},"geometry":{"type":"MultiPolygon","coordinates":[[[[46.62,48.67],[46.478,48.411],[47.099,48.265],[47.112,48.242],[47.075,48.205],[47.116,48.154],[47.104,48.101],[47.192,48.072],[47.137,48.027],[47.044,47.986],[47.159,47.872],[47.119,47.82],[47.141,47.793],[47.36,47.683],[47.383,47.705],[47.389,47.812],[47.412,47.836],[47.65,47.766],[48.044,47.77],[48.174,47.713],[48.411,47.446],[48.525,47.41],[48.697,47.101],[49.006,46.769],[48.917,46.703],[48.764,46.683],[48.74,46.691],[48.677,46.758],[48.618,46.77],[48.557,46.762],[48.506,46.733],[48.455,46.661],[48.53,46.638],[48.563,46.591],[48.539,46.568],[48.705,46.55],[48.82,46.479],[48.918,46.474],[49.033,46.405],[49.227,46.328],[49.296,46.275],[49.299,46.252],[49.16,46.292],[49.142,46.31],[49.168,46.328],[49.15,46.336],[49.076,46.286],[49.059,46.252],[49.105,46.241],[49.115,46.151],[49.069,46.192],[49.042,46.196],[48.935,46.142],[48.955,46.108],[48.932,46.085],[48.899,46.148],[48.88,46.156],[48.887,46.108],[48.839,46.149],[48.874,46.078],[48.86,46.074],[48.819,46.125],[48.791,46.128],[48.828,46.088],[48.818,46.056],[48.782,46.097],[48.714,46.13],[48.702,46.115],[48.679,46.12],[48.664,46.09],[48.627,46.087],[48.688,46.067],[48.729,46.02],[48.647,45.971],[48.655,45.957],[48.699,45.973],[48.752,45.966],[48.742,45.914],[48.791,45.841],[48.765,45.852],[48.721,45.838],[48.716,45.814],[48.687,45.849],[48.71,45.882],[48.63,45.91],[48.573,45.971],[48.51,45.941],[48.466,45.94],[48.394,45.868],[48.365,45.876],[48.363,45.858],[48.414,45.844],[48.399,45.835],[48.289,45.837],[48.277,45.786],[48.221,45.765],[48.243,45.71],[48.18,45.74],[48.148,45.743],[48.134,45.724],[48.079,45.752],[48.007,45.701],[47.969,45.732],[47.897,45.694],[47.859,45.724],[47.835,45.66],[47.852,45.642],[47.818,45.608],[47.752,45.691],[47.665,45.708],[47.619,45.759],[47.56,45.772],[47.555,45.744],[47.592,45.745],[47.626,45.709],[47.609,45.639],[47.661,45.622],[47.646,45.592],[47.654,45.559],[47.615,45.57],[47.586,45.626],[47.541,45.666],[47.482,45.669],[47.433,45.694],[47.455,45.717],[47.503,45.717],[47.397,45.753],[47.379,45.741],[47.428,45.676],[47.551,45.628],[47.572,45.559],[47.542,45.537],[47.509,45.571],[47.51,45.594],[47.494,45.585],[47.496,45.565],[47.481,45.578],[47.466,45.639],[47.365,45.685],[47.302,45.647],[46.889,45.578],[47.04,45.966],[47.109,46.008],[47.173,46.083],[47.174,46.105],[47.089,46.118],[46.84,46.076],[46.87,46.239],[46.504,46.274],[46.493,46.286],[46.599,46.396],[46.664,46.429],[46.735,46.441],[46.954,46.434],[46.951,46.514],[46.93,46.556],[46.939,46.571],[47.022,46.635],[47.15,46.668],[47.168,46.705],[47.213,46.742],[47.126,46.851],[47.0,46.855],[46.925,46.974],[46.801,47.004],[46.516,47.393],[46.512,47.418],[46.526,47.435],[46.788,47.557],[46.806,47.578],[46.716,47.62],[46.665,47.624],[46.449,47.478],[46.346,47.433],[46.297,47.437],[46.116,47.502],[45.925,47.645],[45.907,47.71],[45.835,47.722],[45.789,47.804],[45.734,47.843],[45.707,47.908],[45.741,48.0],[45.722,48.029],[45.677,48.032],[45.547,47.997],[45.405,48.092],[45.301,48.098],[45.261,48.162],[45.165,48.185],[45.156,48.236],[44.984,48.273],[45.0,48.311],[44.989,48.332],[45.03,48.358],[45.034,48.389],[45.172,48.439],[45.194,48.484],[45.246,48.476],[45.315,48.432],[45.364,48.45],[45.374,48.474],[45.316,48.504],[45.238,48.5],[45.21,48.536],[45.257,48.559],[45.345,48.543],[45.435,48.571],[45.618,48.596],[45.679,48.646],[45.76,48.666],[45.858,48.74],[45.953,48.84],[46.015,48.867],[46.298,48.84],[46.333,48.808],[46.62,48.67]]],[[[47.997,45.468],[47.991,45.449],[47.96,45.476],[47.918,45.57],[47.917,45.633],[47.957,45.65],[47.997,45.52],[47.997,45.468]]]]}},{"type":"Feature","id":"RU-BA","properties":{"code":"RU-BA","name":"Republic of Bashkortostan","district":"Volga","country":"RU","special":false},"geometry":{"type":"Polygon","coordinates":[[[57.408,56.329],[57.424,56.303],[57.411,56.235],[57.478,56.179],[57.455,56.13],[57.537,56.1],[57.637,56.099],[57.683,56.134],[57.802,56.151],[57.881,56.138],[57.907,56.115],[58.049,56.119],[58.079,56.141],[58.219,56.108],[58.3,56.114],[58.315,56.066],[58.352,56.059],[58.377,56.066],[58.382,56.091],[58.423,56.11],[58.455,56.147],[58.565,56.162],[58.701,56.107],[58.732,56.068],[58.824,56.054],[58.953,56.07],[59.003,56.103],[59.026,56.169],[59.148,56.149],[59.181,56.128],[59.289,56.135],[59.3,56.115],[59.281,56.055],[59.173,56.005],[59.23,55.906],[59.187,55.868],[59.204,55.836],[59.154,55.805],[59.165,55.79],[59.317,55.768],[59.28,55.694],[59.344,55.644],[59.242,55.607],[59.24,55.584],[59.273,55.572],[59.437,55.633],[59.498,55.58],[59.628,55.592],[59.641,55.565],[59.566,55.5],[59.475,55.468],[59.381,55.48],[59.311,55.458],[59.201,55.45],[59.172,55.415],[59.178,55.364],[59.159,55.332],[58.997,55.244],[58.964,55.254],[58.981,55.303],[58.925,55.326],[58.872,55.323],[58.847,55.304],[58.915,55.287],[58.9,55.268],[58.735,55.265],[58.72,55.239],[58.73,55.226],[58.803,55.214],[58.756,55.163],[58.703,55.148],[58.659,55.189],[58.587,55.17],[58.575,55.144],[58.756,55.112],[58.82,55.032],[58.62,54.95],[58.533,54.958],[58.541,55.005],[58.523,55.022],[58.387,55.0],[58.433,55.057],[58.364,55.084],[58.385,55.122],[58.372,55.155],[58.299,55.174],[58.141,55.114],[58.144,55.097],[58.193,55.084],[58.089,55.02],[58.106,54.957],[58.001,54.917],[57.962,54.946],[58.022,55.003],[58.031,55.075],[57.964,55.167],[57.995,55.18],[58.05,55.164],[58.136,55.195],[58.135,55.215],[58.051,55.248],[58.03,55.275],[57.917,55.293],[57.675,55.3],[57.518,55.334],[57.425,55.326],[57.316,55.258],[57.257,55.258],[57.246,55.217],[57.215,55.223],[57.24,55.158],[57.137,55.092],[57.144,55.053],[57.183,54.999],[57.244,54.951],[57.154,54.863],[57.157,54.831],[57.187,54.802],[57.36,54.744],[57.386,54.72],[57.509,54.697],[57.52,54.668],[57.581,54.673],[57.58,54.635],[57.747,54.579],[57.743,54.501],[57.808,54.486],[57.876,54.447],[57.899,54.41],[57.961,54.392],[58.183,54.489],[58.206,54.515],[58.354,54.547],[58.528,54.516],[58.614,54.47],[58.715,54.509],[58.737,54.538],[58.808,54.568],[59.03,54.613],[59.061,54.632],[59.228,54.611],[59.318,54.673],[59.412,54.707],[59.507,54.784],[59.535,54.841],[59.614,54.867],[59.632,54.911],[59.806,54.846],[59.903,54.867],[59.944,54.857],[59.919,54.832],[59.974,54.796],[59.91,54.716],[59.898,54.657],[59.87,54.613],[59.794,54.565],[59.719,54.547],[59.679,54.498],[59.746,54.447],[59.726,54.387],[59.667,54.34],[59.777,54.301],[59.803,54.254],[59.727,54.194],[59.729,54.139],[59.675,54.134],[59.646,54.158],[59.535,54.198],[59.408,54.178],[59.322,54.182],[59.263,54.14],[59.154,53.984],[59.014,53.958],[58.956,53.975],[58.923,53.935],[58.948,53.9],[58.906,53.862],[58.909,53.797],[58.872,53.751],[58.907,53.654],[58.821,53.596],[58.83,53.557],[58.902,53.549],[58.868,53.502],[58.865,53.32],[58.83,53.29],[58.823,53.211],[58.891,53.188],[58.907,53.055],[58.997,53.053],[59.028,53.015],[58.836,53.001],[58.833,52.97],[58.798,52.946],[58.747,52.854],[58.782,52.773],[58.784,52.725],[58.724,52.645],[58.744,52.61],[58.812,52.587],[58.839,52.541],[58.766,52.517],[58.791,52.448],[58.828,52.433],[58.813,52.363],[58.917,52.329],[58.941,52.299],[58.895,52.268],[58.857,52.263],[58.691,52.265],[58.599,52.171],[58.695,52.058],[58.685,52.038],[58.64,52.022],[58.635,51.933],[58.593,51.876],[58.572,51.788],[58.507,51.762],[58.402,51.774],[58.367,51.754],[58.32,51.773],[58.301,51.751],[58.264,51.742],[58.16,51.739],[58.138,51.748],[58.14,51.776],[58.092,51.795],[57.995,51.783],[57.969,51.793],[57.962,51.824],[57.942,51.834],[57.882,51.846],[57.784,51.826],[57.678,51.868],[57.653,51.863],[57.661,51.824],[57.621,51.797],[57.633,51.765],[57.563,51.747],[57.516,51.716],[57.422,51.725],[57.407,51.715],[57.393,51.648],[57.198,51.572],[57.141,51.587],[57.1,51.651],[57.02,51.665],[56.996,51.731],[56.89,51.732],[56.799,51.752],[56.798,51.733],[56.884,51.691],[56.89,51.625],[56.863,51.601],[56.78,51.592],[56.75,51.605],[56.74,51.629],[56.763,51.666],[56.715,51.721],[56.755,51.743],[56.754,51.769],[56.608,51.822],[56.62,51.888],[56.737,51.905],[56.729,51.929],[56.671,51.931],[56.651,51.96],[56.683,52.052],[56.656,52.065],[56.588,52.061],[56.622,52.124],[56.507,52.161],[56.429,52.157],[56.416,52.166],[56.465,52.187],[56.456,52.197],[56.338,52.159],[56.338,52.129],[56.325,52.123],[56.239,52.122],[56.191,52.173],[56.199,52.193],[56.284,52.227],[56.332,52.27],[56.451,52.309],[56.435,52.388],[56.443,52.426],[56.393,52.443],[56.36,52.502],[56.37,52.528],[56.412,52.55],[56.428,52.595],[56.405,52.603],[56.271,52.554],[56.181,52.588],[56.121,52.643],[56.054,52.645],[56.078,52.604],[55.962,52.512],[55.931,52.515],[55.892,52.405],[55.861,52.373],[55.815,52.371],[55.769,52.344],[55.734,52.355],[55.71,52.391],[55.683,52.39],[55.661,52.366],[55.536,52.389],[55.518,52.413],[55.533,52.501],[55.495,52.525],[55.543,52.537],[55.53,52.567],[55.553,52.576],[55.545,52.594],[55.455,52.59],[55.452,52.627],[55.412,52.658],[55.364,52.653],[55.318,52.625],[55.249,52.648],[55.283,52.677],[55.273,52.716],[55.285,52.733],[55.325,52.729],[55.352,52.688],[55.42,52.713],[55.42,52.738],[55.367,52.748],[55.354,52.765],[55.368,52.788],[55.422,52.787],[55.407,52.837],[55.264,52.862],[55.242,52.832],[55.162,52.823],[55.125,52.91],[55.071,52.947],[54.962,53.097],[54.927,53.22],[54.853,53.244],[54.822,53.273],[54.64,53.237],[54.624,53.257],[54.564,53.264],[54.568,53.328],[54.52,53.36],[54.302,53.41],[54.247,53.375],[54.217,53.379],[54.108,53.417],[54.084,53.436],[54.067,53.485],[53.996,53.52],[53.878,53.658],[53.838,53.686],[53.66,53.746],[53.598,53.883],[53.457,54.066],[53.456,54.114],[53.433,54.148],[53.416,54.226],[53.43,54.266],[53.361,54.333],[53.348,54.382],[53.426,54.499],[53.417,54.559],[53.505,54.607],[53.606,54.714],[53.581,54.759],[53.603,54.807],[53.579,54.822],[53.643,54.9],[53.499,54.891],[53.414,54.989],[53.264,55.014],[53.262,55.051],[53.141,55.099],[53.144,55.132],[53.161,55.151],[53.338,55.17],[53.353,55.196],[53.418,55.222],[53.512,55.202],[53.591,55.212],[53.598,55.255],[53.676,55.291],[53.714,55.333],[53.907,55.393],[53.943,55.467],[53.996,55.505],[54.003,55.554],[54.181,55.628],[54.231,55.692],[54.17,55.711],[54.095,55.773],[54.026,55.764],[54.043,55.777],[54.04,55.802],[53.966,55.782],[53.994,55.848],[53.92,55.848],[53.869,55.887],[53.781,55.887],[53.746,55.867],[53.632,55.907],[53.671,55.958],[53.786,55.974],[53.838,56.039],[54.006,56.029],[54.047,56.058],[54.117,56.158],[54.253,56.226],[54.346,56.253],[54.371,56.299],[54.333,56.32],[54.321,56.345],[54.39,56.361],[54.43,56.343],[54.532,56.515],[54.559,56.538],[54.667,56.494],[54.743,56.44],[54.93,56.387],[54.949,56.368],[54.951,56.327],[54.968,56.32],[55.103,56.344],[55.134,56.344],[55.172,56.318],[55.191,56.351],[55.224,56.364],[55.252,56.336],[55.412,56.335],[55.548,56.4],[55.745,56.438],[55.864,56.433],[55.914,56.466],[55.959,56.374],[56.073,56.289],[56.209,56.309],[56.267,56.301],[56.323,56.345],[56.367,56.354],[56.371,56.378],[56.393,56.388],[56.449,56.374],[56.528,56.383],[56.558,56.36],[56.501,56.322],[56.574,56.263],[56.625,56.26],[56.646,56.222],[56.738,56.223],[56.771,56.17],[56.897,56.101],[57.024,56.13],[57.036,56.151],[57.166,56.16],[57.219,56.185],[57.185,56.197],[57.255,56.247],[57.267,56.302],[57.408,56.329]]]}},{"type":"Feature","id":"RU-BEL","properties":{"code":"RU-BEL","name":"Belgorod Oblast","district":"Central","country":"RU","special":false},"geometry":{"type":"Polygon","coordinates":[[[35.673,50.34],[35.592,50.36],[35.57,50.376],[35.541,50.45],[35.446,50.476],[35.425,50.5],[35.376,50.635],[35.469,50.669],[35.445,50.688],[35.438,50.762],[35.379,50.797],[35.378,50.834],[35.341,50.876],[35.342,50.916],[35.294,50.938],[35.282,50.961],[35.388,50.952],[35.455,50.963],[35.518,50.944],[35.504,50.918],[35.546,50.906],[35.613,50.939],[35.663,50.918],[35.711,50.931],[35.731,50.971],[35.804,50.938],[35.877,51.012],[35.915,51.011],[35.958,51.048],[35.999,51.053],[35.94,51.116],[35.984,51.16],[36.041,51.16],[36.099,51.13],[36.213,51.125],[36.256,51.104],[36.33,51.105],[36.376,51.125],[36.476,51.086],[36.506,51.123],[36.611,51.078],[36.689,51.127],[36.856,51.186],[36.948,51.184],[37.054,51.247],[37.082,51.252],[37.093,51.231],[37.125,51.233],[37.12,51.309],[37.144,51.343],[37.249,51.331],[37.369,51.386],[37.453,51.373],[37.539,51.394],[37.581,51.371],[37.667,51.366],[37.818,51.419],[37.884,51.4],[37.932,51.42],[38.042,51.421],[38.052,51.391],[38.027,51.366],[38.044,51.354],[38.292,51.292],[38.317,51.27],[38.407,51.279],[38.44,51.263],[38.457,51.225],[38.501,51.186],[38.476,51.162],[38.369,51.146],[38.399,51.073],[38.509,51.065],[38.551,51.011],[38.618,50.998],[38.652,51.014],[38.678,51.055],[38.738,51.074],[38.846,51.036],[38.872,50.901],[38.829,50.898],[38.803,50.913],[38.733,50.9],[38.742,50.868],[38.711,50.864],[38.745,50.839],[38.721,50.816],[38.724,50.79],[38.794,50.784],[38.785,50.742],[38.818,50.712],[38.888,50.684],[38.918,50.697],[38.961,50.69],[38.96,50.649],[39.072,50.636],[39.119,50.611],[39.067,50.598],[39.086,50.576],[39.077,50.546],[39.098,50.506],[39.001,50.471],[38.99,50.433],[39.085,50.349],[39.056,50.312],[39.059,50.292],[39.108,50.275],[39.124,50.193],[39.099,50.165],[39.215,50.097],[39.236,50.054],[39.272,50.06],[39.188,49.926],[39.181,49.859],[39.156,49.874],[39.117,49.864],[39.049,49.811],[38.937,49.803],[38.852,49.866],[38.748,49.885],[38.687,49.914],[38.665,49.965],[38.498,49.948],[38.356,49.981],[38.3,50.061],[38.174,50.06],[38.166,49.941],[38.119,49.919],[38.067,49.927],[38.0,49.9],[37.916,50.003],[37.728,50.079],[37.597,50.197],[37.599,50.291],[37.48,50.34],[37.435,50.425],[37.415,50.432],[37.285,50.415],[37.197,50.362],[37.052,50.335],[36.914,50.339],[36.849,50.324],[36.683,50.261],[36.636,50.214],[36.594,50.204],[36.535,50.22],[36.536,50.268],[36.41,50.305],[36.316,50.275],[36.269,50.281],[36.169,50.384],[36.106,50.421],[35.837,50.423],[35.673,50.34]]]}},{"type":"Feature","id":"BY-BR","properties":{"code":"BY-BR","name":"Brest Region","district":"Belarus","country":"BY","special":false},"geometry":{"type":"Polygon","coordinates":[[[25.547,51.919],[25.352,51.921],[25.138,51.949],[25.003,51.91],[24.722,51.882],[24.64,51.892],[24.391,51.88],[24.312,51.828],[24.272,51.743],[24.244,51.718],[23.981,51.586],[23.941,51.582],[23.885,51.62],[23.75,51.644],[23.617,51.625],[23.593,51.597],[23.626,51.541],[23.615,51.513],[23.56,51.555],[23.574,51.555],[23.543,51.593],[23.532,51.659],[23.56,51.672],[23.546,51.69],[23.559,51.695],[23.547,51.714],[23.56,51.755],[23.618,51.787],[23.629,51.81],[23.595,51.843],[23.622,51.877],[23.629,51.946],[23.676,51.994],[23.637,52.084],[23.579,52.122],[23.512,52.124],[23.485,52.159],[23.488,52.182],[23.471,52.172],[23.45,52.186],[23.391,52.183],[23.396,52.2],[23.19,52.241],[23.194,52.271],[23.166,52.289],[23.392,52.51],[23.569,52.586],[23.736,52.615],[23.869,52.67],[23.909,52.7],[23.92,52.773],[24.071,52.768],[24.154,52.799],[24.198,52.776],[24.3,52.781],[24.321,52.765],[24.375,52.777],[24.469,52.741],[24.541,52.743],[24.558,52.759],[24.541,52.795],[24.588,52.84],[24.569,52.863],[24.653,52.911],[24.607,52.934],[24.686,52.96],[24.801,52.933],[24.851,52.937],[24.885,52.967],[24.929,52.96],[24.957,52.936],[24.962,52.9],[25.016,52.888],[25.064,52.911],[25.049,52.868],[25.063,52.835],[25.251,52.866],[25.278,52.845],[25.323,52.841],[25.336,52.855],[25.308,52.871],[25.322,52.896],[25.3,52.926],[25.405,52.942],[25.463,53.0],[25.534,53.033],[25.6,53.131],[25.589,53.155],[25.543,53.174],[25.601,53.212],[25.569,53.241],[25.575,53.261],[25.632,53.279],[25.648,53.332],[25.713,53.393],[26.273,53.351],[26.377,53.365],[26.372,53.319],[26.397,53.289],[26.397,53.258],[26.316,53.241],[26.266,53.185],[26.326,53.173],[26.364,53.123],[26.463,53.113],[26.515,53.064],[26.512,53.05],[26.429,53.046],[26.372,52.991],[26.442,52.889],[26.411,52.855],[26.448,52.826],[26.528,52.848],[26.544,52.881],[26.586,52.885],[26.642,52.867],[26.661,52.833],[26.732,52.835],[26.79,52.777],[26.947,52.739],[26.989,52.758],[27.025,52.742],[27.021,52.713],[27.062,52.677],[27.168,52.666],[27.191,52.641],[27.185,52.612],[27.052,52.604],[27.038,52.584],[27.065,52.558],[27.046,52.531],[27.154,52.459],[27.128,52.416],[27.271,52.361],[27.292,52.325],[27.362,52.319],[27.396,52.282],[27.539,52.224],[27.521,52.183],[27.528,52.066],[27.6,52.014],[27.526,51.943],[27.532,51.901],[27.503,51.848],[27.559,51.791],[27.547,51.735],[27.509,51.706],[27.512,51.623],[27.477,51.624],[27.409,51.592],[27.267,51.587],[27.254,51.595],[27.277,51.651],[27.189,51.664],[27.178,51.747],[27.151,51.757],[27.022,51.765],[26.921,51.743],[26.666,51.801],[26.446,51.806],[26.419,51.821],[26.408,51.851],[26.175,51.857],[26.051,51.905],[25.768,51.929],[25.547,51.919]]]}},{"type":"Feature","id":"RU-BRY","properties":{"code":"RU-BRY","name":"Bryansk Oblast","district":"Central","country":"RU","special":false},"geometry":{"type":"Polygon","coordinates":[[[32.698,53.326],[32.717,53.335],[32.704,53.366],[32.718,53.431],[32.752,53.433],[32.766,53.414],[32.817,53.443],[32.857,53.438],[32.908,53.493],[32.891,53.557],[32.924,53.591],[33.13,53.718],[33.199,53.732],[33.214,53.761],[33.206,53.796],[33.289,53.822],[33.282,53.857],[33.247,53.881],[33.267,53.921],[33.248,53.954],[33.299,53.956],[33.349,53.982],[33.407,53.983],[33.379,53.953],[33.436,53.962],[33.477,53.974],[33.446,53.994],[33.455,54.003],[33.568,54.032],[33.656,54.032],[33.78,53.982],[33.84,53.894],[33.874,53.874],[33.907,53.874],[33.946,53.901],[34.049,53.861],[34.16,53.893],[34.206,53.888],[34.223,53.865],[34.217,53.83],[34.291,53.815],[34.385,53.719],[34.49,53.666],[34.537,53.598],[34.496,53.585],[34.489,53.565],[34.488,53.544],[34.536,53.468],[34.5,53.427],[34.593,53.426],[34.673,53.39],[34.865,53.393],[34.968,53.377],[35.017,53.392],[35.01,53.29],[35.065,53.313],[35.104,53.311],[35.122,53.186],[35.109,53.145],[35.172,53.104],[35.203,53.118],[35.275,53.097],[35.314,53.062],[35.269,53.02],[35.216,53.016],[35.205,53.0],[35.135,53.012],[35.151,52.96],[34.971,52.973],[34.953,52.929],[34.887,52.93],[34.853,52.902],[34.856,52.882],[34.796,52.864],[34.873,52.781],[34.948,52.783],[35.028,52.747],[35.025,52.718],[35.092,52.698],[35.037,52.656],[34.993,52.654],[35.011,52.614],[34.99,52.511],[34.902,52.494],[34.833,52.424],[34.839,52.385],[34.857,52.364],[34.882,52.37],[34.917,52.322],[34.856,52.255],[34.882,52.231],[34.805,52.185],[34.764,52.192],[34.78,52.207],[34.768,52.217],[34.679,52.203],[34.661,52.165],[34.703,52.145],[34.711,52.115],[34.672,52.065],[34.568,52.034],[34.526,52.071],[34.484,52.038],[34.396,52.008],[34.336,51.935],[34.436,51.903],[34.382,51.875],[34.388,51.856],[34.371,51.827],[34.277,51.881],[34.234,51.878],[34.228,51.899],[34.146,51.952],[34.096,51.952],[34.101,51.993],[34.063,52.05],[34.065,52.159],[33.779,52.36],[33.688,52.356],[33.51,52.288],[33.493,52.303],[33.499,52.341],[33.481,52.358],[33.419,52.338],[33.359,52.358],[33.183,52.367],[33.08,52.306],[33.03,52.304],[32.909,52.241],[32.844,52.262],[32.725,52.252],[32.528,52.316],[32.481,52.307],[32.354,52.322],[32.34,52.287],[32.367,52.247],[32.328,52.219],[32.307,52.141],[32.278,52.103],[32.096,52.041],[31.981,52.048],[31.91,52.029],[31.892,52.036],[31.882,52.086],[31.859,52.1],[31.764,52.101],[31.763,52.15],[31.682,52.202],[31.699,52.251],[31.631,52.265],[31.567,52.311],[31.603,52.341],[31.608,52.372],[31.583,52.403],[31.588,52.483],[31.551,52.512],[31.576,52.525],[31.559,52.541],[31.611,52.536],[31.629,52.548],[31.579,52.578],[31.481,52.683],[31.57,52.725],[31.561,52.787],[31.524,52.812],[31.505,52.849],[31.388,52.888],[31.323,52.977],[31.247,53.014],[31.319,53.076],[31.364,53.089],[31.36,53.134],[31.379,53.182],[31.416,53.2],[31.536,53.195],[31.594,53.211],[31.739,53.193],[31.77,53.169],[31.796,53.112],[31.931,53.088],[32.01,53.1],[32.117,53.081],[32.201,53.098],[32.216,53.126],[32.268,53.125],[32.353,53.18],[32.424,53.204],[32.479,53.275],[32.456,53.278],[32.455,53.3],[32.537,53.295],[32.596,53.308],[32.58,53.324],[32.698,53.326]]]}},{"type":"Feature","id":"RU-CE","properties":{"code":"RU-CE","name":"Chechen Republic","district":"North Caucasian","country":"RU","special":false},"geometry":{"type":"Polygon","coordinates":[[[45.356,42.52],[45.323,42.53],[45.283,42.586],[45.155,42.693],[45.076,42.691],[45.071,42.714],[45.179,42.804],[45.171,42.825],[45.137,42.835],[45.161,42.946],[45.134,42.983],[45.134,43.062],[45.167,43.138],[45.118,43.21],[45.103,43.323],[45.047,43.494],[44.947,43.549],[44.839,43.584],[44.839,43.661],[44.893,43.652],[44.961,43.671],[45.0,43.705],[45.004,43.758],[45.077,43.781],[45.082,43.876],[45.055,43.911],[45.069,43.945],[45.198,43.95],[45.221,43.883],[45.432,43.879],[45.454,43.895],[45.453,43.994],[45.509,44.015],[45.67,43.98],[45.729,43.952],[45.832,43.979],[46.05,43.931],[46.046,43.901],[46.015,43.881],[46.057,43.82],[46.075,43.824],[46.089,43.858],[46.2,43.848],[46.238,43.887],[46.246,43.943],[46.313,43.957],[46.349,43.998],[46.419,44.0],[46.462,43.962],[46.455,43.881],[46.51,43.865],[46.586,43.872],[46.619,43.824],[46.676,43.815],[46.66,43.784],[46.585,43.772],[46.533,43.707],[46.486,43.676],[46.443,43.607],[46.439,43.541],[46.398,43.482],[46.338,43.458],[46.327,43.435],[46.369,43.386],[46.361,43.356],[46.428,43.306],[46.409,43.217],[46.443,43.205],[46.448,43.181],[46.403,43.114],[46.44,43.075],[46.51,43.094],[46.535,43.08],[46.536,43.051],[46.489,43.008],[46.494,42.981],[46.534,42.961],[46.537,42.941],[46.393,42.872],[46.336,42.904],[46.289,42.872],[46.248,42.874],[46.221,42.908],[46.196,42.904],[46.121,42.838],[46.171,42.778],[46.17,42.73],[46.047,42.69],[46.022,42.654],[46.013,42.592],[45.962,42.616],[45.948,42.575],[45.821,42.487],[45.74,42.471],[45.699,42.508],[45.537,42.541],[45.356,42.52]]]}},{"type":"Feature","id":"RU-CHE","properties":{"code":"RU-CHE","name":"Chelyabinsk Oblast","district":"Ural","country":"RU","special":false},"geometry":{"type":"Polygon","coordinates":[[[63.329,54.163],[63.124,54.174],[63.11,54.158],[63.127,54.11],[63.085,54.086],[62.985,54.093],[62.902,54.078],[62.812,54.095],[62.629,54.071],[62.551,54.027],[62.587,53.97],[62.532,53.93],[62.545,53.884],[62.525,53.872],[62.39,53.942],[62.4,53.974],[62.444,53.992],[62.446,54.015],[62.413,54.027],[62.003,54.017],[62.004,53.932],[61.856,53.943],[61.836,53.951],[61.821,53.993],[61.791,54.001],[61.742,53.982],[61.62,53.993],[61.611,53.96],[61.582,53.948],[61.556,53.961],[61.553,53.993],[61.479,54.003],[61.418,54.056],[61.338,54.063],[61.25,54.021],[61.194,54.018],[61.231,53.943],[61.211,53.908],[61.176,53.917],[61.145,53.95],[60.996,53.941],[60.972,53.916],[60.978,53.883],[61.085,53.875],[61.202,53.82],[61.199,53.797],[61.127,53.747],[61.107,53.712],[61.052,53.703],[61.043,53.654],[61.008,53.636],[60.905,53.657],[60.88,53.633],[60.907,53.614],[61.096,53.599],[61.14,53.563],[61.281,53.542],[61.316,53.545],[61.361,53.583],[61.503,53.589],[61.528,53.572],[61.555,53.506],[61.412,53.436],[61.353,53.45],[61.288,53.503],[61.235,53.503],[61.218,53.493],[61.201,53.436],[61.137,53.373],[61.134,53.348],[61.163,53.299],[61.203,53.276],[61.38,53.262],[61.514,53.209],[61.643,53.243],[61.764,53.169],[62.051,53.125],[62.083,53.113],[62.116,53.065],[62.094,52.992],[62.035,52.953],[61.959,52.935],[61.82,52.978],[61.675,52.974],[61.606,52.948],[61.448,53.021],[61.349,52.985],[61.287,52.985],[61.19,53.013],[61.089,52.978],[60.975,52.971],[61.058,52.922],[60.885,52.825],[60.829,52.772],[60.696,52.735],[60.673,52.672],[60.724,52.626],[60.803,52.628],[60.815,52.522],[60.936,52.489],[60.961,52.402],[61.04,52.335],[60.897,52.255],[60.781,52.221],[60.672,52.144],[60.507,52.152],[60.348,52.09],[60.203,51.993],[60.03,51.993],[59.993,52.043],[59.917,52.065],[59.914,52.1],[59.942,52.125],[59.963,52.176],[60.029,52.19],[60.054,52.222],[60.15,52.278],[60.16,52.357],[60.144,52.426],[59.937,52.43],[59.87,52.485],[59.81,52.497],[59.685,52.428],[59.666,52.434],[59.675,52.457],[59.56,52.457],[59.515,52.434],[59.409,52.493],[59.273,52.494],[59.249,52.487],[59.211,52.318],[59.175,52.277],[58.979,52.372],[58.976,52.43],[58.877,52.453],[58.828,52.433],[58.8,52.439],[58.766,52.517],[58.839,52.541],[58.812,52.587],[58.744,52.61],[58.724,52.645],[58.784,52.725],[58.782,52.773],[58.747,52.854],[58.798,52.946],[58.833,52.97],[58.836,53.001],[59.028,53.015],[58.997,53.053],[58.907,53.055],[58.891,53.188],[58.823,53.211],[58.83,53.29],[58.865,53.32],[58.868,53.502],[58.902,53.549],[58.83,53.557],[58.821,53.596],[58.907,53.654],[58.872,53.751],[58.909,53.797],[58.906,53.862],[58.948,53.9],[58.923,53.935],[58.956,53.975],[59.014,53.958],[59.154,53.984],[59.263,54.14],[59.322,54.182],[59.408,54.178],[59.535,54.198],[59.646,54.158],[59.675,54.134],[59.729,54.139],[59.727,54.194],[59.803,54.254],[59.777,54.301],[59.667,54.34],[59.726,54.387],[59.746,54.447],[59.679,54.498],[59.719,54.547],[59.794,54.565],[59.87,54.613],[59.898,54.657],[59.91,54.716],[59.974,54.796],[59.919,54.832],[59.944,54.857],[59.903,54.867],[59.806,54.846],[59.632,54.911],[59.614,54.867],[59.535,54.841],[59.507,54.784],[59.412,54.707],[59.318,54.673],[59.228,54.611],[59.061,54.632],[59.03,54.613],[58.808,54.568],[58.737,54.538],[58.715,54.509],[58.614,54.47],[58.528,54.516],[58.354,54.547],[58.206,54.515],[58.183,54.489],[57.961,54.392],[57.899,54.41],[57.876,54.447],[57.808,54.486],[57.743,54.501],[57.747,54.579],[57.58,54.635],[57.581,54.673],[57.52,54.668],[57.509,54.697],[57.386,54.72],[57.36,54.744],[57.225,54.782],[57.165,54.819],[57.156,54.867],[57.244,54.951],[57.183,54.999],[57.144,55.053],[57.137,55.092],[57.24,55.158],[57.215,55.223],[57.246,55.217],[57.257,55.258],[57.316,55.258],[57.425,55.326],[57.518,55.334],[57.675,55.3],[57.917,55.293],[58.03,55.275],[58.051,55.248],[58.144,55.209],[58.124,55.188],[58.05,55.164],[57.995,55.18],[57.964,55.167],[58.031,55.075],[58.022,55.003],[57.962,54.946],[58.001,54.917],[58.106,54.957],[58.089,55.02],[58.193,55.084],[58.144,55.097],[58.141,55.114],[58.299,55.174],[58.372,55.155],[58.385,55.122],[58.364,55.084],[58.433,55.057],[58.387,55.0],[58.523,55.022],[58.541,55.005],[58.533,54.958],[58.551,54.953],[58.62,54.95],[58.816,55.025],[58.816,55.042],[58.761,55.109],[58.597,55.131],[58.575,55.144],[58.582,55.166],[58.665,55.19],[58.703,55.148],[58.745,55.156],[58.803,55.214],[58.73,55.226],[58.727,55.257],[58.913,55.273],[58.915,55.287],[58.848,55.298],[58.872,55.323],[58.935,55.326],[58.97,55.311],[58.981,55.298],[58.966,55.248],[58.997,55.244],[59.159,55.332],[59.178,55.364],[59.172,55.415],[59.201,55.45],[59.311,55.458],[59.381,55.48],[59.475,55.468],[59.566,55.5],[59.641,55.565],[59.628,55.592],[59.498,55.58],[59.437,55.633],[59.273,55.572],[59.24,55.584],[59.242,55.607],[59.344,55.644],[59.28,55.694],[59.313,55.775],[59.154,55.8],[59.204,55.836],[59.187,55.868],[59.23,55.906],[59.173,56.005],[59.281,56.055],[59.296,56.131],[59.181,56.128],[59.148,56.149],[59.064,56.156],[59.012,56.175],[58.997,56.209],[59.135,56.206],[59.165,56.255],[59.115,56.312],[59.194,56.352],[59.283,56.344],[59.349,56.318],[59.701,56.306],[59.661,56.252],[59.789,56.233],[59.921,56.265],[60.199,56.208],[60.256,56.212],[60.315,56.238],[60.522,56.238],[60.585,56.214],[60.751,56.237],[60.778,56.218],[60.909,56.188],[60.969,56.206],[61.072,56.199],[61.157,56.222],[61.148,56.265],[61.084,56.326],[61.15,56.376],[61.267,56.331],[61.325,56.363],[61.373,56.369],[61.439,56.327],[61.483,56.324],[61.529,56.299],[61.642,56.319],[61.732,56.281],[61.744,56.248],[61.777,56.233],[61.806,56.243],[61.851,56.219],[61.849,56.189],[61.864,56.181],[61.997,56.141],[62.126,56.127],[62.11,56.08],[62.218,56.026],[62.212,55.943],[62.253,55.932],[62.305,55.979],[62.344,55.926],[62.343,55.905],[62.268,55.89],[62.256,55.841],[62.299,55.82],[62.333,55.84],[62.42,55.821],[62.517,55.738],[62.514,55.667],[62.549,55.639],[62.51,55.591],[62.457,55.568],[62.516,55.564],[62.585,55.504],[62.45,55.477],[62.452,55.459],[62.485,55.442],[62.465,55.424],[62.378,55.435],[62.298,55.402],[62.205,55.442],[62.167,55.401],[62.24,55.372],[62.241,55.346],[62.049,55.311],[62.035,55.294],[62.036,55.267],[62.165,55.242],[62.18,55.217],[62.226,55.214],[62.189,55.158],[62.221,55.129],[62.27,55.131],[62.259,55.091],[62.201,55.06],[62.198,54.997],[62.162,54.999],[62.109,55.047],[61.989,55.035],[61.97,55.021],[61.98,54.934],[62.085,54.879],[62.083,54.855],[62.123,54.815],[62.038,54.775],[62.025,54.717],[62.088,54.704],[62.106,54.654],[62.147,54.644],[62.183,54.679],[62.273,54.651],[62.379,54.672],[62.431,54.725],[62.465,54.711],[62.552,54.728],[62.572,54.705],[62.529,54.677],[62.565,54.629],[62.589,54.624],[62.618,54.659],[62.655,54.661],[62.711,54.626],[62.842,54.66],[62.915,54.696],[63.192,54.686],[63.237,54.639],[63.226,54.597],[63.288,54.574],[63.298,54.526],[63.247,54.506],[63.238,54.478],[63.194,54.456],[63.161,54.482],[63.134,54.479],[63.13,54.448],[63.186,54.409],[63.119,54.392],[63.128,54.347],[63.092,54.319],[63.199,54.306],[63.257,54.243],[63.326,54.254],[63.34,54.236],[63.329,54.163]]]}},{"type":"Feature","id":"RU-CU","properties":{"code":"RU-CU","name":"Chuvash Republic","district":"Volga","country":"RU","special":false},"geometry":{"type":"Polygon","coordinates":[[[48.412,55.829],[48.383,55.789],[48.225,55.701],[48.145,55.689],[48.119,55.657],[48.081,55.68],[48.018,55.614],[48.03,55.591],[48.063,55.597],[48.101,55.552],[48.092,55.536],[47.974,55.5],[47.914,55.45],[47.834,55.342],[47.696,55.323],[47.713,55.279],[47.699,55.223],[47.785,55.22],[47.819,55.276],[47.893,55.242],[47.902,55.252],[47.872,55.285],[47.897,55.313],[47.923,55.314],[48.013,55.281],[48.01,55.243],[48.057,55.205],[48.085,55.151],[48.069,55.099],[48.027,55.103],[47.918,55.06],[47.95,55.027],[47.969,55.047],[47.988,55.044],[47.994,55.022],[48.029,55.019],[47.996,54.968],[47.788,54.939],[47.811,54.852],[47.847,54.816],[47.801,54.819],[47.758,54.903],[47.737,54.86],[47.748,54.829],[47.675,54.85],[47.586,54.84],[47.487,54.858],[47.432,54.892],[47.379,54.832],[47.37,54.753],[47.204,54.658],[47.063,54.69],[46.979,54.677],[46.861,54.63],[46.803,54.665],[46.676,54.685],[46.412,54.793],[46.394,54.823],[46.415,54.895],[46.287,54.963],[46.297,55.021],[46.262,55.054],[46.2,55.071],[46.198,55.034],[46.16,54.972],[46.132,54.986],[46.13,55.005],[46.056,55.042],[46.082,55.065],[46.063,55.136],[46.098,55.204],[46.227,55.265],[46.208,55.321],[46.22,55.357],[46.254,55.385],[46.352,55.407],[46.387,55.452],[46.31,55.503],[46.244,55.524],[46.119,55.53],[46.111,55.565],[46.058,55.611],[46.013,55.627],[45.975,55.619],[45.92,55.688],[45.955,55.737],[46.01,55.743],[45.988,55.777],[46.094,55.808],[46.088,55.86],[46.135,55.896],[46.099,55.941],[46.231,56.059],[46.402,56.119],[46.536,56.141],[46.71,56.122],[46.777,56.175],[47.044,56.285],[47.277,56.335],[47.385,56.33],[47.389,56.254],[47.429,56.23],[47.446,56.182],[47.529,56.154],[47.871,56.136],[47.905,56.114],[47.937,56.031],[47.994,55.952],[48.285,55.846],[48.412,55.829]]]}},{"type":"Feature","id":"BY-HM","properties":{"code":"BY-HM","name":"Minsk City","district":"Belarus","country":"BY","special":false},"geometry":{"type":"Polygon","coordinates":[[[27.808,54.022],[27.836,54.017],[27.838,53.982],[27.781,53.932],[27.788,53.874],[27.821,53.859],[27.831,53.834],[27.803,53.809],[27.583,53.804],[27.556,53.784],[27.516,53.809],[27.383,53.837],[27.371,53.864],[27.386,53.964],[27.408,53.997],[27.441,54.009],[27.503,54.017],[27.713,53.989],[27.808,54.022]]]}},{"type":"Feature","id":"RU-SPE","properties":{"code":"RU-SPE","name":"Saint Petersburg","district":"Northwestern","country":"RU","special":false},"geometry":{"type":"Polygon","coordinates":[[[29.697,59.95],[30.162,59.868],[30.216,59.907],[30.224,59.933],[30.207,59.944],[30.246,59.975],[30.21,60.001],[30.001,60.012],[29.948,60.03],[29.932,60.066],[29.891,60.101],[29.9,60.134],[29.849,60.167],[29.701,60.201],[29.525,60.201],[29.418,60.169],[29.447,60.211],[29.567,60.262],[29.633,60.266],[30.179,60.148],[30.321,60.139],[30.39,60.123],[30.35,60.063],[30.374,60.036],[30.5,59.996],[30.527,59.97],[30.512,59.862],[30.756,59.777],[30.748,59.726],[30.671,59.693],[30.596,59.701],[30.556,59.686],[30.502,59.631],[30.469,59.62],[30.371,59.604],[30.259,59.61],[30.113,59.663],[29.981,59.749],[29.881,59.789],[29.85,59.828],[29.781,59.825],[29.68,59.869],[29.697,59.95]]]}},{"type":"Feature","id":"RU-DA","properties":{"code":"RU-DA","name":"Republic of Dagestan","district":"North Caucasian","country":"RU","special":false},"geometry":{"type":"MultiPolygon","coordinates":[[[[45.966,42.022],[45.934,42.028],[45.881,42.102],[45.812,42.115],[45.631,42.201],[45.621,42.224],[45.74,42.471],[45.829,42.491],[45.948,42.575],[45.968,42.619],[45.992,42.593],[46.013,42.592],[46.022,42.654],[46.047,42.69],[46.17,42.73],[46.171,42.778],[46.121,42.838],[46.196,42.904],[46.221,42.908],[46.248,42.874],[46.289,42.872],[46.336,42.904],[46.393,42.872],[46.537,42.941],[46.534,42.961],[46.494,42.981],[46.489,43.008],[46.536,43.051],[46.535,43.08],[46.51,43.094],[46.44,43.075],[46.403,43.114],[46.448,43.181],[46.443,43.205],[46.409,43.217],[46.428,43.306],[46.361,43.356],[46.369,43.386],[46.327,43.435],[46.338,43.458],[46.398,43.482],[46.439,43.541],[46.443,43.607],[46.486,43.676],[46.533,43.707],[46.585,43.772],[46.66,43.784],[46.676,43.815],[46.619,43.824],[46.586,43.872],[46.51,43.865],[46.455,43.881],[46.462,43.962],[46.419,44.0],[46.349,43.998],[46.313,43.957],[46.246,43.943],[46.238,43.887],[46.2,43.848],[46.089,43.858],[46.075,43.824],[46.049,43.821],[46.015,43.881],[46.048,43.904],[46.045,43.934],[45.832,43.979],[45.729,43.952],[45.67,43.98],[45.509,44.015],[45.507,44.103],[45.524,44.169],[45.512,44.189],[45.341,44.2],[45.3,44.183],[45.258,44.199],[45.124,44.202],[45.105,44.216],[45.131,44.268],[45.404,44.318],[45.447,44.392],[45.41,44.439],[45.226,44.466],[45.239,44.521],[45.272,44.539],[45.266,44.585],[45.344,44.597],[45.382,44.621],[45.435,44.617],[45.646,44.8],[45.649,44.834],[45.622,44.903],[45.706,44.976],[45.854,45.001],[46.434,44.937],[46.603,44.885],[46.772,44.811],[46.793,44.765],[46.851,44.788],[46.89,44.781],[46.888,44.752],[46.831,44.696],[46.792,44.706],[46.746,44.654],[46.722,44.655],[46.708,44.57],[46.723,44.549],[46.68,44.528],[46.701,44.446],[46.773,44.395],[46.852,44.398],[47.026,44.36],[47.055,44.328],[47.078,44.264],[47.122,44.223],[47.18,44.203],[47.222,44.231],[47.246,44.212],[47.29,44.093],[47.358,44.021],[47.433,43.876],[47.462,43.86],[47.441,43.819],[47.483,43.825],[47.503,43.781],[47.445,43.738],[47.434,43.716],[47.455,43.689],[47.394,43.606],[47.366,43.621],[47.38,43.56],[47.405,43.544],[47.404,43.511],[47.424,43.504],[47.448,43.518],[47.465,43.552],[47.478,43.644],[47.507,43.686],[47.503,43.715],[47.534,43.776],[47.544,43.865],[47.596,43.901],[47.702,43.874],[47.644,43.83],[47.602,43.766],[47.491,43.463],[47.493,43.296],[47.51,43.292],[47.57,43.334],[47.586,43.3],[47.565,43.268],[47.486,43.213],[47.482,43.127],[47.455,43.1],[47.462,43.021],[47.53,42.962],[47.59,42.943],[47.622,42.905],[47.698,42.867],[47.727,42.663],[47.752,42.637],[47.868,42.585],[47.993,42.42],[48.096,42.35],[48.222,42.175],[48.304,42.103],[48.387,41.937],[48.416,41.915],[48.553,41.876],[48.579,41.845],[48.455,41.714],[48.413,41.628],[48.37,41.58],[48.202,41.493],[48.054,41.461],[48.002,41.362],[47.953,41.356],[47.892,41.283],[47.895,41.219],[47.744,41.193],[47.622,41.229],[47.547,41.206],[47.501,41.246],[47.376,41.259],[47.251,41.316],[47.239,41.416],[47.159,41.504],[47.141,41.552],[47.107,41.57],[47.027,41.557],[47.004,41.605],[46.916,41.681],[46.902,41.713],[46.835,41.73],[46.769,41.776],[46.741,41.851],[46.568,41.787],[46.544,41.815],[46.544,41.874],[46.526,41.882],[46.431,41.89],[46.382,41.925],[46.294,41.939],[46.224,41.993],[46.099,41.985],[46.058,42.02],[45.995,42.033],[45.966,42.022]]],[[[47.851,43.999],[47.867,43.984],[47.763,43.928],[47.684,43.94],[47.68,43.951],[47.643,43.944],[47.628,43.963],[47.666,43.996],[47.851,43.999]]]]}},{"type":"Feature","id":"BY-HO","properties":{"code":"BY-HO","name":"Gomel Region","district":"Belarus","country":"BY","special":false},"geometry":{"type":"Polygon","coordinates":[[[31.65,52.097],[31.383,52.117],[31.304,52.097],[31.229,52.038],[31.096,52.08],[30.959,52.075],[30.919,52.059],[30.911,52.023],[30.941,52.02],[30.941,51.994],[30.897,51.998],[30.858,51.958],[30.803,51.939],[30.811,51.918],[30.788,51.901],[30.742,51.898],[30.735,51.874],[30.662,51.819],[30.671,51.791],[30.618,51.761],[30.646,51.755],[30.625,51.706],[30.57,51.7],[30.557,51.624],[30.515,51.604],[30.543,51.583],[30.523,51.563],[30.584,51.542],[30.563,51.522],[30.585,51.509],[30.589,51.482],[30.618,51.467],[30.586,51.452],[30.588,51.427],[30.618,51.419],[30.646,51.367],[30.632,51.364],[30.638,51.336],[30.58,51.304],[30.54,51.235],[30.428,51.292],[30.355,51.305],[30.317,51.341],[30.33,51.37],[30.32,51.402],[30.149,51.484],[29.886,51.465],[29.829,51.43],[29.738,51.439],[29.7,51.484],[29.638,51.491],[29.568,51.45],[29.505,51.437],[29.466,51.385],[29.403,51.396],[29.32,51.366],[29.297,51.374],[29.265,51.433],[29.228,51.456],[29.227,51.519],[29.16,51.603],[29.084,51.631],[29.044,51.626],[28.981,51.569],[28.864,51.559],[28.8,51.533],[28.752,51.484],[28.752,51.429],[28.729,51.401],[28.704,51.443],[28.664,51.434],[28.637,51.45],[28.604,51.554],[28.461,51.572],[28.334,51.528],[28.311,51.574],[28.258,51.602],[28.23,51.651],[28.166,51.633],[28.114,51.576],[28.071,51.558],[27.955,51.561],[27.876,51.608],[27.831,51.613],[27.8,51.585],[27.787,51.511],[27.73,51.465],[27.7,51.468],[27.664,51.493],[27.705,51.568],[27.693,51.589],[27.512,51.623],[27.509,51.706],[27.547,51.735],[27.559,51.791],[27.503,51.848],[27.532,51.901],[27.526,51.943],[27.6,52.014],[27.528,52.066],[27.521,52.183],[27.541,52.221],[27.396,52.282],[27.362,52.319],[27.292,52.325],[27.271,52.361],[27.346,52.433],[27.338,52.476],[27.379,52.481],[27.41,52.518],[27.451,52.502],[27.528,52.539],[27.562,52.508],[27.598,52.532],[27.606,52.475],[27.706,52.438],[27.941,52.444],[27.969,52.459],[27.956,52.505],[27.988,52.519],[28.084,52.504],[28.122,52.468],[28.341,52.481],[28.408,52.518],[28.406,52.632],[28.452,52.655],[28.465,52.679],[28.67,52.688],[28.823,52.717],[28.837,52.74],[28.796,52.763],[28.96,52.798],[28.974,52.873],[29.089,52.878],[29.182,52.949],[29.343,52.932],[29.353,52.911],[29.397,52.924],[29.386,52.942],[29.396,52.949],[29.459,52.923],[29.544,52.956],[29.718,52.948],[29.741,52.975],[29.635,53.023],[29.663,53.06],[29.629,53.098],[29.667,53.115],[29.653,53.129],[29.758,53.132],[29.732,53.15],[29.765,53.187],[29.74,53.207],[29.793,53.213],[29.754,53.284],[29.754,53.316],[29.802,53.353],[29.854,53.335],[29.888,53.341],[29.911,53.323],[29.996,53.341],[30.073,53.313],[30.084,53.295],[30.146,53.286],[30.19,53.235],[30.379,53.262],[30.372,53.291],[30.412,53.311],[30.488,53.318],[30.691,53.276],[30.72,53.297],[30.873,53.281],[30.907,53.309],[30.998,53.301],[31.03,53.237],[31.106,53.197],[31.095,53.132],[31.166,53.135],[31.21,53.106],[31.236,53.124],[31.271,53.109],[31.362,53.12],[31.364,53.089],[31.319,53.076],[31.247,53.014],[31.323,52.977],[31.388,52.888],[31.505,52.849],[31.57,52.768],[31.57,52.725],[31.481,52.683],[31.579,52.578],[31.629,52.548],[31.611,52.536],[31.559,52.541],[31.576,52.525],[31.551,52.512],[31.588,52.483],[31.583,52.403],[31.608,52.372],[31.603,52.341],[31.567,52.311],[31.631,52.265],[31.699,52.251],[31.682,52.202],[31.749,52.164],[31.767,52.13],[31.764,52.101],[31.65,52.097]]]}},{"type":"Feature","id":"RU-AL","properties":{"code":"RU-AL","name":"Altai Republic","district":"Siberian","country":"RU","special":false},"geometry":{"type":"Polygon","coordinates":[[[87.816,49.166],[87.506,49.121],[87.476,49.088],[87.4,49.071],[87.324,49.085],[87.272,49.205],[87.19,49.238],[87.025,49.249],[87.013,49.281],[86.913,49.339],[86.905,49.352],[86.933,49.39],[86.814,49.45],[86.824,49.509],[86.733,49.551],[86.643,49.547],[86.592,49.587],[86.647,49.654],[86.776,49.695],[86.741,49.723],[86.76,49.768],[86.748,49.783],[86.685,49.778],[86.61,49.796],[86.565,49.743],[86.473,49.708],[86.475,49.671],[86.272,49.584],[86.177,49.463],[86.112,49.52],[86.07,49.526],[85.98,49.483],[85.946,49.481],[85.931,49.493],[85.941,49.56],[85.881,49.563],[85.809,49.537],[85.747,49.573],[85.673,49.56],[85.615,49.617],[85.476,49.583],[85.384,49.616],[85.263,49.582],[85.224,49.596],[85.195,49.626],[85.185,49.705],[85.082,49.8],[85.056,49.873],[84.955,49.907],[84.955,49.99],[85.025,50.004],[85.028,50.021],[84.976,50.075],[84.888,50.097],[84.839,50.081],[84.791,50.133],[84.72,50.137],[84.642,50.185],[84.536,50.191],[84.441,50.245],[84.369,50.212],[84.331,50.213],[84.304,50.243],[84.25,50.26],[84.239,50.345],[84.177,50.439],[84.196,50.511],[84.151,50.553],[84.133,50.601],[84.089,50.635],[84.183,50.661],[84.362,50.672],[84.457,50.703],[84.542,50.691],[84.561,50.711],[84.566,50.768],[84.602,50.805],[84.607,50.843],[84.59,50.866],[84.531,50.877],[84.531,50.936],[84.506,50.96],[84.303,51.012],[84.252,51.002],[84.018,51.064],[84.005,51.127],[84.069,51.142],[84.123,51.116],[84.144,51.12],[84.279,51.283],[84.341,51.29],[84.394,51.266],[84.488,51.29],[84.509,51.316],[84.658,51.362],[84.715,51.399],[84.924,51.424],[85.008,51.489],[85.153,51.496],[85.232,51.468],[85.3,51.508],[85.304,51.53],[85.286,51.552],[85.295,51.565],[85.471,51.569],[85.494,51.597],[85.482,51.631],[85.514,51.653],[85.537,51.7],[85.603,51.711],[85.67,51.754],[85.745,51.73],[85.74,51.779],[85.762,51.806],[85.755,51.82],[85.789,51.847],[85.74,51.861],[85.877,51.919],[85.837,51.983],[85.907,52.037],[85.921,52.072],[86.15,52.07],[86.221,52.021],[86.368,52.01],[86.454,52.032],[86.499,52.119],[86.774,52.113],[86.822,52.158],[86.822,52.195],[86.78,52.233],[86.811,52.288],[86.636,52.357],[86.617,52.385],[86.732,52.533],[86.793,52.556],[86.795,52.611],[86.85,52.651],[86.952,52.635],[87.117,52.668],[87.173,52.612],[87.164,52.596],[87.175,52.587],[87.35,52.595],[87.378,52.509],[87.579,52.487],[87.636,52.45],[87.828,52.508],[87.866,52.542],[87.924,52.548],[88.056,52.497],[88.208,52.414],[88.316,52.447],[88.421,52.454],[88.428,52.436],[88.409,52.383],[88.425,52.357],[88.365,52.309],[88.371,52.196],[88.346,52.133],[88.25,52.116],[88.238,52.095],[88.264,52.069],[88.22,52.056],[88.133,52.097],[88.095,52.087],[88.058,52.053],[88.058,52.021],[88.035,51.993],[87.982,51.966],[87.971,51.922],[87.839,51.811],[87.849,51.772],[87.911,51.791],[87.983,51.756],[88.085,51.777],[88.106,51.761],[88.086,51.714],[87.984,51.649],[87.973,51.602],[87.862,51.549],[87.923,51.479],[87.976,51.487],[88.095,51.441],[88.12,51.395],[88.171,51.367],[88.262,51.36],[88.364,51.32],[88.508,51.316],[88.553,51.336],[88.596,51.388],[88.665,51.424],[88.659,51.535],[88.736,51.559],[88.825,51.516],[88.861,51.476],[88.967,51.428],[88.972,51.406],[88.946,51.348],[88.944,51.233],[89.041,51.174],[89.042,51.088],[89.06,51.056],[89.392,50.853],[89.407,50.823],[89.458,50.798],[89.656,50.612],[89.666,50.583],[89.759,50.573],[89.828,50.543],[89.859,50.513],[89.868,50.475],[89.835,50.426],[89.62,50.385],[89.607,50.427],[89.514,50.469],[89.496,50.412],[89.517,50.37],[89.396,50.326],[89.383,50.279],[89.349,50.264],[89.337,50.215],[89.399,50.186],[89.44,50.21],[89.507,50.204],[89.521,50.124],[89.589,50.1],[89.549,50.039],[89.604,49.999],[89.585,49.934],[89.633,49.908],[89.615,49.842],[89.644,49.819],[89.626,49.788],[89.702,49.753],[89.713,49.735],[89.702,49.72],[89.442,49.644],[89.372,49.582],[89.339,49.581],[89.216,49.634],[89.187,49.622],[89.178,49.598],[89.216,49.545],[89.195,49.522],[89.014,49.461],[88.963,49.462],[88.908,49.536],[88.889,49.542],[88.859,49.527],[88.855,49.474],[88.871,49.436],[88.696,49.447],[88.616,49.493],[88.539,49.467],[88.379,49.476],[88.2,49.454],[88.162,49.43],[88.116,49.357],[88.148,49.297],[88.144,49.271],[87.957,49.169],[87.816,49.166]]]}},{"type":"Feature","id":"BY-HR","properties":{"code":"BY-HR","name":"Grodno Region","district":"Belarus","country":"BY","special":false},"geometry":{"type":"Polygon","coordinates":[[[25.981,54.943],[26.103,54.957],[26.17,54.993],[26.248,54.97],[26.27,54.93],[26.348,54.943],[26.316,54.928],[26.344,54.855],[26.425,54.826],[26.501,54.762],[26.539,54.75],[26.541,54.706],[26.59,54.639],[26.677,54.63],[26.682,54.579],[26.649,54.571],[26.644,54.534],[26.585,54.544],[26.611,54.493],[26.61,54.458],[26.574,54.434],[26.469,54.279],[26.406,54.241],[26.234,54.234],[26.154,54.199],[26.108,54.199],[26.076,54.14],[26.117,54.12],[26.143,54.141],[26.179,54.129],[26.17,54.067],[26.195,54.037],[26.267,54.04],[26.283,54.06],[26.334,54.057],[26.368,54.005],[26.433,53.999],[26.419,53.952],[26.374,53.943],[26.333,53.897],[26.226,53.871],[26.214,53.835],[26.31,53.798],[26.295,53.78],[26.257,53.774],[26.262,53.725],[26.338,53.704],[26.351,53.658],[26.474,53.62],[26.514,53.553],[26.493,53.504],[26.546,53.499],[26.542,53.442],[26.568,53.405],[26.273,53.351],[25.898,53.376],[25.798,53.396],[25.705,53.389],[25.648,53.332],[25.632,53.279],[25.575,53.261],[25.569,53.241],[25.601,53.212],[25.543,53.174],[25.597,53.146],[25.591,53.113],[25.532,53.03],[25.463,53.0],[25.405,52.942],[25.3,52.926],[25.322,52.896],[25.308,52.871],[25.336,52.855],[25.317,52.839],[25.251,52.866],[25.063,52.835],[25.049,52.868],[25.064,52.911],[25.016,52.888],[24.962,52.9],[24.957,52.936],[24.929,52.96],[24.885,52.967],[24.851,52.937],[24.801,52.933],[24.686,52.96],[24.607,52.934],[24.653,52.911],[24.569,52.863],[24.588,52.84],[24.541,52.795],[24.558,52.759],[24.541,52.743],[24.469,52.741],[24.375,52.777],[24.321,52.765],[24.3,52.781],[24.198,52.776],[24.154,52.799],[24.071,52.768],[23.92,52.773],[23.901,52.923],[23.918,52.951],[23.911,53.005],[23.859,53.068],[23.894,53.152],[23.801,53.242],[23.743,53.365],[23.591,53.611],[23.565,53.742],[23.53,53.784],[23.486,53.939],[23.627,53.898],[23.787,53.928],[23.828,53.92],[23.92,53.948],[24.045,53.931],[24.17,53.959],[24.229,53.932],[24.257,53.894],[24.378,53.887],[24.529,53.958],[24.667,53.994],[24.706,53.964],[24.806,53.975],[24.821,54.02],[24.782,54.093],[24.818,54.11],[24.822,54.135],[24.902,54.15],[25.072,54.132],[25.157,54.176],[25.206,54.257],[25.37,54.248],[25.459,54.299],[25.554,54.231],[25.502,54.222],[25.529,54.196],[25.486,54.175],[25.516,54.145],[25.632,54.128],[25.74,54.146],[25.771,54.172],[25.787,54.242],[25.739,54.283],[25.719,54.282],[25.696,54.321],[25.564,54.303],[25.529,54.321],[25.53,54.346],[25.613,54.422],[25.631,54.508],[25.74,54.569],[25.74,54.608],[25.708,54.663],[25.721,54.767],[25.735,54.789],[25.778,54.805],[25.783,54.87],[25.847,54.906],[25.87,54.939],[25.981,54.943]]]}},{"type":"Feature","id":"RU-IN","properties":{"code":"RU-IN","name":"Republic of Ingushetia","district":"North Caucasian","country":"RU","special":false},"geometry":{"type":"Polygon","coordinates":[[[45.048,42.686],[44.859,42.76],[44.773,42.61],[44.724,42.691],[44.639,42.74],[44.616,42.779],[44.628,42.883],[44.703,42.871],[44.765,42.839],[44.852,42.836],[44.885,42.884],[44.932,42.914],[44.944,42.954],[44.924,42.985],[44.923,43.061],[44.849,43.112],[44.809,43.172],[44.672,43.252],[44.641,43.237],[44.66,43.209],[44.575,43.24],[44.572,43.392],[44.522,43.384],[44.498,43.397],[44.522,43.564],[44.543,43.597],[44.621,43.61],[44.61,43.556],[44.622,43.548],[44.696,43.562],[44.706,43.613],[44.774,43.619],[44.795,43.581],[44.839,43.584],[44.947,43.549],[45.047,43.494],[45.065,43.467],[45.118,43.21],[45.169,43.127],[45.134,43.062],[45.134,42.983],[45.161,42.946],[45.137,42.835],[45.18,42.81],[45.071,42.714],[45.076,42.691],[45.048,42.686]]]}},{"type":"Feature","id":"RU-IRK","properties":{"code":"RU-IRK","name":"Irkutsk Oblast","district":"Siberian","country":"RU","special":false},"geometry":{"type":"Polygon","coordinates":[[[101.786,58.453],[101.922,58.466],[102.001,58.495],[102.186,58.523],[102.265,58.574],[102.318,58.647],[102.416,58.664],[102.513,58.721],[102.565,58.802],[102.535,58.856],[102.534,58.901],[102.439,58.944],[102.449,59.002],[102.406,59.073],[102.439,59.136],[102.522,59.186],[102.588,59.203],[102.759,59.199],[102.831,59.215],[102.872,59.265],[103.011,59.318],[103.05,59.276],[103.083,59.264],[103.153,59.262],[103.225,59.285],[103.33,59.256],[103.335,59.229],[103.24,59.227],[103.249,59.175],[103.375,59.034],[103.582,58.96],[103.594,58.917],[103.693,58.923],[103.817,58.895],[103.896,58.9],[103.953,58.842],[103.952,58.785],[103.939,58.762],[103.869,58.735],[103.991,58.736],[104.047,58.772],[104.22,58.758],[104.299,58.713],[104.393,58.704],[104.394,58.665],[104.458,58.602],[104.519,58.635],[104.59,58.617],[104.632,58.647],[104.794,58.669],[104.872,58.719],[104.816,58.781],[104.76,58.814],[104.798,58.863],[104.847,58.897],[104.899,58.909],[104.948,58.959],[105.084,58.993],[105.145,59.045],[105.291,59.061],[105.347,59.092],[105.353,59.108],[105.303,59.149],[105.329,59.196],[105.294,59.26],[105.191,59.308],[105.241,59.353],[105.213,59.385],[105.225,59.429],[105.172,59.474],[105.109,59.455],[104.978,59.464],[104.863,59.543],[104.873,59.584],[104.804,59.636],[104.812,59.664],[104.799,59.691],[104.893,59.75],[105.012,59.77],[105.032,59.798],[105.024,59.835],[105.186,59.858],[105.29,59.849],[105.377,59.822],[105.491,59.845],[105.433,59.896],[105.449,59.959],[105.489,60.001],[105.424,60.11],[105.479,60.198],[105.479,60.249],[105.441,60.27],[105.378,60.251],[105.347,60.286],[105.297,60.298],[105.221,60.276],[104.889,60.302],[104.771,60.379],[104.665,60.403],[104.657,60.414],[104.672,60.425],[104.632,60.503],[104.572,60.539],[104.555,60.615],[104.522,60.639],[104.596,60.753],[104.507,60.783],[104.46,60.839],[104.629,60.89],[104.628,60.909],[104.565,60.945],[104.607,60.972],[104.6,61.001],[104.635,61.036],[104.605,61.058],[104.615,61.074],[104.702,61.087],[104.837,61.176],[105.007,61.182],[104.926,61.319],[104.789,61.348],[104.891,61.363],[104.957,61.398],[105.272,61.425],[105.274,61.468],[105.367,61.53],[105.55,61.566],[105.611,61.611],[105.696,61.645],[105.809,61.622],[105.877,61.676],[105.947,61.689],[105.938,61.747],[105.888,61.8],[105.902,61.835],[106.036,61.899],[106.07,61.937],[106.152,61.957],[106.209,62.0],[106.407,62.035],[106.388,62.057],[106.406,62.084],[106.375,62.103],[106.443,62.185],[106.446,62.235],[106.341,62.251],[106.327,62.266],[106.397,62.314],[106.478,62.324],[106.426,62.359],[106.428,62.383],[106.533,62.377],[106.703,62.474],[106.707,62.497],[106.661,62.529],[106.669,62.549],[106.726,62.588],[106.797,62.602],[106.504,62.675],[106.495,62.692],[106.525,62.747],[106.465,62.782],[106.443,62.843],[106.218,62.897],[106.217,62.941],[106.167,62.957],[106.184,62.985],[106.147,63.015],[106.123,63.06],[106.313,63.075],[106.403,63.113],[106.391,63.147],[106.425,63.197],[106.362,63.221],[106.365,63.263],[106.438,63.32],[106.469,63.327],[106.507,63.305],[106.673,63.298],[106.731,63.367],[106.637,63.408],[106.579,63.46],[106.51,63.495],[106.531,63.53],[106.595,63.535],[106.686,63.62],[106.691,63.636],[106.635,63.672],[106.629,63.697],[106.793,63.842],[106.681,63.925],[106.71,63.987],[106.764,63.996],[106.81,63.975],[106.859,63.976],[106.976,63.94],[107.071,63.887],[107.13,63.902],[107.19,63.955],[107.29,63.95],[107.372,63.866],[107.563,63.859],[107.616,63.907],[107.625,63.959],[107.68,63.989],[107.783,64.007],[107.854,63.985],[107.949,64.0],[108.117,63.983],[108.17,64.0],[108.263,63.996],[108.32,64.039],[108.216,64.212],[108.137,64.241],[108.027,64.224],[108.042,64.239],[108.14,64.261],[108.306,64.25],[108.358,64.3],[108.46,64.285],[108.534,64.235],[108.485,64.2],[108.54,64.178],[108.495,64.116],[108.543,64.1],[108.592,64.042],[108.731,63.984],[108.731,63.959],[108.688,63.914],[108.759,63.878],[108.766,63.86],[108.71,63.807],[108.648,63.787],[108.595,63.805],[108.467,63.791],[108.363,63.824],[108.298,63.811],[108.278,63.791],[108.265,63.673],[108.19,63.633],[108.117,63.622],[108.125,63.58],[108.16,63.563],[108.571,63.598],[108.628,63.576],[108.706,63.578],[108.857,63.537],[109.042,63.552],[109.131,63.509],[109.15,63.467],[109.223,63.437],[109.279,63.349],[109.365,63.354],[109.383,63.33],[109.381,63.257],[109.432,63.246],[109.452,63.223],[109.408,63.182],[109.453,63.149],[109.435,63.094],[109.463,63.073],[109.451,63.037],[109.476,63.024],[109.456,63.001],[109.475,62.992],[109.472,62.932],[109.606,62.879],[109.647,62.826],[109.632,62.805],[109.512,62.777],[109.473,62.746],[109.459,62.673],[109.383,62.646],[109.37,62.577],[109.249,62.57],[109.267,62.524],[109.315,62.477],[109.419,62.458],[109.487,62.411],[109.557,62.431],[109.912,62.41],[109.921,62.401],[109.895,62.354],[109.947,62.34],[109.998,62.285],[109.936,62.239],[109.999,62.187],[110.0,62.164],[109.904,62.113],[109.819,62.008],[109.744,61.978],[109.598,61.87],[109.594,61.816],[109.62,61.718],[109.707,61.679],[109.712,61.648],[109.753,61.632],[109.87,61.533],[109.868,61.5],[109.828,61.477],[109.848,61.43],[109.804,61.374],[109.812,61.35],[109.792,61.325],[109.861,61.297],[109.924,61.302],[110.081,61.27],[110.119,61.237],[110.13,61.2],[110.19,61.155],[110.32,61.149],[110.398,61.18],[110.481,61.159],[110.506,61.138],[110.517,61.085],[110.464,61.041],[110.458,60.988],[110.32,60.901],[110.235,60.825],[110.234,60.797],[110.288,60.77],[110.273,60.758],[110.267,60.697],[110.219,60.674],[110.049,60.672],[110.118,60.621],[110.116,60.587],[110.047,60.561],[110.015,60.516],[109.923,60.463],[109.922,60.442],[109.952,60.419],[109.946,60.402],[109.863,60.372],[109.874,60.338],[109.81,60.31],[109.819,60.283],[109.807,60.256],[109.732,60.225],[109.694,60.115],[109.724,60.051],[109.764,60.027],[109.677,59.932],[109.625,59.908],[109.651,59.877],[109.645,59.861],[109.547,59.805],[109.501,59.759],[109.484,59.701],[109.498,59.673],[109.531,59.654],[109.523,59.636],[109.268,59.461],[109.348,59.41],[109.252,59.367],[109.261,59.321],[109.311,59.303],[109.51,59.289],[109.501,59.253],[109.542,59.215],[109.528,59.19],[109.626,59.152],[109.626,59.091],[109.642,59.062],[109.742,59.066],[109.822,58.981],[109.915,59.008],[110.119,58.98],[110.278,58.984],[110.337,59.029],[110.482,59.035],[110.531,59.059],[110.544,59.105],[110.589,59.131],[110.576,59.186],[110.697,59.257],[110.825,59.253],[111.001,59.208],[111.091,59.237],[111.175,59.188],[111.213,59.196],[111.297,59.253],[111.47,59.267],[111.562,59.222],[111.637,59.208],[111.764,59.274],[111.942,59.274],[111.987,59.339],[112.087,59.391],[112.218,59.5],[112.271,59.5],[112.272,59.467],[112.333,59.417],[112.275,59.365],[112.306,59.336],[112.293,59.301],[112.435,59.326],[112.631,59.31],[112.636,59.27],[112.526,59.228],[112.465,59.168],[112.451,59.125],[112.467,59.026],[112.448,58.928],[112.503,58.87],[112.616,58.962],[112.557,59.027],[112.569,59.067],[112.644,59.034],[112.728,59.083],[112.874,59.118],[112.916,59.152],[112.971,59.136],[113.142,59.164],[113.264,59.157],[113.461,59.262],[113.455,59.293],[113.472,59.339],[113.425,59.367],[113.424,59.383],[113.465,59.425],[113.526,59.443],[113.605,59.499],[113.592,59.565],[113.779,59.609],[113.854,59.684],[114.038,59.682],[114.043,59.737],[114.175,59.753],[114.309,59.879],[114.569,60.001],[114.568,60.018],[114.523,60.046],[114.543,60.108],[114.616,60.141],[114.697,60.219],[114.736,60.22],[114.788,60.188],[114.825,60.187],[115.007,60.269],[115.091,60.382],[115.238,60.447],[115.395,60.487],[115.686,60.526],[115.737,60.518],[115.842,60.468],[116.009,60.454],[116.075,60.407],[116.187,60.399],[116.25,60.377],[116.348,60.391],[116.599,60.355],[116.729,60.262],[116.832,60.243],[116.875,60.205],[116.977,60.154],[117.043,60.08],[117.037,60.048],[117.054,60.035],[117.296,60.019],[117.302,59.992],[117.232,59.957],[117.115,59.963],[117.064,59.913],[117.148,59.859],[117.205,59.846],[117.226,59.821],[117.198,59.655],[117.087,59.591],[117.196,59.569],[117.234,59.531],[117.352,59.497],[117.455,59.5],[117.598,59.472],[117.758,59.539],[117.791,59.513],[117.819,59.455],[117.883,59.442],[117.939,59.455],[117.982,59.532],[118.058,59.583],[118.151,59.609],[118.283,59.609],[118.336,59.596],[118.398,59.516],[118.749,59.413],[118.758,59.333],[118.846,59.291],[118.803,59.277],[118.801,59.25],[118.717,59.226],[118.689,59.191],[118.707,59.064],[118.739,59.028],[118.85,59.009],[118.848,58.951],[118.795,58.935],[118.786,58.9],[118.799,58.877],[118.882,58.834],[118.893,58.805],[118.876,58.689],[118.844,58.664],[118.824,58.617],[118.776,58.604],[118.821,58.574],[118.965,58.549],[119.034,58.503],[119.116,58.489],[119.133,58.461],[119.116,58.405],[119.069,58.357],[119.083,58.321],[119.124,58.289],[119.108,58.223],[119.01,58.233],[118.784,58.213],[118.661,58.175],[118.63,58.175],[118.573,58.208],[118.491,58.216],[118.471,58.243],[118.376,58.281],[118.317,58.353],[118.158,58.386],[118.136,58.384],[118.108,58.347],[118.07,58.34],[117.995,58.395],[117.875,58.394],[117.835,58.408],[117.791,58.395],[117.684,58.398],[117.658,58.373],[117.476,58.309],[117.472,58.283],[117.521,58.261],[117.587,58.18],[117.569,58.141],[117.438,58.152],[117.408,58.127],[117.411,58.088],[117.375,58.061],[117.394,58.021],[117.366,57.995],[117.378,57.962],[117.369,57.929],[117.409,57.906],[117.313,57.847],[117.128,57.842],[117.086,57.804],[117.173,57.736],[117.142,57.641],[117.287,57.613],[117.298,57.578],[117.254,57.514],[117.287,57.464],[117.326,57.453],[117.348,57.391],[117.34,57.362],[117.366,57.328],[117.444,57.329],[117.432,57.255],[117.473,57.239],[117.541,57.261],[117.597,57.321],[117.794,57.293],[117.743,57.196],[117.601,57.15],[117.621,57.104],[117.677,57.066],[117.685,57.014],[117.673,56.978],[117.576,56.935],[117.571,56.851],[117.499,56.87],[117.451,56.819],[117.401,56.834],[117.411,56.856],[117.348,56.868],[117.36,56.915],[117.337,56.944],[117.19,56.876],[117.131,56.804],[117.031,56.812],[117.007,56.801],[117.031,56.775],[116.968,56.78],[116.806,56.725],[116.736,56.76],[116.569,56.757],[116.509,56.799],[116.382,56.827],[116.362,56.847],[116.245,56.818],[116.122,56.813],[116.048,56.861],[115.965,56.861],[115.86,56.932],[115.711,56.964],[115.805,57.031],[116.048,57.082],[116.17,57.141],[116.238,57.149],[116.131,57.239],[115.863,57.243],[115.679,57.131],[115.622,57.136],[115.37,57.092],[115.262,57.112],[115.086,57.119],[115.025,57.037],[115.048,57.017],[115.047,56.985],[114.935,56.911],[114.918,56.873],[114.846,56.832],[114.838,56.756],[114.779,56.699],[114.613,56.681],[114.5,56.701],[114.502,56.673],[114.441,56.654],[114.289,56.692],[114.145,56.681],[114.083,56.613],[113.997,56.585],[114.017,56.561],[114.005,56.541],[113.897,56.525],[113.857,56.542],[113.803,56.602],[113.514,56.679],[113.37,56.626],[113.258,56.649],[113.159,56.645],[113.091,56.673],[112.896,56.692],[112.875,56.726],[112.747,56.761],[112.723,56.835],[112.698,56.861],[112.746,56.934],[112.662,56.96],[112.552,56.929],[112.458,56.864],[112.235,56.878],[112.11,56.944],[111.916,56.945],[111.848,56.909],[111.814,56.908],[111.714,56.99],[111.632,57.012],[111.62,57.095],[111.587,57.107],[111.462,57.102],[111.386,57.017],[111.385,56.981],[111.336,56.955],[111.376,56.917],[111.372,56.9],[111.244,56.871],[111.165,56.815],[110.989,56.859],[110.883,56.834],[110.753,56.874],[110.662,56.833],[110.6,56.83],[110.532,56.847],[110.528,56.883],[110.472,56.881],[110.339,56.937],[110.234,56.924],[110.083,56.975],[109.996,56.97],[109.956,56.928],[109.918,56.922],[109.887,56.891],[109.86,56.831],[109.888,56.79],[109.848,56.776],[109.767,56.704],[109.665,56.694],[109.589,56.708],[109.538,56.736],[109.41,56.735],[109.372,56.724],[109.308,56.668],[109.21,56.658],[109.143,56.676],[109.096,56.663],[109.059,56.619],[109.032,56.622],[109.016,56.646],[108.977,56.636],[108.93,56.588],[108.699,56.583],[108.672,56.564],[108.719,56.54],[108.727,56.514],[108.651,56.456],[108.641,56.423],[108.599,56.402],[108.597,56.364],[108.557,56.346],[108.576,56.285],[108.737,56.245],[108.799,56.257],[108.927,56.153],[108.911,56.1],[108.977,56.073],[108.991,56.04],[109.105,56.022],[109.168,55.981],[109.24,56.002],[109.256,55.974],[109.233,55.938],[109.18,55.913],[108.96,55.941],[108.843,55.851],[108.81,55.784],[108.81,55.719],[108.771,55.623],[108.752,55.61],[108.7,55.612],[108.68,55.591],[108.691,55.521],[108.65,55.496],[108.622,55.451],[108.668,55.401],[108.652,55.301],[108.693,55.292],[108.718,55.251],[108.781,55.227],[108.767,55.196],[108.782,55.17],[108.75,55.103],[108.698,55.08],[108.69,55.062],[108.703,54.978],[108.762,54.927],[108.695,54.89],[108.718,54.864],[108.696,54.674],[108.653,54.644],[108.632,54.591],[108.558,54.543],[108.671,54.547],[109.041,54.481],[109.007,54.425],[108.423,53.783],[108.061,53.205],[106.198,52.44],[105.992,52.221],[105.752,52.031],[105.461,51.863],[105.123,51.731],[104.899,51.669],[104.65,51.622],[104.629,51.443],[104.67,51.399],[104.669,51.338],[104.609,51.268],[104.488,51.31],[104.436,51.293],[104.212,51.281],[104.107,51.221],[104.007,51.217],[103.949,51.17],[103.814,51.132],[103.817,51.401],[103.69,51.46],[103.576,51.479],[103.36,51.432],[103.328,51.438],[103.247,51.515],[103.25,51.563],[103.181,51.611],[103.208,51.665],[103.195,51.724],[103.221,51.78],[103.209,51.809],[103.106,51.84],[103.065,51.883],[102.935,51.91],[102.854,51.962],[102.769,51.99],[102.68,52.095],[102.629,52.106],[102.574,52.149],[102.542,52.228],[102.454,52.237],[102.413,52.262],[102.32,52.231],[102.177,52.277],[102.092,52.257],[102.046,52.212],[101.963,52.222],[101.894,52.285],[101.91,52.317],[101.743,52.402],[101.674,52.409],[101.688,52.461],[101.482,52.562],[101.46,52.621],[101.31,52.644],[101.21,52.695],[101.123,52.712],[101.031,52.769],[100.866,52.8],[100.827,52.856],[100.621,52.934],[100.534,53.017],[100.395,53.101],[100.363,53.137],[100.371,53.152],[100.351,53.159],[100.413,53.201],[100.399,53.201],[100.401,53.234],[100.291,53.313],[100.26,53.375],[100.191,53.371],[100.171,53.333],[100.08,53.3],[99.992,53.311],[99.869,53.298],[99.842,53.26],[99.878,53.204],[99.776,53.18],[99.69,53.132],[99.631,53.134],[99.536,53.105],[99.37,53.109],[99.354,53.08],[99.366,53.054],[99.356,53.036],[99.322,53.004],[99.252,52.977],[99.25,52.954],[98.989,53.034],[98.995,53.065],[99.064,53.097],[98.938,53.149],[98.893,53.148],[98.861,53.125],[98.687,53.155],[98.608,53.105],[98.348,53.093],[98.303,53.104],[98.288,53.125],[98.281,53.19],[98.3,53.212],[98.289,53.223],[98.031,53.253],[97.974,53.292],[97.973,53.346],[97.958,53.358],[97.904,53.352],[97.731,53.378],[97.606,53.373],[97.587,53.388],[97.586,53.438],[97.448,53.461],[97.433,53.5],[97.328,53.596],[97.242,53.601],[97.188,53.624],[97.128,53.613],[96.875,53.729],[96.727,53.705],[96.684,53.639],[96.644,53.643],[96.603,53.672],[96.568,53.65],[96.505,53.684],[96.406,53.783],[96.206,53.925],[96.05,54.0],[96.08,54.058],[96.055,54.088],[95.957,54.106],[95.911,54.161],[95.678,54.234],[95.659,54.26],[95.667,54.335],[95.717,54.388],[95.797,54.418],[95.872,54.392],[95.915,54.396],[95.978,54.446],[95.977,54.468],[96.019,54.503],[96.039,54.558],[96.065,54.573],[96.207,54.542],[96.336,54.567],[96.495,54.511],[96.573,54.518],[96.551,54.575],[96.587,54.659],[96.565,54.697],[96.697,54.841],[96.714,54.919],[96.682,54.959],[96.585,55.023],[96.682,55.078],[96.683,55.09],[96.656,55.1],[96.695,55.176],[96.707,55.259],[96.887,55.302],[96.918,55.33],[96.881,55.412],[96.843,55.441],[96.85,55.481],[96.82,55.558],[96.855,55.594],[96.753,55.651],[96.818,55.701],[96.764,55.736],[96.768,55.769],[96.843,55.82],[96.96,55.861],[96.986,56.018],[97.057,56.031],[97.125,56.102],[97.262,56.088],[97.352,56.051],[97.425,56.099],[97.44,56.147],[97.5,56.179],[97.58,56.195],[97.588,56.257],[97.56,56.323],[97.568,56.383],[97.841,56.393],[97.878,56.411],[97.877,56.545],[97.751,56.56],[97.774,56.607],[97.755,56.639],[97.782,56.663],[97.751,56.704],[97.775,56.78],[97.679,56.807],[97.556,56.793],[97.486,56.811],[97.469,56.827],[97.485,56.893],[97.587,56.926],[97.62,56.954],[97.482,56.966],[97.435,57.008],[97.349,57.048],[97.934,57.811],[97.987,57.822],[98.63,57.778],[98.745,57.793],[98.775,57.788],[98.789,57.757],[98.854,57.728],[98.962,57.723],[99.093,57.773],[99.185,57.763],[99.311,57.795],[99.422,57.799],[99.47,57.86],[99.498,57.929],[99.618,58.001],[99.64,58.046],[99.703,58.086],[99.807,58.061],[100.043,58.079],[100.077,58.056],[100.077,57.961],[100.117,57.917],[100.129,57.867],[100.275,57.805],[100.27,57.763],[100.365,57.732],[100.331,57.689],[100.363,57.67],[100.36,57.642],[100.398,57.594],[100.405,57.55],[100.656,57.469],[100.716,57.413],[100.749,57.403],[100.804,57.426],[100.836,57.458],[100.922,57.455],[100.958,57.498],[100.941,57.516],[100.952,57.561],[100.847,57.61],[100.801,57.673],[100.885,57.77],[100.849,57.795],[100.846,57.845],[100.813,57.884],[100.953,57.868],[101.022,57.892],[101.039,57.931],[101.127,57.977],[101.154,58.017],[101.161,58.055],[101.114,58.085],[101.118,58.119],[101.208,58.142],[101.298,58.219],[101.531,58.225],[101.559,58.282],[101.642,58.351],[101.69,58.417],[101.786,58.453]]]}},{"type":"Feature","id":"RU-IVA","properties":{"code":"RU-IVA","name":"Ivanovo Oblast","district":"Central","country":"RU","special":false},"geometry":{"type":"Polygon","coordinates":[[[41.63,57.75],[41.761,57.736],[41.796,57.71],[41.902,57.678],[41.948,57.625],[42.006,57.614],[42.026,57.589],[42.169,57.574],[42.18,57.56],[42.353,57.583],[42.414,57.635],[42.51,57.623],[42.65,57.635],[42.726,57.702],[42.776,57.703],[42.855,57.66],[42.847,57.625],[42.861,57.574],[42.826,57.53],[42.87,57.497],[42.829,57.472],[42.822,57.415],[42.853,57.394],[42.973,57.388],[43.158,57.428],[43.18,57.517],[43.168,57.589],[43.207,57.634],[43.186,57.555],[43.207,57.528],[43.193,57.425],[43.213,57.415],[43.283,57.437],[43.312,57.517],[43.419,57.559],[43.477,57.624],[43.584,57.655],[43.58,57.614],[43.542,57.567],[43.714,57.492],[43.727,57.466],[43.707,57.425],[43.86,57.376],[43.851,57.359],[43.799,57.361],[43.77,57.322],[43.698,57.337],[43.677,57.268],[43.539,57.262],[43.558,57.23],[43.501,57.197],[43.501,57.122],[43.615,57.108],[43.68,57.058],[43.574,56.961],[43.524,56.948],[43.501,56.906],[43.339,56.861],[43.218,56.857],[43.163,56.873],[43.107,56.845],[42.987,56.843],[42.9,56.814],[42.844,56.815],[42.808,56.765],[42.83,56.741],[42.792,56.701],[42.787,56.669],[42.836,56.637],[42.855,56.653],[42.904,56.642],[42.906,56.583],[42.83,56.533],[42.888,56.514],[42.875,56.467],[42.648,56.481],[42.627,56.472],[42.641,56.441],[42.552,56.414],[42.469,56.421],[42.289,56.471],[42.059,56.368],[41.958,56.391],[41.932,56.525],[41.91,56.54],[41.587,56.486],[41.5,56.501],[41.085,56.473],[41.037,56.48],[41.017,56.516],[40.989,56.511],[40.963,56.532],[40.914,56.499],[40.885,56.516],[40.888,56.537],[40.837,56.55],[40.837,56.58],[40.715,56.598],[40.587,56.582],[40.505,56.596],[40.458,56.532],[40.404,56.52],[40.385,56.537],[40.35,56.505],[40.301,56.5],[40.213,56.448],[40.156,56.434],[40.072,56.475],[39.951,56.481],[39.943,56.53],[39.834,56.609],[39.88,56.65],[39.887,56.707],[39.858,56.75],[39.859,56.78],[39.625,56.825],[39.564,56.816],[39.484,56.766],[39.417,56.772],[39.392,56.793],[39.39,56.844],[39.47,56.884],[39.461,56.916],[39.494,56.92],[39.527,56.956],[39.579,56.968],[39.516,57.024],[39.66,57.077],[39.827,57.11],[39.844,57.129],[39.832,57.155],[39.842,57.177],[39.942,57.184],[40.047,57.218],[40.178,57.206],[40.225,57.264],[40.188,57.272],[40.205,57.287],[40.327,57.293],[40.506,57.277],[40.602,57.323],[40.658,57.312],[40.872,57.339],[41.008,57.336],[41.041,57.352],[41.068,57.344],[41.159,57.411],[41.17,57.435],[41.312,57.429],[41.399,57.446],[41.444,57.473],[41.56,57.464],[41.604,57.524],[41.609,57.564],[41.6,57.635],[41.567,57.704],[41.601,57.742],[41.63,57.75]]]}},{"type":"Feature","id":"RU-KB","properties":{"code":"RU-KB","name":"Kabardino-Balkar Republic","district":"North Caucasian","country":"RU","special":false},"geometry":{"type":"Polygon","coordinates":[[[42.615,43.137],[42.423,43.229],[42.363,43.235],[42.412,43.307],[42.405,43.395],[42.479,43.5],[42.483,43.557],[42.457,43.611],[42.662,43.681],[42.683,43.807],[42.697,43.818],[42.852,43.817],[42.948,43.885],[43.111,43.896],[43.195,43.951],[43.266,43.91],[43.316,43.807],[43.459,43.868],[43.729,43.839],[43.764,43.854],[43.797,43.936],[43.906,43.994],[44.017,43.963],[44.134,43.956],[44.167,43.926],[44.259,43.925],[44.422,43.995],[44.417,43.946],[44.358,43.937],[44.299,43.89],[44.28,43.751],[44.328,43.664],[44.39,43.676],[44.433,43.654],[44.408,43.539],[44.38,43.49],[44.399,43.424],[44.361,43.406],[44.32,43.431],[44.177,43.356],[44.156,43.418],[44.108,43.431],[44.036,43.365],[44.084,43.274],[44.023,43.209],[44.0,43.22],[44.014,43.253],[43.974,43.27],[43.898,43.254],[43.88,43.267],[43.882,43.292],[43.848,43.31],[43.754,43.173],[43.735,43.11],[43.657,43.051],[43.561,42.935],[43.459,42.96],[43.386,42.887],[43.194,42.927],[42.999,43.042],[43.0,43.099],[42.915,43.122],[42.83,43.169],[42.674,43.166],[42.615,43.137]]]}},{"type":"Feature","id":"RU-KGD","properties":{"code":"RU-KGD","name":"Kaliningrad Oblast","district":"Northwestern","country":"RU","special":false},"geometry":{"type":"Polygon","coordinates":[[[21.375,55.29],[21.504,55.194],[21.605,55.192],[21.751,55.128],[21.943,55.078],[22.003,55.093],[22.028,55.044],[22.05,55.034],[22.1,55.03],[22.143,55.055],[22.251,55.071],[22.436,55.058],[22.541,55.076],[22.581,55.058],[22.633,54.958],[22.716,54.951],[22.752,54.931],[22.749,54.91],[22.821,54.885],[22.844,54.832],[22.833,54.779],[22.725,54.723],[22.727,54.705],[22.701,54.68],[22.708,54.636],[22.682,54.57],[22.68,54.453],[22.767,54.356],[22.698,54.343],[19.68,54.437],[19.61,54.457],[19.734,54.526],[19.9,54.667],[19.9,54.688],[19.962,54.773],[19.921,54.89],[19.941,54.934],[19.977,54.965],[20.034,54.948],[20.206,54.958],[20.366,54.946],[20.482,54.976],[20.634,55.049],[20.822,55.181],[20.925,55.283],[20.99,55.27],[20.913,55.233],[20.835,55.152],[20.688,55.051],[20.531,54.965],[20.558,54.941],[20.764,54.948],[20.86,54.911],[20.969,54.9],[21.056,54.914],[21.091,54.902],[21.23,54.939],[21.243,54.961],[21.219,55.013],[21.183,55.202],[21.202,55.214],[21.259,55.205],[21.268,55.249],[21.375,55.29]]]}},{"type":"Feature","id":"RU-KL","properties":{"code":"RU-KL","name":"Republic of Kalmykia","district":"Southern","country":"RU","special":false},"geometry":{"type":"Polygon","coordinates":[[[47.496,45.565],[47.538,45.506],[47.501,45.48],[47.497,45.43],[47.381,45.411],[47.46,45.391],[47.384,45.299],[47.379,45.203],[47.37,45.186],[47.297,45.187],[47.201,44.97],[47.166,44.967],[47.146,44.929],[47.099,44.956],[47.112,44.87],[47.078,44.785],[47.024,44.843],[47.003,44.922],[46.984,44.893],[47.003,44.818],[46.962,44.765],[46.924,44.772],[46.888,44.752],[46.884,44.785],[46.851,44.788],[46.793,44.765],[46.772,44.811],[46.603,44.885],[46.434,44.937],[45.854,45.001],[45.706,44.976],[45.712,45.014],[45.586,45.158],[44.738,45.497],[44.421,45.527],[44.207,45.61],[44.142,45.659],[44.08,45.796],[43.878,45.945],[43.742,45.979],[43.568,45.981],[43.393,46.016],[43.263,46.103],[42.991,46.18],[42.916,46.241],[42.836,46.202],[42.852,46.175],[42.835,46.156],[42.739,46.099],[42.671,46.088],[42.517,45.99],[42.326,45.972],[42.333,46.125],[42.177,46.099],[42.18,46.056],[42.152,46.023],[42.157,45.96],[42.105,45.928],[42.036,45.965],[41.713,45.996],[41.718,46.032],[41.658,46.098],[41.67,46.131],[41.647,46.167],[41.726,46.214],[41.771,46.194],[41.784,46.17],[41.857,46.155],[41.915,46.185],[41.962,46.262],[41.963,46.289],[42.206,46.317],[42.173,46.386],[42.088,46.418],[42.034,46.543],[42.169,46.579],[42.409,46.525],[42.446,46.483],[42.556,46.446],[42.61,46.408],[42.777,46.388],[42.928,46.436],[43.08,46.36],[43.356,46.172],[43.545,46.164],[43.619,46.197],[43.646,46.216],[43.773,46.408],[43.843,46.364],[43.862,46.292],[43.961,46.336],[43.966,46.369],[43.918,46.416],[43.926,46.528],[43.903,46.549],[43.821,46.57],[43.817,46.589],[43.874,46.629],[43.93,46.723],[44.053,46.799],[44.073,46.828],[44.162,46.833],[44.262,46.9],[44.328,47.111],[44.333,47.481],[44.251,47.509],[44.239,47.573],[44.126,47.545],[44.116,47.418],[44.003,47.409],[43.974,47.393],[43.953,47.365],[43.939,47.269],[43.802,47.283],[43.801,47.363],[43.784,47.404],[43.732,47.477],[43.647,47.547],[43.636,47.576],[43.729,47.703],[43.842,47.757],[43.951,47.756],[44.004,47.789],[44.037,47.826],[44.019,47.865],[44.072,47.907],[44.389,47.868],[44.394,47.923],[44.465,47.984],[44.465,48.039],[44.328,48.064],[44.296,48.213],[44.311,48.258],[44.535,48.205],[44.545,48.068],[44.569,48.057],[44.61,48.06],[44.654,48.09],[44.766,48.059],[44.83,48.072],[44.933,48.135],[44.946,48.155],[44.935,48.193],[44.963,48.209],[45.137,48.112],[45.405,48.092],[45.547,47.997],[45.717,48.033],[45.741,48.0],[45.708,47.939],[45.713,47.886],[45.734,47.843],[45.794,47.798],[45.829,47.728],[45.907,47.71],[45.925,47.645],[46.116,47.502],[46.297,47.437],[46.388,47.445],[46.673,47.626],[46.806,47.578],[46.788,47.557],[46.526,47.435],[46.512,47.418],[46.516,47.393],[46.801,47.004],[46.925,46.974],[47.0,46.855],[47.126,46.851],[47.213,46.742],[47.168,46.705],[47.15,46.668],[47.022,46.635],[46.939,46.571],[46.93,46.556],[46.951,46.514],[46.954,46.434],[46.735,46.441],[46.664,46.429],[46.599,46.396],[46.493,46.286],[46.504,46.274],[46.87,46.239],[46.84,46.076],[47.089,46.118],[47.174,46.105],[47.173,46.083],[47.109,46.008],[47.04,45.966],[46.889,45.578],[47.302,45.647],[47.365,45.685],[47.466,45.639],[47.479,45.582],[47.496,45.565]]]}},{"type":"Feature","id":"RU-KLU","properties":{"code":"RU-KLU","name":"Kaluga Oblast","district":"Central","country":"RU","special":false},"geometry":{"type":"Polygon","coordinates":[[[36.01,53.618],[35.911,53.644],[35.895,53.614],[35.831,53.578],[35.772,53.52],[35.705,53.523],[35.675,53.546],[35.641,53.546],[35.529,53.481],[35.517,53.446],[35.449,53.441],[35.45,53.417],[35.417,53.401],[35.409,53.356],[35.356,53.284],[35.328,53.286],[35.28,53.323],[35.267,53.304],[35.236,53.312],[35.233,53.284],[35.195,53.271],[35.18,53.291],[35.104,53.311],[35.065,53.313],[35.014,53.288],[35.002,53.305],[35.014,53.393],[34.968,53.377],[34.865,53.393],[34.673,53.39],[34.593,53.426],[34.5,53.427],[34.536,53.468],[34.488,53.544],[34.489,53.565],[34.496,53.585],[34.537,53.598],[34.49,53.666],[34.385,53.719],[34.291,53.815],[34.217,53.83],[34.223,53.865],[34.199,53.892],[34.049,53.861],[33.946,53.901],[33.882,53.872],[33.84,53.894],[33.78,53.982],[33.682,54.026],[33.575,54.033],[33.501,54.016],[33.487,54.036],[33.424,54.049],[33.477,54.092],[33.548,54.099],[33.525,54.113],[33.559,54.129],[33.568,54.164],[33.617,54.183],[33.618,54.237],[33.586,54.255],[33.633,54.261],[33.684,54.321],[33.617,54.374],[33.63,54.417],[33.674,54.449],[33.637,54.477],[33.729,54.562],[33.871,54.556],[33.927,54.572],[34.108,54.55],[34.213,54.505],[34.326,54.43],[34.382,54.424],[34.416,54.451],[34.387,54.499],[34.436,54.512],[34.5,54.632],[34.483,54.659],[34.408,54.68],[34.467,54.686],[34.654,54.663],[34.823,54.712],[34.924,54.774],[34.85,54.818],[34.866,54.884],[34.944,54.894],[34.992,54.882],[35.065,54.957],[35.141,54.965],[35.128,55.013],[35.24,55.065],[35.282,55.107],[35.28,55.148],[35.31,55.168],[35.302,55.19],[35.344,55.203],[35.37,55.239],[35.473,55.221],[35.535,55.259],[35.573,55.263],[35.567,55.29],[35.674,55.283],[35.707,55.294],[35.856,55.238],[35.998,55.216],[36.039,55.223],[36.14,55.185],[36.238,55.194],[36.318,55.225],[36.359,55.26],[36.353,55.297],[36.423,55.319],[36.502,55.305],[36.572,55.319],[36.591,55.275],[36.639,55.281],[36.751,55.256],[36.783,55.226],[36.786,55.191],[36.869,55.199],[36.882,55.222],[36.91,55.229],[37.044,55.111],[37.081,55.1],[37.088,55.038],[37.153,54.933],[37.199,54.899],[37.188,54.868],[37.259,54.836],[37.228,54.808],[37.183,54.718],[37.215,54.701],[37.072,54.536],[37.02,54.579],[36.912,54.587],[36.83,54.617],[36.805,54.61],[36.803,54.557],[36.84,54.522],[36.851,54.468],[36.913,54.459],[36.964,54.405],[36.931,54.36],[36.948,54.329],[36.926,54.294],[36.734,54.278],[36.741,54.307],[36.714,54.317],[36.461,54.288],[36.45,54.279],[36.459,54.256],[36.408,54.232],[36.406,54.211],[36.245,54.235],[36.235,54.191],[36.197,54.158],[36.091,54.201],[36.023,54.185],[36.113,54.136],[36.111,54.124],[36.075,54.12],[36.088,54.099],[36.174,54.108],[36.204,54.096],[36.216,54.07],[36.121,54.027],[36.107,54.01],[36.111,53.961],[36.027,53.94],[35.989,53.916],[35.969,53.859],[35.911,53.85],[35.964,53.822],[35.96,53.797],[35.931,53.786],[35.957,53.726],[36.011,53.725],[36.058,53.704],[35.99,53.654],[36.01,53.618]]]}},{"type":"Feature","id":"RU-KC","properties":{"code":"RU-KC","name":"Karachay-Cherkess Republic","district":"North Caucasian","country":"RU","special":false},"geometry":{"type":"Polygon","coordinates":[[[41.042,43.37],[40.875,43.456],[40.69,43.523],[40.725,43.626],[40.7,43.657],[40.707,43.709],[40.734,43.742],[40.719,43.799],[40.779,43.876],[40.777,43.923],[40.827,43.926],[40.863,43.961],[40.953,43.981],[40.92,44.055],[40.846,44.109],[40.87,44.129],[40.906,44.141],[41.088,44.093],[41.141,44.101],[41.165,44.082],[41.274,44.077],[41.299,44.049],[41.288,44.002],[41.337,44.025],[41.324,43.996],[41.334,43.982],[41.378,44.006],[41.449,43.994],[41.467,44.021],[41.518,44.048],[41.548,44.092],[41.629,44.118],[41.709,44.233],[41.713,44.274],[41.691,44.329],[41.602,44.367],[41.627,44.407],[41.684,44.42],[41.729,44.459],[41.779,44.459],[41.849,44.491],[41.914,44.49],[41.945,44.403],[41.972,44.385],[42.287,44.328],[42.346,44.306],[42.352,44.27],[42.478,44.297],[42.557,44.289],[42.555,44.245],[42.426,44.201],[42.347,44.139],[42.308,44.135],[42.296,44.103],[42.306,44.058],[42.332,44.048],[42.367,43.98],[42.391,43.968],[42.5,43.973],[42.476,44.004],[42.487,44.026],[42.591,44.04],[42.593,44.017],[42.56,43.999],[42.56,43.982],[42.65,43.965],[42.612,43.934],[42.664,43.911],[42.662,43.846],[42.683,43.807],[42.662,43.681],[42.457,43.611],[42.483,43.557],[42.479,43.5],[42.405,43.395],[42.412,43.307],[42.363,43.235],[42.185,43.225],[42.043,43.181],[41.919,43.206],[41.578,43.215],[41.506,43.26],[41.413,43.291],[41.381,43.335],[41.279,43.333],[41.147,43.38],[41.042,43.37]]]}},{"type":"Feature","id":"RU-KR","properties":{"code":"RU-KR","name":"Republic of Karelia","district":"Northwestern","country":"RU","special":false},"geometry":{"type":"MultiPolygon","coordinates":[[[[29.546,66.432],[29.524,66.491],[29.401,66.576],[29.392,66.605],[29.362,66.627],[29.385,66.628],[31.073,66.684],[31.555,66.655],[31.585,66.639],[31.606,66.577],[31.652,66.537],[31.801,66.494],[31.832,66.385],[31.902,66.356],[32.329,66.359],[32.363,66.467],[32.54,66.492],[32.57,66.572],[32.594,66.582],[33.046,66.576],[33.166,66.556],[32.969,66.54],[32.941,66.528],[32.99,66.512],[33.104,66.51],[33.229,66.533],[33.297,66.519],[33.307,66.498],[33.355,66.48],[33.509,66.464],[33.602,66.502],[33.634,66.474],[33.585,66.46],[33.705,66.444],[33.735,66.426],[33.516,66.406],[33.643,66.378],[33.675,66.357],[33.629,66.344],[33.388,66.344],[33.311,66.317],[33.599,66.33],[33.635,66.321],[33.62,66.309],[33.871,66.267],[33.9,66.229],[33.972,66.251],[34.103,66.247],[34.167,66.221],[34.149,66.197],[34.161,66.185],[34.33,66.165],[34.553,66.094],[34.57,66.068],[34.723,65.988],[34.661,65.953],[34.716,65.933],[34.695,65.909],[34.778,65.92],[34.852,65.9],[34.866,65.878],[34.825,65.843],[34.839,65.828],[34.9,65.824],[34.871,65.774],[34.969,65.728],[34.925,65.702],[34.9,65.706],[34.689,65.81],[34.689,65.728],[34.757,65.713],[34.695,65.686],[34.74,65.662],[34.777,65.597],[34.737,65.583],[34.74,65.544],[34.633,65.487],[34.669,65.479],[34.682,65.453],[34.511,65.456],[34.492,65.441],[34.511,65.412],[34.366,65.419],[34.393,65.398],[34.297,65.385],[34.463,65.364],[34.478,65.349],[34.462,65.316],[34.48,65.281],[34.64,65.241],[34.606,65.227],[34.647,65.224],[34.682,65.2],[34.682,65.183],[34.627,65.172],[34.675,65.152],[34.663,65.127],[34.774,65.1],[34.747,65.066],[34.754,65.055],[34.816,65.043],[34.799,65.021],[34.702,64.98],[34.778,64.967],[34.841,64.919],[34.873,64.918],[34.892,64.875],[34.942,64.858],[34.872,64.802],[34.757,64.774],[34.812,64.754],[34.975,64.771],[35.009,64.743],[34.855,64.714],[34.832,64.698],[34.913,64.662],[34.978,64.612],[34.847,64.56],[34.743,64.556],[34.928,64.525],[35.009,64.494],[34.997,64.472],[34.956,64.452],[35.014,64.423],[35.161,64.38],[35.307,64.372],[35.322,64.362],[35.306,64.343],[35.349,64.296],[35.411,64.287],[35.589,64.322],[35.618,64.34],[35.566,64.406],[35.583,64.411],[35.639,64.384],[35.811,64.342],[35.895,64.296],[35.888,64.268],[35.949,64.24],[35.977,64.199],[36.006,64.193],[36.06,64.218],[36.227,64.136],[36.235,64.125],[36.21,64.103],[36.222,64.075],[36.284,64.046],[36.265,64.024],[36.292,64.01],[36.523,63.971],[36.506,63.941],[36.518,63.872],[36.557,63.77],[36.469,63.676],[36.375,63.645],[35.945,63.62],[35.857,63.599],[36.028,63.474],[36.22,63.416],[36.269,63.301],[36.262,63.236],[36.412,63.206],[36.407,63.19],[36.315,63.156],[36.314,63.115],[36.259,63.032],[36.284,62.996],[36.501,62.826],[36.76,62.718],[37.098,62.652],[37.178,62.655],[37.237,62.681],[37.352,62.684],[37.512,62.638],[37.554,62.513],[37.59,62.462],[37.567,62.388],[37.573,62.361],[37.461,62.274],[37.43,62.237],[37.429,62.213],[37.457,62.201],[37.514,62.215],[37.729,62.2],[37.754,62.136],[37.791,62.092],[37.808,61.998],[37.929,61.962],[37.925,61.929],[37.942,61.896],[37.909,61.859],[37.874,61.762],[37.882,61.718],[37.762,61.648],[37.773,61.522],[37.278,61.501],[37.256,61.54],[37.182,61.544],[36.996,61.594],[36.85,61.541],[36.632,61.553],[36.578,61.529],[36.467,61.407],[35.602,61.188],[35.436,61.162],[35.332,61.18],[35.358,61.267],[35.332,61.287],[35.258,61.254],[34.822,61.278],[34.733,61.321],[34.639,61.279],[34.532,61.266],[34.454,61.221],[34.467,61.19],[34.453,61.163],[34.406,61.147],[34.379,61.156],[34.339,61.202],[34.216,61.242],[33.535,61.221],[33.447,61.168],[33.442,61.151],[33.465,61.123],[33.571,61.074],[33.629,61.076],[33.686,61.118],[33.742,61.124],[33.866,61.088],[33.812,60.991],[33.763,60.95],[33.561,60.967],[33.48,60.999],[33.417,61.0],[33.405,60.977],[33.423,60.936],[33.235,60.893],[33.148,60.83],[33.207,60.807],[33.136,60.78],[33.106,60.746],[32.91,60.724],[32.839,60.669],[32.703,60.646],[29.87,61.176],[29.576,61.171],[29.553,61.177],[29.491,61.239],[29.277,61.305],[29.463,61.414],[29.517,61.475],[29.635,61.511],[29.779,61.593],[29.842,61.66],[29.978,61.728],[30.34,61.992],[30.607,62.151],[30.648,62.193],[30.926,62.302],[30.981,62.359],[31.123,62.435],[31.169,62.476],[31.244,62.503],[31.284,62.573],[31.363,62.652],[31.441,62.789],[31.57,62.906],[31.536,62.92],[31.481,62.986],[31.263,63.101],[31.226,63.196],[31.204,63.213],[30.975,63.289],[30.821,63.376],[30.461,63.473],[30.38,63.532],[30.242,63.582],[30.001,63.715],[29.981,63.742],[30.202,63.793],[30.266,63.831],[30.329,63.896],[30.552,64.022],[30.58,64.051],[30.586,64.085],[30.533,64.163],[30.558,64.22],[30.536,64.235],[30.446,64.251],[30.321,64.318],[30.093,64.361],[30.032,64.397],[30.07,64.472],[29.991,64.504],[29.955,64.569],[30.136,64.615],[30.181,64.643],[30.188,64.662],[30.171,64.682],[30.109,64.72],[30.119,64.768],[30.063,64.784],[29.78,64.796],[29.698,64.839],[29.634,64.907],[29.588,64.991],[29.598,65.034],[29.627,65.062],[29.82,65.094],[29.85,65.122],[29.808,65.135],[29.839,65.167],[29.833,65.205],[29.627,65.215],[29.58,65.235],[29.72,65.329],[29.726,65.492],[29.839,65.565],[29.703,65.629],[30.003,65.678],[30.099,65.656],[30.116,65.687],[30.075,65.823],[29.958,65.974],[29.9,66.108],[29.651,66.288],[29.57,66.378],[29.546,66.432]]],[[[35.943,64.405],[36.045,64.36],[36.006,64.333],[35.953,64.34],[35.857,64.387],[35.856,64.403],[35.883,64.413],[35.943,64.405]]],[[[35.867,65.031],[35.837,64.99],[35.745,64.962],[35.73,64.973],[35.723,65.026],[35.563,65.052],[35.505,65.096],[35.506,65.121],[35.524,65.144],[35.65,65.154],[35.663,65.168],[35.786,65.165],[35.815,65.154],[35.867,65.076],[35.843,65.068],[35.797,65.114],[35.781,65.073],[35.867,65.031]]],[[[36.013,65.052],[36.026,65.037],[36.005,65.027],[35.906,65.022],[35.892,65.041],[35.927,65.054],[36.013,65.052]]],[[[36.211,65.158],[36.261,65.155],[36.236,65.146],[36.066,65.125],[35.942,65.155],[35.95,65.181],[35.99,65.191],[36.059,65.159],[36.211,65.158]]]]}},{"type":"Feature","id":"RU-KEM","properties":{"code":"RU-KEM","name":"Kemerovo Oblast (Kuzbass)","district":"Siberian","country":"RU","special":false},"geometry":{"type":"Polygon","coordinates":[[[88.535,56.783],[88.624,56.833],[88.642,56.825],[88.652,56.742],[88.74,56.719],[88.734,56.696],[88.68,56.677],[88.669,56.638],[88.506,56.62],[88.504,56.584],[88.522,56.551],[88.608,56.537],[88.625,56.517],[88.62,56.478],[88.587,56.456],[88.592,56.444],[88.721,56.379],[88.861,56.366],[88.915,56.346],[88.905,56.312],[89.057,56.302],[89.056,56.21],[89.115,56.197],[89.118,56.148],[89.199,56.135],[89.218,56.098],[89.272,56.069],[89.276,56.054],[89.243,56.044],[89.316,55.961],[89.311,55.914],[89.443,55.876],[89.449,55.862],[89.432,55.842],[89.382,55.833],[89.389,55.802],[89.37,55.775],[89.24,55.754],[89.152,55.698],[89.062,55.693],[88.878,55.621],[88.682,55.516],[88.562,55.388],[88.503,55.341],[88.422,55.306],[88.394,55.273],[88.408,55.241],[88.482,55.193],[88.504,55.122],[88.55,55.083],[88.548,55.017],[88.618,54.967],[88.669,54.967],[88.679,54.939],[88.664,54.881],[88.743,54.895],[88.757,54.833],[88.753,54.805],[88.718,54.764],[88.652,54.763],[88.631,54.747],[88.634,54.712],[88.613,54.697],[88.61,54.608],[88.58,54.578],[88.605,54.527],[88.566,54.496],[88.564,54.463],[88.519,54.416],[88.378,54.389],[88.54,54.341],[88.556,54.292],[88.571,54.287],[88.671,54.326],[88.798,54.407],[88.845,54.416],[88.961,54.364],[88.952,54.32],[89.004,54.29],[89.067,54.335],[89.138,54.351],[89.175,54.335],[89.193,54.316],[89.178,54.277],[89.222,54.25],[89.179,54.195],[89.193,54.15],[89.018,54.107],[88.981,54.065],[89.065,53.955],[89.146,53.958],[89.214,53.941],[89.179,53.895],[89.182,53.872],[89.274,53.849],[89.181,53.781],[89.094,53.78],[89.032,53.753],[89.013,53.73],[89.004,53.668],[88.912,53.625],[88.891,53.6],[88.837,53.588],[88.875,53.549],[88.863,53.48],[88.795,53.431],[88.761,53.365],[88.808,53.348],[88.831,53.371],[88.895,53.387],[88.969,53.346],[89.051,53.249],[89.006,53.192],[89.049,53.13],[89.006,53.08],[88.908,53.033],[88.916,53.016],[88.895,52.987],[88.986,52.951],[89.065,52.954],[89.122,52.916],[89.111,52.867],[89.182,52.866],[89.235,52.804],[89.144,52.73],[89.042,52.706],[89.043,52.678],[89.112,52.631],[89.115,52.598],[89.071,52.586],[88.945,52.488],[88.752,52.406],[88.664,52.344],[88.671,52.329],[88.722,52.313],[88.682,52.251],[88.628,52.243],[88.6,52.221],[88.533,52.216],[88.456,52.172],[88.365,52.168],[88.365,52.309],[88.425,52.357],[88.409,52.383],[88.428,52.436],[88.421,52.454],[88.316,52.447],[88.208,52.414],[88.056,52.497],[87.924,52.548],[87.866,52.542],[87.828,52.508],[87.636,52.45],[87.579,52.487],[87.378,52.509],[87.35,52.595],[87.168,52.591],[87.187,52.635],[87.168,52.719],[87.109,52.726],[87.08,52.709],[87.045,52.766],[86.988,52.789],[86.944,52.855],[87.023,52.916],[87.023,53.001],[87.07,53.032],[87.077,53.075],[86.927,53.084],[86.879,53.121],[86.782,53.157],[86.757,53.185],[86.699,53.2],[86.667,53.25],[86.723,53.245],[86.869,53.298],[86.989,53.415],[86.923,53.446],[87.014,53.477],[87.005,53.508],[86.799,53.474],[86.676,53.495],[86.569,53.538],[86.513,53.602],[86.455,53.614],[86.395,53.695],[86.406,53.751],[86.385,53.785],[86.292,53.876],[86.22,53.894],[86.189,53.95],[86.139,53.988],[85.944,54.04],[85.811,54.126],[85.706,54.16],[85.603,54.234],[85.449,54.204],[85.16,54.487],[85.079,54.469],[84.948,54.604],[85.043,54.662],[85.001,54.714],[84.952,54.721],[84.942,54.737],[85.011,54.762],[85.032,54.805],[85.069,54.833],[85.076,54.868],[85.02,54.891],[84.974,54.948],[84.909,54.961],[84.883,54.985],[84.905,55.043],[84.916,55.165],[84.823,55.246],[84.866,55.295],[84.875,55.389],[84.843,55.403],[84.715,55.391],[84.635,55.409],[84.761,55.455],[84.722,55.5],[84.761,55.515],[84.771,55.54],[84.701,55.669],[84.642,55.674],[84.551,55.723],[84.551,55.736],[84.631,55.768],[84.586,55.801],[84.611,55.817],[84.606,55.841],[84.506,55.868],[84.526,55.933],[84.501,55.954],[84.572,55.963],[84.534,55.995],[84.544,56.026],[84.529,56.042],[84.41,56.044],[84.893,56.17],[84.938,56.175],[84.991,56.15],[85.001,56.13],[85.076,56.147],[85.13,56.222],[85.254,56.245],[85.379,56.213],[85.688,56.239],[85.665,56.263],[85.573,56.285],[85.585,56.315],[85.8,56.365],[85.781,56.402],[85.854,56.44],[85.926,56.433],[85.989,56.454],[86.002,56.485],[86.106,56.492],[86.13,56.544],[86.176,56.556],[86.217,56.624],[86.313,56.627],[86.377,56.587],[86.398,56.548],[86.532,56.569],[86.696,56.634],[86.784,56.606],[86.837,56.615],[86.869,56.596],[86.855,56.573],[86.868,56.564],[86.928,56.556],[86.971,56.57],[87.03,56.536],[87.13,56.54],[87.179,56.6],[87.138,56.654],[87.167,56.676],[87.334,56.642],[87.385,56.614],[87.503,56.652],[87.62,56.64],[87.788,56.546],[88.392,56.826],[88.535,56.783]]]}},{"type":"Feature","id":"RU-KK","properties":{"code":"RU-KK","name":"Republic of Khakassia","district":"Siberian","country":"RU","special":false},"geometry":{"type":"Polygon","coordinates":[[[88.627,54.967],[88.548,55.017],[88.55,55.083],[88.504,55.122],[88.482,55.193],[88.408,55.241],[88.393,55.268],[88.422,55.306],[88.503,55.341],[88.562,55.388],[88.609,55.446],[88.691,55.411],[88.76,55.344],[88.822,55.347],[88.877,55.31],[88.95,55.289],[88.97,55.231],[88.966,55.185],[89.067,55.132],[89.038,55.084],[89.147,55.076],[89.201,54.99],[89.347,55.0],[89.392,54.974],[89.425,54.986],[89.447,55.039],[89.567,55.058],[89.658,55.003],[89.729,55.034],[89.826,55.049],[89.904,55.086],[90.007,55.098],[90.055,55.089],[90.129,55.105],[90.147,55.137],[90.196,55.151],[90.237,55.106],[90.229,55.066],[90.262,55.05],[90.366,55.047],[90.436,55.016],[90.483,54.928],[90.448,54.895],[90.458,54.871],[90.685,54.905],[90.723,54.871],[90.715,54.831],[90.84,54.839],[90.915,54.791],[90.855,54.627],[91.159,54.488],[91.187,54.439],[91.21,54.338],[91.252,54.275],[91.464,54.057],[91.465,53.966],[91.422,53.893],[91.327,53.817],[91.333,53.758],[91.454,53.606],[91.472,53.567],[91.47,53.514],[91.55,53.48],[91.653,53.481],[91.744,53.447],[91.846,53.352],[91.841,53.288],[91.66,53.158],[91.574,53.122],[91.512,53.106],[91.422,53.108],[91.351,53.077],[91.408,52.947],[91.396,52.868],[91.326,52.799],[91.242,52.747],[91.038,52.66],[90.996,52.601],[90.899,52.577],[90.7,52.458],[90.477,52.183],[90.35,52.192],[90.216,52.138],[90.129,52.135],[90.119,52.044],[90.028,51.984],[90.058,51.841],[90.105,51.768],[90.101,51.751],[90.036,51.736],[89.965,51.761],[89.73,51.582],[89.601,51.553],[89.421,51.605],[89.336,51.593],[89.287,51.551],[89.242,51.552],[89.213,51.578],[89.232,51.65],[89.206,51.659],[89.06,51.628],[89.033,51.6],[88.736,51.559],[88.654,51.532],[88.665,51.424],[88.596,51.388],[88.553,51.336],[88.508,51.316],[88.364,51.32],[88.262,51.36],[88.171,51.367],[88.12,51.395],[88.106,51.432],[88.074,51.452],[87.976,51.487],[87.933,51.475],[87.91,51.49],[87.862,51.549],[87.973,51.602],[87.984,51.649],[88.086,51.714],[88.106,51.761],[88.085,51.777],[87.983,51.756],[87.911,51.791],[87.849,51.772],[87.839,51.811],[87.971,51.922],[87.982,51.966],[88.035,51.993],[88.058,52.021],[88.058,52.053],[88.095,52.087],[88.133,52.097],[88.201,52.056],[88.249,52.063],[88.264,52.069],[88.238,52.095],[88.242,52.111],[88.33,52.125],[88.365,52.168],[88.456,52.172],[88.533,52.216],[88.6,52.221],[88.628,52.243],[88.682,52.251],[88.722,52.313],[88.671,52.329],[88.664,52.344],[88.752,52.406],[88.945,52.488],[89.071,52.586],[89.115,52.598],[89.112,52.631],[89.043,52.678],[89.042,52.706],[89.144,52.73],[89.236,52.81],[89.177,52.868],[89.111,52.867],[89.122,52.916],[89.065,52.954],[88.986,52.951],[88.895,52.987],[88.916,53.016],[88.908,53.033],[89.006,53.08],[89.051,53.136],[89.006,53.192],[89.053,53.244],[88.969,53.346],[88.889,53.388],[88.831,53.371],[88.808,53.348],[88.761,53.365],[88.795,53.431],[88.863,53.48],[88.875,53.549],[88.837,53.588],[88.891,53.6],[88.912,53.625],[89.004,53.668],[89.013,53.73],[89.032,53.753],[89.094,53.78],[89.181,53.781],[89.274,53.849],[89.182,53.872],[89.179,53.895],[89.214,53.941],[89.146,53.958],[89.065,53.955],[88.981,54.065],[89.018,54.107],[89.193,54.15],[89.179,54.195],[89.222,54.25],[89.178,54.277],[89.19,54.322],[89.129,54.35],[89.06,54.332],[89.004,54.29],[88.952,54.32],[88.961,54.364],[88.845,54.416],[88.798,54.407],[88.671,54.326],[88.561,54.288],[88.54,54.341],[88.378,54.389],[88.531,54.423],[88.564,54.463],[88.566,54.496],[88.605,54.527],[88.58,54.578],[88.61,54.608],[88.613,54.697],[88.634,54.712],[88.631,54.747],[88.652,54.763],[88.718,54.764],[88.753,54.805],[88.748,54.89],[88.729,54.897],[88.668,54.877],[88.66,54.903],[88.677,54.957],[88.627,54.967]]]}},{"type":"Feature","id":"RU-KHM","properties":{"code":"RU-KHM","name":"Khanty-Mansi AO - Yugra","district":"Ural","country":"RU","special":false},"geometry":{"type":"Polygon","coordinates":[[[59.673,61.935],[59.512,61.974],[59.404,62.108],[59.408,62.147],[59.481,62.24],[59.507,62.307],[59.565,62.335],[59.603,62.376],[59.591,62.426],[59.644,62.51],[59.511,62.548],[59.441,62.631],[59.399,62.718],[59.399,62.746],[59.454,62.777],[59.477,62.907],[59.424,62.944],[59.285,62.965],[59.238,63.016],[59.223,63.072],[59.292,63.124],[59.298,63.138],[59.262,63.199],[59.334,63.286],[59.287,63.337],[59.349,63.364],[59.319,63.398],[59.421,63.49],[59.494,63.611],[59.514,63.774],[59.568,63.835],[59.573,63.927],[59.77,64.0],[59.838,64.08],[59.856,64.131],[59.848,64.152],[59.734,64.153],[59.588,64.233],[59.583,64.282],[59.634,64.336],[59.611,64.381],[59.606,64.454],[59.482,64.487],[59.512,64.528],[59.58,64.568],[59.614,64.622],[59.704,64.668],[59.641,64.719],[59.651,64.778],[59.75,64.859],[59.889,64.901],[60.028,65.006],[60.147,65.065],[60.305,65.071],[60.42,65.053],[60.443,65.007],[60.601,64.937],[60.615,64.899],[60.645,64.891],[60.78,64.999],[60.808,65.044],[60.979,65.048],[61.086,65.127],[61.107,65.161],[61.241,65.192],[61.256,65.231],[61.331,65.282],[61.254,65.319],[61.407,65.391],[61.495,65.489],[61.583,65.549],[61.692,65.579],[61.871,65.699],[62.018,65.717],[62.278,65.623],[62.325,65.541],[62.411,65.515],[62.374,65.449],[62.481,65.349],[62.817,65.292],[62.801,65.051],[62.78,65.0],[62.687,64.918],[62.678,64.891],[62.684,64.873],[62.786,64.854],[62.81,64.836],[62.825,64.805],[62.786,64.785],[62.806,64.735],[62.744,64.693],[62.593,64.64],[62.586,64.605],[62.536,64.555],[62.688,64.494],[62.833,64.498],[62.9,64.477],[62.961,64.503],[63.237,64.524],[63.382,64.464],[63.463,64.455],[63.505,64.375],[63.413,64.328],[63.488,64.289],[63.611,64.268],[63.878,64.283],[63.899,64.291],[63.904,64.316],[64.002,64.356],[64.477,64.36],[64.601,64.437],[64.761,64.427],[64.995,64.466],[65.176,64.446],[65.4,64.571],[65.883,64.569],[66.019,64.595],[66.146,64.586],[66.466,64.512],[66.485,64.529],[66.682,64.557],[66.88,64.516],[66.936,64.487],[66.939,64.443],[66.887,64.378],[66.796,64.326],[66.797,64.257],[66.819,64.226],[66.888,64.198],[67.171,64.163],[67.166,64.125],[67.258,64.117],[67.281,64.081],[67.398,64.097],[67.454,64.068],[67.481,64.087],[67.575,64.071],[67.679,64.079],[67.799,64.032],[67.926,64.116],[68.012,64.123],[68.179,64.176],[68.207,64.208],[68.425,64.296],[68.687,64.256],[68.831,64.218],[68.882,64.223],[68.889,64.269],[68.99,64.33],[68.859,64.436],[69.015,64.472],[69.118,64.455],[69.231,64.47],[69.39,64.389],[69.733,64.394],[69.825,64.341],[70.0,64.316],[70.098,64.318],[70.224,64.35],[70.307,64.344],[70.473,64.252],[70.672,64.237],[70.769,64.194],[70.789,64.151],[70.776,64.114],[70.559,64.0],[70.629,63.942],[70.644,63.897],[70.819,63.816],[70.914,63.692],[71.203,63.693],[71.388,63.675],[71.551,63.59],[71.569,63.551],[71.608,63.185],[71.805,63.219],[71.988,63.202],[72.161,63.299],[72.655,63.28],[72.832,63.34],[72.907,63.393],[73.104,63.436],[73.196,63.389],[73.187,63.374],[73.284,63.315],[73.368,63.207],[73.507,63.185],[74.241,63.172],[74.507,63.043],[74.915,63.032],[75.028,63.062],[75.15,63.062],[75.364,63.108],[75.592,63.09],[75.861,63.111],[75.94,63.08],[76.24,63.019],[76.297,62.95],[76.623,63.038],[76.688,63.039],[76.824,62.992],[77.026,62.975],[77.158,62.791],[77.327,62.71],[77.889,62.557],[77.967,62.478],[78.015,62.461],[78.379,62.568],[78.523,62.57],[78.793,62.615],[79.82,62.604],[79.849,62.614],[79.903,62.701],[79.915,62.792],[80.087,62.83],[80.283,62.904],[80.307,62.928],[80.411,62.945],[80.476,62.988],[80.553,63.001],[80.58,63.031],[80.584,63.083],[81.115,63.116],[81.131,63.048],[81.175,62.972],[81.321,62.885],[81.339,62.826],[81.6,62.773],[81.635,62.734],[81.784,62.688],[81.84,62.692],[82.073,62.8],[82.165,62.809],[82.317,62.77],[82.47,62.779],[82.749,62.754],[82.76,62.738],[82.741,62.68],[82.758,62.67],[83.01,62.595],[83.027,62.577],[83.02,62.543],[83.034,62.53],[83.283,62.461],[83.311,62.457],[83.533,62.525],[83.56,62.504],[83.591,62.505],[83.75,62.56],[83.798,62.56],[83.943,62.484],[83.98,62.42],[84.019,62.397],[84.096,62.375],[84.243,62.373],[84.283,62.327],[84.289,62.276],[84.404,62.23],[84.551,62.001],[84.519,61.94],[84.538,61.912],[84.641,61.872],[84.69,61.81],[84.828,61.787],[84.919,61.797],[85.001,61.785],[85.158,61.708],[85.273,61.683],[85.376,61.701],[85.48,61.628],[85.722,61.575],[85.854,61.595],[85.963,61.545],[85.974,61.508],[85.968,61.475],[85.95,61.465],[85.771,61.443],[85.644,61.388],[85.642,61.357],[85.702,61.306],[85.671,61.289],[84.623,61.0],[84.26,60.856],[83.989,60.827],[83.616,60.982],[83.504,61.047],[83.144,61.028],[82.407,60.723],[82.386,60.698],[82.381,60.612],[82.165,60.526],[81.906,60.63],[81.83,60.645],[81.545,60.631],[81.498,60.615],[81.141,60.637],[81.061,60.68],[81.028,60.755],[80.723,60.797],[80.624,60.769],[80.428,60.765],[80.186,60.665],[79.853,60.692],[79.503,60.687],[79.374,60.662],[79.285,60.721],[79.289,60.77],[79.312,60.801],[79.185,60.838],[78.976,60.825],[78.907,60.788],[78.806,60.78],[78.688,60.829],[78.474,60.777],[78.121,60.802],[77.92,60.747],[77.702,60.825],[77.562,60.829],[77.408,60.811],[77.105,60.852],[77.087,60.833],[77.068,60.726],[76.994,60.736],[76.971,60.71],[76.97,60.649],[77.034,60.628],[77.054,60.578],[77.047,60.559],[77.013,60.527],[76.806,60.471],[76.78,60.452],[76.753,60.377],[76.749,60.347],[76.818,60.33],[76.848,60.266],[76.781,60.173],[76.694,60.113],[76.757,60.066],[76.739,59.936],[76.741,59.758],[76.728,59.729],[76.656,59.693],[76.645,59.585],[76.44,59.545],[76.172,59.543],[75.996,59.422],[75.895,59.426],[75.819,59.295],[75.628,59.238],[75.687,59.04],[75.642,58.982],[75.373,58.786],[75.161,58.678],[75.159,58.65],[75.009,58.717],[74.899,58.696],[74.823,58.736],[74.743,58.748],[74.1,58.739],[73.979,58.806],[73.866,58.824],[73.756,58.809],[73.633,58.854],[73.444,58.818],[73.032,58.863],[73.093,58.952],[72.95,59.017],[72.944,59.032],[72.976,59.099],[72.926,59.144],[72.863,59.157],[72.647,59.106],[72.524,59.155],[72.444,59.226],[72.449,59.289],[72.437,59.303],[72.071,59.512],[72.016,59.559],[71.882,59.573],[71.777,59.648],[71.296,59.799],[71.188,59.909],[71.12,59.9],[71.017,59.823],[70.986,59.819],[70.798,59.863],[70.399,59.817],[70.248,59.84],[70.155,59.9],[69.616,59.905],[69.571,59.918],[69.535,59.985],[69.306,59.989],[69.133,59.945],[69.071,59.897],[69.274,59.82],[69.299,59.798],[69.295,59.783],[68.844,59.621],[68.632,59.572],[68.571,59.574],[68.358,59.283],[68.195,59.242],[67.87,59.21],[67.742,59.212],[67.564,59.093],[67.264,59.02],[67.071,58.925],[66.966,58.975],[66.779,58.932],[66.762,58.907],[66.786,58.72],[66.773,58.683],[66.38,58.589],[66.252,58.614],[65.935,58.614],[65.669,58.663],[65.382,58.919],[65.2,59.215],[65.099,59.237],[65.07,59.263],[65.051,59.313],[65.019,59.333],[64.324,59.411],[64.029,59.395],[63.841,59.463],[63.82,59.49],[63.796,59.792],[63.7,59.994],[63.644,60.049],[63.638,60.123],[63.6,60.153],[63.396,60.166],[63.198,60.231],[63.228,60.276],[63.22,60.301],[63.091,60.46],[62.881,60.64],[62.834,60.749],[62.76,60.859],[62.778,60.917],[62.86,61.001],[62.62,61.211],[62.42,61.305],[61.933,61.404],[61.9,61.434],[61.165,61.683],[60.971,61.706],[60.759,61.704],[60.431,61.747],[60.057,61.721],[59.978,61.757],[59.968,61.852],[59.991,61.889],[59.984,61.903],[59.779,61.952],[59.673,61.935]]]}},{"type":"Feature","id":"RU-KIR","properties":{"code":"RU-KIR","name":"Kirov Oblast","district":"Volga","country":"RU","special":false},"geometry":{"type":"Polygon","coordinates":[[[50.43,56.589],[50.403,56.636],[50.325,56.676],[50.307,56.674],[50.32,56.654],[50.306,56.642],[50.202,56.659],[50.159,56.617],[50.072,56.623],[50.101,56.792],[50.067,56.797],[50.061,56.838],[50.017,56.864],[49.742,56.9],[49.725,56.936],[49.759,56.97],[49.723,56.999],[49.708,57.072],[49.529,57.073],[49.502,57.055],[49.428,57.051],[49.411,57.025],[49.264,57.048],[49.231,57.083],[49.228,57.125],[49.144,57.16],[49.142,57.181],[49.179,57.209],[49.183,57.248],[49.213,57.291],[49.185,57.33],[49.013,57.277],[49.008,57.234],[49.046,57.212],[49.01,57.187],[48.995,57.129],[48.954,57.086],[48.846,57.094],[48.861,57.121],[48.831,57.161],[48.759,57.172],[48.694,57.175],[48.64,57.154],[48.569,57.172],[48.435,57.127],[48.38,57.13],[48.363,57.152],[48.301,57.165],[48.195,57.12],[48.244,57.1],[48.227,57.083],[48.168,57.074],[48.202,57.028],[48.131,57.0],[48.04,56.997],[47.993,57.012],[47.974,56.98],[47.933,57.006],[47.915,56.982],[47.831,57.005],[47.814,57.039],[47.782,57.057],[47.735,57.055],[47.73,57.042],[47.76,57.013],[47.691,57.011],[47.615,56.973],[47.561,56.92],[47.513,56.9],[47.499,56.853],[47.428,56.877],[47.381,56.855],[47.159,56.816],[47.129,56.836],[47.165,56.849],[47.161,56.901],[47.085,56.931],[47.039,56.921],[46.936,56.946],[46.823,56.93],[46.705,56.944],[46.733,56.954],[46.715,56.966],[46.751,56.978],[46.713,57.012],[46.765,57.035],[46.76,57.129],[46.734,57.2],[46.834,57.2],[46.845,57.229],[46.808,57.242],[46.783,57.29],[46.695,57.32],[46.68,57.351],[46.75,57.385],[46.7,57.393],[46.701,57.419],[46.798,57.462],[46.749,57.522],[47.037,57.495],[47.261,57.569],[47.471,57.529],[47.487,57.576],[47.521,57.586],[47.535,57.616],[47.545,57.657],[47.53,57.7],[47.573,57.744],[47.559,57.771],[47.566,57.803],[47.612,57.839],[47.762,57.876],[47.767,57.9],[47.703,57.958],[47.622,57.956],[47.452,57.987],[47.354,58.026],[46.518,58.036],[46.43,58.02],[46.341,58.075],[46.343,58.099],[46.313,58.111],[46.363,58.188],[46.413,58.214],[46.414,58.308],[46.48,58.338],[46.416,58.35],[46.416,58.361],[46.541,58.397],[46.591,58.438],[46.593,58.451],[46.552,58.483],[46.587,58.518],[46.593,58.561],[46.633,58.581],[46.687,58.567],[47.0,58.62],[47.012,58.638],[47.008,58.693],[47.107,58.769],[47.139,58.775],[47.222,58.75],[47.26,58.756],[47.317,58.798],[47.284,58.823],[47.299,58.859],[47.282,58.893],[47.3,58.913],[47.384,58.907],[47.452,58.921],[47.473,58.907],[47.469,58.886],[47.581,58.898],[47.604,58.913],[47.55,58.998],[47.571,59.06],[47.457,59.125],[47.442,59.164],[47.387,59.151],[47.239,59.22],[47.231,59.247],[47.252,59.355],[47.056,59.379],[47.134,59.725],[47.087,59.762],[46.935,59.789],[46.922,59.818],[47.035,60.117],[46.909,60.125],[46.831,60.073],[46.599,60.069],[46.506,60.105],[46.368,60.121],[46.375,60.144],[46.352,60.209],[46.303,60.251],[46.428,60.271],[46.75,60.261],[46.81,60.323],[46.806,60.343],[46.829,60.374],[46.821,60.392],[46.876,60.475],[46.862,60.513],[46.966,60.559],[47.049,60.575],[47.024,60.601],[47.021,60.639],[46.96,60.666],[47.019,60.716],[47.084,60.819],[47.043,60.854],[47.08,60.868],[47.104,60.956],[47.194,61.0],[47.196,61.048],[47.568,61.059],[47.873,61.002],[47.958,61.007],[47.984,60.896],[48.419,60.854],[48.538,60.598],[48.538,60.564],[48.486,60.525],[48.504,60.514],[48.511,60.481],[48.612,60.436],[48.547,60.415],[48.644,60.395],[48.677,60.405],[48.754,60.367],[48.692,60.304],[48.497,60.218],[48.457,60.187],[48.456,60.115],[48.496,59.96],[48.508,59.715],[48.562,59.699],[49.073,59.66],[49.043,59.488],[49.091,59.484],[49.137,59.508],[49.296,59.466],[49.363,59.416],[49.535,59.395],[49.51,59.247],[49.664,59.208],[49.776,59.219],[49.795,59.233],[49.822,59.364],[49.799,59.386],[49.825,59.477],[49.792,59.495],[49.79,59.513],[49.845,59.654],[50.047,59.685],[49.958,59.744],[49.983,59.772],[50.236,59.756],[50.286,59.81],[50.386,59.84],[50.655,59.865],[50.811,59.863],[51.075,60.061],[51.176,60.06],[51.307,60.028],[51.421,59.943],[51.533,59.949],[51.802,60.115],[51.845,60.183],[51.924,60.262],[52.042,60.314],[52.454,60.201],[53.358,60.166],[53.457,60.205],[53.608,60.143],[53.707,60.001],[53.658,59.824],[53.623,59.754],[53.592,59.709],[53.423,59.684],[53.354,59.501],[53.206,59.364],[53.227,59.298],[53.335,59.185],[53.403,59.15],[53.498,59.148],[53.716,59.094],[53.693,59.122],[53.754,59.141],[53.803,59.116],[53.851,59.114],[53.877,59.093],[53.845,59.068],[53.84,59.033],[53.761,59.017],[53.726,58.939],[53.726,58.917],[53.772,58.857],[53.821,58.821],[53.922,58.783],[53.771,58.716],[53.747,58.69],[53.751,58.649],[53.706,58.613],[53.785,58.44],[53.637,58.435],[53.498,58.45],[53.389,58.401],[53.321,58.389],[53.165,58.456],[53.118,58.544],[53.024,58.526],[52.921,58.534],[52.9,58.512],[52.87,58.411],[52.329,58.45],[52.273,58.475],[52.179,58.49],[51.971,58.464],[51.796,58.361],[51.791,58.281],[51.742,58.253],[51.673,58.172],[51.713,58.136],[51.766,58.141],[51.792,58.127],[51.821,58.085],[51.794,58.036],[51.889,57.979],[51.841,57.905],[51.837,57.852],[51.921,57.825],[51.926,57.759],[51.872,57.724],[51.873,57.679],[51.852,57.631],[51.754,57.576],[51.742,57.543],[51.633,57.541],[51.6,57.502],[51.593,57.442],[51.533,57.47],[51.397,57.478],[51.195,57.454],[51.136,57.377],[51.116,57.305],[51.123,57.26],[51.161,57.244],[51.193,57.203],[51.185,57.161],[51.242,57.142],[51.216,57.11],[51.227,57.067],[51.325,57.001],[51.314,56.977],[51.325,56.947],[51.54,56.883],[51.453,56.789],[51.4,56.767],[51.405,56.726],[51.379,56.68],[51.197,56.667],[51.173,56.562],[51.195,56.53],[51.138,56.5],[51.202,56.439],[51.291,56.436],[51.297,56.396],[51.323,56.372],[51.32,56.329],[51.417,56.29],[51.418,56.27],[51.375,56.234],[51.462,56.217],[51.429,56.184],[51.436,56.144],[51.335,56.118],[51.313,56.073],[51.285,56.094],[51.224,56.1],[51.193,56.141],[51.124,56.148],[51.073,56.131],[50.954,56.205],[50.84,56.241],[50.859,56.273],[50.908,56.296],[50.869,56.336],[50.875,56.36],[50.851,56.39],[50.767,56.404],[50.779,56.358],[50.73,56.33],[50.583,56.359],[50.624,56.399],[50.57,56.402],[50.547,56.421],[50.5,56.48],[50.497,56.511],[50.452,56.55],[50.489,56.613],[50.459,56.616],[50.43,56.589]]]}},{"type":"Feature","id":"RU-KO","properties":{"code":"RU-KO","name":"Komi Republic","district":"Northwestern","country":"RU","special":false},"geometry":{"type":"Polygon","coordinates":[[[59.485,61.993],[59.338,61.845],[59.34,61.802],[59.392,61.758],[59.349,61.682],[59.146,61.631],[59.015,61.549],[58.947,61.558],[58.846,61.515],[58.692,61.503],[57.204,61.511],[57.086,61.488],[56.676,61.522],[56.648,61.501],[56.599,61.496],[56.538,61.431],[56.391,61.42],[56.321,61.333],[56.337,61.284],[56.287,61.209],[55.83,61.249],[55.716,61.088],[55.288,61.121],[55.199,61.009],[55.062,61.009],[54.98,60.864],[53.853,60.98],[53.804,60.85],[53.354,60.893],[53.339,60.91],[53.381,61.015],[53.372,61.029],[52.876,61.094],[52.79,60.949],[52.431,60.978],[52.355,60.844],[51.901,60.882],[51.777,60.601],[52.134,60.547],[52.146,60.54],[52.138,60.473],[52.26,60.458],[52.324,60.432],[52.346,60.385],[52.298,60.242],[52.061,60.317],[51.996,60.298],[51.9,60.244],[51.802,60.115],[51.521,59.946],[51.421,59.943],[51.307,60.028],[51.176,60.06],[51.075,60.061],[50.811,59.863],[50.655,59.865],[50.386,59.84],[50.286,59.81],[50.236,59.756],[49.983,59.772],[49.958,59.744],[50.047,59.685],[49.845,59.654],[49.79,59.513],[49.792,59.495],[49.825,59.477],[49.799,59.386],[49.822,59.364],[49.795,59.233],[49.694,59.209],[49.587,59.219],[49.51,59.247],[49.535,59.395],[49.363,59.416],[49.296,59.466],[49.137,59.508],[49.091,59.484],[49.043,59.488],[49.073,59.66],[48.562,59.699],[48.508,59.715],[48.496,59.96],[48.456,60.115],[48.457,60.187],[48.497,60.218],[48.692,60.304],[48.755,60.361],[48.684,60.403],[48.644,60.395],[48.547,60.415],[48.612,60.436],[48.511,60.481],[48.504,60.514],[48.486,60.525],[48.538,60.564],[48.538,60.598],[48.419,60.854],[48.446,60.984],[48.509,61.048],[48.889,61.141],[48.949,61.12],[49.098,61.175],[49.281,61.174],[49.314,61.188],[49.461,61.586],[49.417,61.618],[49.097,61.658],[49.052,61.691],[49.216,62.097],[49.272,62.106],[49.265,62.141],[49.35,62.137],[49.369,62.149],[49.609,62.77],[48.875,62.829],[48.714,62.816],[48.657,62.707],[48.366,62.729],[48.334,62.704],[48.235,62.464],[48.257,62.429],[48.302,62.403],[48.291,62.322],[47.751,62.322],[47.65,62.297],[47.621,62.185],[47.413,62.193],[47.398,62.221],[47.405,62.29],[47.386,62.32],[47.235,62.351],[47.238,62.636],[47.083,62.84],[47.436,62.973],[47.516,63.037],[47.555,63.148],[47.384,63.161],[47.275,63.209],[47.091,63.246],[46.947,63.342],[46.937,63.352],[46.962,63.403],[46.952,63.448],[47.026,63.531],[47.021,63.559],[46.97,63.64],[46.819,63.747],[46.436,63.888],[46.11,63.946],[45.884,63.964],[45.593,64.064],[45.427,64.172],[45.442,64.188],[45.825,64.284],[46.323,64.265],[46.611,64.327],[48.116,64.348],[48.131,64.335],[48.134,64.288],[48.196,64.239],[48.408,64.224],[48.449,64.25],[48.498,64.343],[48.518,64.356],[48.84,64.357],[48.95,64.491],[49.45,64.463],[49.595,64.591],[50.315,64.512],[50.348,64.538],[50.467,64.792],[50.16,64.847],[50.063,64.89],[49.637,65.274],[49.567,65.292],[48.999,65.24],[49.006,66.119],[51.51,66.783],[51.549,66.798],[51.482,66.828],[51.513,66.868],[51.495,66.907],[51.525,66.928],[51.675,66.927],[51.756,66.954],[51.811,66.954],[51.847,67.002],[52.021,67.028],[52.155,67.086],[53.772,66.999],[59.918,67.002],[59.872,66.971],[59.919,66.954],[60.082,66.99],[61.625,67.012],[61.689,67.026],[61.731,67.078],[61.851,67.126],[62.821,67.388],[62.85,67.436],[62.871,67.58],[63.105,67.675],[63.294,67.717],[63.328,67.746],[63.422,67.768],[63.69,67.762],[63.705,67.769],[63.697,67.798],[63.709,67.81],[63.871,67.836],[63.947,67.894],[63.912,67.926],[63.916,67.961],[63.843,68.001],[63.834,68.028],[64.325,68.134],[64.346,68.158],[64.342,68.175],[64.417,68.201],[64.53,68.2],[64.524,68.278],[64.494,68.315],[64.556,68.358],[64.761,68.406],[65.006,68.389],[65.033,68.405],[65.48,68.43],[65.274,68.23],[65.296,68.138],[65.331,68.091],[65.29,68.012],[65.437,67.92],[65.567,67.934],[65.78,67.924],[65.911,67.961],[66.0,67.933],[66.09,67.93],[66.093,67.905],[66.059,67.879],[66.02,67.798],[66.198,67.74],[66.206,67.693],[66.105,67.647],[66.0,67.678],[65.852,67.654],[65.824,67.63],[65.859,67.606],[65.796,67.568],[65.836,67.555],[66.041,67.572],[66.097,67.522],[66.11,67.489],[66.008,67.416],[65.937,67.393],[65.702,67.389],[65.678,67.369],[65.713,67.34],[65.662,67.311],[65.589,67.296],[65.554,67.268],[65.422,67.215],[65.328,67.199],[65.234,67.149],[65.19,67.145],[65.216,67.076],[65.078,67.042],[65.106,67.001],[65.116,66.908],[65.105,66.895],[64.999,66.865],[64.937,66.869],[64.85,66.837],[64.576,66.798],[64.534,66.728],[64.413,66.724],[64.295,66.663],[63.981,66.651],[63.809,66.547],[63.655,66.519],[63.541,66.471],[63.415,66.48],[63.404,66.452],[63.297,66.395],[63.282,66.36],[63.242,66.328],[63.241,66.313],[63.303,66.274],[63.295,66.239],[63.161,66.265],[63.105,66.25],[63.013,66.195],[62.98,66.162],[62.963,66.115],[62.862,66.075],[62.853,66.041],[62.821,66.012],[62.884,65.98],[62.803,65.931],[62.854,65.892],[62.851,65.873],[62.523,65.839],[62.132,65.728],[61.871,65.699],[61.692,65.579],[61.583,65.549],[61.495,65.489],[61.407,65.391],[61.254,65.319],[61.331,65.282],[61.256,65.231],[61.241,65.192],[61.107,65.161],[61.086,65.127],[60.979,65.048],[60.808,65.044],[60.78,64.999],[60.645,64.891],[60.615,64.899],[60.601,64.937],[60.443,65.007],[60.42,65.053],[60.305,65.071],[60.147,65.065],[60.028,65.006],[59.889,64.901],[59.75,64.859],[59.655,64.783],[59.641,64.719],[59.704,64.668],[59.614,64.622],[59.58,64.568],[59.512,64.528],[59.482,64.487],[59.606,64.454],[59.611,64.381],[59.634,64.336],[59.583,64.282],[59.588,64.233],[59.734,64.153],[59.848,64.152],[59.856,64.131],[59.838,64.08],[59.77,64.0],[59.573,63.927],[59.568,63.835],[59.514,63.774],[59.494,63.611],[59.421,63.49],[59.319,63.398],[59.349,63.364],[59.287,63.337],[59.334,63.286],[59.262,63.199],[59.298,63.138],[59.292,63.124],[59.223,63.072],[59.238,63.016],[59.285,62.965],[59.424,62.944],[59.477,62.907],[59.454,62.777],[59.399,62.746],[59.399,62.718],[59.441,62.631],[59.511,62.548],[59.644,62.51],[59.591,62.426],[59.603,62.376],[59.565,62.335],[59.507,62.307],[59.481,62.24],[59.402,62.132],[59.404,62.108],[59.485,61.993]]]}},{"type":"Feature","id":"RU-KOS","properties":{"code":"RU-KOS","name":"Kostroma Oblast","district":"Central","country":"RU","special":false},"geometry":{"type":"Polygon","coordinates":[[[40.607,57.539],[40.665,57.589],[40.623,57.655],[40.623,57.841],[40.599,57.891],[40.608,57.927],[40.702,57.984],[40.755,58.061],[40.885,58.126],[40.871,58.169],[40.881,58.194],[40.939,58.207],[40.976,58.267],[41.086,58.307],[41.164,58.361],[41.075,58.396],[41.063,58.47],[41.019,58.491],[41.034,58.522],[40.926,58.579],[40.93,58.593],[41.031,58.627],[41.22,58.73],[41.134,58.799],[41.178,58.823],[41.183,58.85],[41.247,58.877],[41.239,58.906],[41.168,58.906],[41.168,58.955],[41.277,58.986],[41.341,58.957],[41.522,59.037],[41.687,59.08],[41.744,59.121],[41.875,59.086],[41.932,59.113],[42.026,59.122],[42.077,59.16],[42.09,59.23],[41.973,59.265],[41.958,59.29],[41.994,59.313],[42.003,59.382],[42.049,59.427],[42.182,59.397],[42.19,59.309],[42.284,59.262],[42.318,59.269],[42.345,59.297],[42.601,59.316],[42.653,59.292],[42.669,59.269],[42.652,59.248],[42.671,59.228],[42.741,59.218],[42.8,59.17],[42.841,59.175],[42.854,59.162],[42.902,59.195],[43.026,59.208],[43.06,59.245],[43.109,59.261],[43.112,59.29],[43.151,59.261],[43.336,59.212],[43.359,59.223],[43.334,59.256],[43.341,59.271],[43.493,59.297],[43.5,59.259],[43.52,59.242],[43.501,59.19],[43.526,59.169],[43.673,59.242],[43.742,59.26],[43.936,59.207],[44.146,59.227],[44.171,59.22],[44.197,59.176],[44.332,59.138],[44.391,59.153],[44.991,59.122],[45.029,59.124],[45.066,59.182],[45.314,59.175],[45.366,59.198],[45.45,59.19],[45.491,59.171],[45.526,59.188],[45.644,59.187],[45.692,59.204],[45.763,59.184],[45.952,59.194],[45.973,59.246],[46.029,59.304],[46.143,59.312],[46.171,59.344],[46.356,59.347],[46.373,59.454],[46.366,59.499],[46.406,59.633],[46.757,59.607],[46.875,59.632],[47.114,59.611],[47.056,59.379],[47.252,59.355],[47.231,59.247],[47.239,59.22],[47.387,59.151],[47.442,59.164],[47.457,59.125],[47.571,59.06],[47.55,58.998],[47.604,58.913],[47.581,58.898],[47.469,58.886],[47.473,58.907],[47.452,58.921],[47.384,58.907],[47.3,58.913],[47.282,58.893],[47.299,58.859],[47.284,58.823],[47.317,58.798],[47.26,58.756],[47.222,58.75],[47.139,58.775],[47.107,58.769],[47.008,58.693],[47.012,58.638],[47.0,58.62],[46.687,58.567],[46.633,58.581],[46.593,58.561],[46.587,58.518],[46.552,58.483],[46.593,58.451],[46.584,58.43],[46.541,58.397],[46.458,58.381],[46.411,58.354],[46.48,58.338],[46.414,58.308],[46.413,58.214],[46.363,58.188],[46.314,58.116],[46.343,58.099],[46.341,58.075],[45.828,58.049],[45.731,58.022],[45.691,57.966],[45.563,57.935],[45.462,58.035],[45.294,58.041],[45.192,58.074],[45.017,58.089],[44.863,58.075],[44.802,58.014],[44.792,57.961],[44.865,57.88],[44.738,57.706],[44.567,57.696],[44.487,57.65],[44.471,57.607],[44.343,57.532],[43.995,57.44],[43.846,57.431],[43.727,57.466],[43.705,57.498],[43.538,57.572],[43.58,57.614],[43.576,57.655],[43.477,57.624],[43.419,57.559],[43.312,57.517],[43.295,57.456],[43.264,57.424],[43.193,57.425],[43.207,57.528],[43.186,57.555],[43.207,57.634],[43.168,57.589],[43.18,57.517],[43.158,57.428],[42.973,57.388],[42.853,57.394],[42.818,57.427],[42.829,57.472],[42.87,57.497],[42.826,57.53],[42.861,57.574],[42.847,57.625],[42.855,57.66],[42.776,57.703],[42.726,57.702],[42.65,57.635],[42.51,57.623],[42.414,57.635],[42.353,57.583],[42.18,57.56],[42.169,57.574],[42.026,57.589],[42.006,57.614],[41.948,57.625],[41.902,57.678],[41.796,57.71],[41.761,57.736],[41.63,57.75],[41.601,57.742],[41.567,57.704],[41.6,57.635],[41.609,57.564],[41.604,57.524],[41.56,57.464],[41.444,57.473],[41.399,57.446],[41.312,57.429],[41.17,57.435],[41.159,57.411],[41.062,57.343],[40.872,57.339],[40.658,57.312],[40.602,57.323],[40.524,57.281],[40.445,57.276],[40.426,57.342],[40.437,57.386],[40.4,57.418],[40.45,57.436],[40.387,57.503],[40.412,57.515],[40.49,57.499],[40.451,57.525],[40.44,57.552],[40.504,57.581],[40.544,57.569],[40.577,57.578],[40.585,57.545],[40.607,57.539]]]}},{"type":"Feature","id":"RU-KDA","properties":{"code":"RU-KDA","name":"Krasnodar Krai","district":"Southern","country":"RU","special":false},"geometry":{"type":"Polygon","coordinates":[[[40.52,43.505],[40.233,43.576],[40.097,43.563],[40.059,43.535],[39.986,43.389],[39.963,43.393],[39.91,43.426],[39.868,43.496],[39.718,43.568],[39.691,43.614],[39.619,43.645],[39.458,43.771],[39.329,43.896],[39.116,44.024],[39.012,44.1],[38.978,44.148],[38.856,44.185],[38.758,44.274],[38.595,44.332],[38.217,44.387],[38.178,44.406],[38.108,44.497],[38.063,44.524],[38.056,44.559],[37.985,44.564],[37.928,44.606],[37.936,44.634],[37.875,44.689],[37.778,44.73],[37.822,44.668],[37.8,44.635],[37.737,44.636],[37.632,44.669],[37.577,44.655],[37.499,44.668],[37.371,44.748],[37.292,44.868],[37.311,44.891],[37.306,44.91],[37.192,44.991],[36.84,45.109],[36.702,45.104],[36.641,45.128],[36.577,45.194],[36.73,45.206],[36.962,45.283],[36.97,45.303],[36.947,45.32],[36.789,45.292],[36.758,45.354],[36.776,45.365],[36.803,45.313],[36.812,45.347],[36.848,45.367],[36.782,45.388],[36.728,45.372],[36.668,45.326],[36.705,45.391],[36.833,45.443],[37.139,45.336],[37.114,45.313],[37.107,45.272],[37.066,45.261],[37.078,45.239],[37.237,45.255],[37.254,45.277],[37.319,45.272],[37.274,45.294],[37.174,45.3],[37.159,45.326],[37.348,45.328],[37.381,45.306],[37.519,45.369],[37.505,45.334],[37.543,45.347],[37.601,45.331],[37.608,45.313],[37.567,45.3],[37.591,45.289],[37.635,45.334],[37.652,45.313],[37.729,45.302],[37.738,45.311],[37.7,45.339],[37.758,45.402],[37.717,45.389],[37.723,45.415],[37.703,45.457],[37.744,45.45],[37.686,45.484],[37.7,45.563],[37.649,45.585],[37.635,45.608],[37.623,45.601],[37.636,45.571],[37.662,45.567],[37.635,45.553],[37.655,45.508],[37.642,45.504],[37.641,45.456],[37.619,45.418],[37.586,45.432],[37.595,45.635],[37.626,45.668],[37.631,45.649],[37.615,45.642],[37.671,45.61],[37.682,45.628],[37.703,45.622],[37.667,45.669],[37.829,45.753],[37.94,46.02],[38.038,46.057],[38.098,46.058],[38.032,46.025],[38.074,46.025],[38.042,45.961],[38.08,45.946],[38.073,45.909],[38.001,45.833],[38.04,45.816],[38.06,45.827],[38.05,45.855],[38.163,46.06],[38.167,46.121],[38.249,46.142],[38.427,46.038],[38.56,46.033],[38.571,46.105],[38.3,46.219],[38.271,46.274],[38.123,46.378],[38.068,46.401],[37.991,46.402],[37.978,46.382],[38.019,46.368],[37.995,46.354],[37.905,46.411],[37.827,46.477],[37.755,46.646],[37.731,46.663],[37.738,46.676],[37.852,46.623],[37.982,46.617],[38.037,46.629],[38.123,46.686],[38.214,46.696],[38.272,46.732],[38.314,46.676],[38.462,46.647],[38.575,46.654],[38.598,46.678],[38.586,46.696],[38.513,46.732],[38.428,46.745],[38.389,46.732],[38.378,46.708],[38.368,46.755],[38.403,46.78],[38.403,46.821],[38.475,46.862],[38.553,46.848],[38.674,46.863],[38.69,46.821],[38.907,46.818],[38.883,46.808],[38.877,46.726],[38.849,46.713],[38.839,46.611],[38.86,46.588],[38.884,46.635],[39.089,46.6],[39.168,46.619],[39.176,46.684],[39.242,46.7],[39.238,46.769],[39.363,46.775],[39.444,46.809],[39.559,46.794],[39.577,46.778],[39.795,46.788],[39.845,46.766],[40.023,46.765],[40.123,46.727],[40.098,46.644],[40.047,46.623],[40.046,46.548],[40.214,46.525],[40.234,46.46],[40.286,46.432],[40.281,46.397],[40.234,46.351],[40.291,46.335],[40.339,46.28],[40.728,46.281],[40.757,46.233],[40.913,46.235],[40.936,46.279],[40.998,46.294],[40.994,46.234],[40.955,46.193],[40.995,46.128],[41.047,46.117],[41.126,46.068],[41.138,46.019],[41.16,46.0],[41.166,45.901],[41.261,45.872],[41.233,45.82],[41.278,45.808],[41.28,45.765],[41.179,45.75],[41.169,45.695],[41.133,45.683],[41.062,45.681],[41.029,45.71],[40.857,45.69],[40.843,45.527],[40.908,45.504],[40.921,45.431],[41.008,45.385],[41.001,45.331],[41.034,45.297],[41.026,45.22],[41.26,45.228],[41.293,45.243],[41.36,45.212],[41.353,45.106],[41.421,45.053],[41.464,44.989],[41.653,44.973],[41.655,44.908],[41.587,44.788],[41.533,44.733],[41.428,44.714],[41.414,44.687],[41.486,44.607],[41.55,44.597],[41.573,44.537],[41.729,44.485],[41.729,44.459],[41.684,44.42],[41.627,44.407],[41.6,44.373],[41.7,44.316],[41.713,44.258],[41.699,44.211],[41.629,44.118],[41.548,44.092],[41.518,44.048],[41.467,44.021],[41.449,43.994],[41.378,44.006],[41.334,43.982],[41.324,43.996],[41.337,44.025],[41.288,44.002],[41.299,44.049],[41.274,44.077],[41.165,44.082],[41.141,44.101],[41.088,44.093],[40.906,44.141],[40.857,44.121],[40.848,44.105],[40.92,44.055],[40.953,43.981],[40.863,43.961],[40.827,43.926],[40.777,43.923],[40.779,43.876],[40.719,43.799],[40.734,43.742],[40.707,43.709],[40.7,43.657],[40.725,43.626],[40.69,43.523],[40.616,43.536],[40.52,43.505]],[[39.752,45.127],[39.642,45.193],[39.612,45.193],[39.557,45.179],[39.46,45.098],[39.345,45.035],[39.324,45.001],[39.191,44.974],[39.129,44.984],[39.078,44.964],[38.985,44.984],[38.971,45.005],[38.921,45.017],[38.926,45.039],[38.906,45.05],[38.84,45.038],[38.807,45.005],[38.72,45.015],[38.686,45.037],[38.676,44.947],[38.776,44.935],[38.89,44.874],[39.064,44.81],[39.333,44.812],[39.47,44.795],[39.565,44.811],[39.637,44.871],[39.595,44.896],[39.57,44.936],[39.496,44.954],[39.486,44.987],[39.5,45.037],[39.542,45.04],[39.569,45.024],[39.639,45.034],[39.667,45.01],[39.603,44.959],[39.637,44.943],[39.645,44.967],[39.681,44.981],[39.74,44.932],[39.798,44.978],[39.884,45.007],[39.919,44.979],[39.922,44.925],[39.959,44.917],[39.961,44.89],[39.943,44.874],[39.961,44.838],[39.995,44.825],[40.003,44.77],[40.027,44.736],[39.956,44.699],[39.915,44.699],[39.92,44.593],[39.874,44.563],[39.874,44.473],[39.82,44.412],[39.794,44.35],[39.818,44.329],[39.894,44.336],[39.95,44.263],[40.065,44.251],[40.079,44.237],[40.046,44.149],[40.012,44.131],[39.996,44.087],[39.96,44.065],[39.908,44.073],[39.887,44.116],[39.835,44.135],[39.813,44.185],[39.737,44.187],[39.714,44.136],[39.753,44.082],[39.728,44.013],[39.752,43.974],[39.724,43.932],[39.73,43.918],[39.83,43.888],[39.916,43.904],[40.002,43.85],[40.132,43.826],[40.264,43.755],[40.32,43.76],[40.381,43.823],[40.457,43.966],[40.447,43.994],[40.383,44.033],[40.366,44.198],[40.371,44.223],[40.438,44.292],[40.408,44.343],[40.406,44.499],[40.332,44.557],[40.324,44.608],[40.379,44.652],[40.405,44.737],[40.456,44.753],[40.539,44.733],[40.554,44.72],[40.558,44.669],[40.628,44.624],[40.677,44.536],[40.674,44.484],[40.626,44.471],[40.641,44.458],[40.754,44.475],[40.72,44.568],[40.728,44.608],[40.68,44.64],[40.63,44.709],[40.618,44.785],[40.528,44.915],[40.416,45.0],[40.256,45.088],[40.158,45.111],[39.976,45.076],[39.903,45.079],[39.875,45.085],[39.865,45.106],[39.752,45.127]]]}},{"type":"Feature","id":"RU-KYA","properties":{"code":"RU-KYA","name":"Krasnoyarsk Krai","district":"Siberian","country":"RU","special":false},"geometry":{"type":"MultiPolygon","coordinates":[[[[78.503,72.382],[78.498,72.408],[79.017,72.377],[79.391,72.386],[79.514,72.362],[79.785,72.265],[80.01,72.208],[80.474,72.152],[80.835,72.083],[80.852,72.069],[80.821,72.025],[80.732,72.045],[80.814,72.08],[80.686,72.079],[80.632,72.046],[80.647,72.034],[81.25,71.859],[81.279,71.796],[81.342,71.764],[81.547,71.742],[81.737,71.7],[82.194,71.708],[82.499,71.755],[82.867,71.786],[83.019,71.729],[83.153,71.74],[83.252,71.726],[83.32,71.683],[83.305,71.658],[83.136,71.572],[83.05,71.562],[83.012,71.529],[82.985,71.463],[83.048,71.415],[82.82,71.391],[82.273,71.279],[82.259,71.253],[82.28,71.223],[82.279,71.188],[82.332,71.144],[82.353,71.096],[82.314,71.059],[82.203,71.016],[82.208,70.987],[82.307,70.908],[82.301,70.896],[82.33,70.874],[82.324,70.846],[82.349,70.818],[82.417,70.777],[82.369,70.743],[82.235,70.696],[82.192,70.657],[82.187,70.622],[82.1,70.589],[82.082,70.565],[82.153,70.518],[82.153,70.476],[82.203,70.349],[82.233,70.318],[82.24,70.277],[82.349,70.202],[82.327,70.25],[82.287,70.29],[82.252,70.376],[82.225,70.48],[82.24,70.497],[82.157,70.572],[82.297,70.604],[82.465,70.613],[82.472,70.63],[82.434,70.667],[82.431,70.695],[82.483,70.708],[82.502,70.753],[82.554,70.762],[82.479,70.805],[82.569,70.853],[82.582,70.87],[82.579,70.911],[82.688,70.962],[82.735,70.966],[82.843,70.952],[82.877,70.917],[82.897,70.94],[82.876,70.997],[82.902,71.001],[82.932,70.954],[82.967,70.934],[83.134,70.882],[83.137,70.764],[83.065,70.693],[83.057,70.597],[82.993,70.572],[83.053,70.5],[83.011,70.427],[82.876,70.373],[82.664,70.26],[82.651,70.23],[82.671,70.189],[82.644,70.181],[82.919,70.081],[83.149,70.076],[83.186,70.092],[83.158,70.099],[83.189,70.123],[83.13,70.209],[83.065,70.233],[83.014,70.287],[82.952,70.325],[83.013,70.335],[83.337,70.313],[83.534,70.332],[83.534,70.353],[83.646,70.399],[83.775,70.477],[83.745,70.503],[83.764,70.547],[83.757,70.569],[83.603,70.703],[83.602,70.77],[83.541,70.791],[83.476,70.918],[83.383,70.976],[83.399,71.003],[83.382,71.033],[83.316,71.066],[83.169,71.082],[83.116,71.113],[83.257,71.117],[83.21,71.189],[83.148,71.245],[83.266,71.286],[83.376,71.37],[83.382,71.465],[83.563,71.51],[83.631,71.576],[83.619,71.631],[83.548,71.669],[83.527,71.703],[83.411,71.751],[83.416,71.808],[83.361,71.841],[83.162,71.884],[82.97,71.898],[82.787,71.905],[82.678,71.879],[82.641,71.902],[82.624,71.942],[82.471,72.021],[82.185,72.093],[82.3,72.134],[82.307,72.183],[82.286,72.233],[82.219,72.257],[82.198,72.282],[81.944,72.293],[81.862,72.317],[81.586,72.351],[81.208,72.355],[80.834,72.474],[80.704,72.545],[80.834,72.621],[80.686,72.646],[80.634,72.704],[80.632,72.734],[80.773,72.806],[80.842,72.922],[80.814,72.974],[80.764,73.008],[80.75,73.038],[80.437,73.101],[80.595,73.115],[80.569,73.142],[80.327,73.183],[80.231,73.176],[80.322,73.203],[80.467,73.203],[80.563,73.222],[80.568,73.238],[80.528,73.281],[80.273,73.31],[80.255,73.33],[80.321,73.355],[80.35,73.383],[80.429,73.372],[80.485,73.419],[80.587,73.436],[80.61,73.449],[80.623,73.486],[80.677,73.505],[80.634,73.514],[80.54,73.487],[80.506,73.498],[80.513,73.567],[80.536,73.581],[80.832,73.572],[81.254,73.605],[81.53,73.648],[81.957,73.663],[83.484,73.655],[83.728,73.695],[84.366,73.71],[84.572,73.753],[84.793,73.765],[85.008,73.71],[85.427,73.712],[85.494,73.738],[85.472,73.76],[85.481,73.769],[85.604,73.822],[85.868,73.824],[86.016,73.867],[86.783,73.902],[87.08,73.872],[87.104,73.845],[87.027,73.784],[86.863,73.765],[86.723,73.706],[86.52,73.672],[86.396,73.625],[86.116,73.588],[85.787,73.481],[85.785,73.456],[85.803,73.403],[85.797,73.365],[85.833,73.332],[86.234,73.255],[86.247,73.224],[86.329,73.181],[86.523,73.163],[86.663,73.122],[86.713,73.084],[86.734,73.033],[86.782,73.001],[86.765,73.084],[86.623,73.166],[86.49,73.185],[86.378,73.244],[86.25,73.277],[85.894,73.34],[85.852,73.375],[85.858,73.423],[85.844,73.44],[85.882,73.496],[86.204,73.558],[86.773,73.584],[86.845,73.606],[87.165,73.611],[87.344,73.704],[87.249,73.691],[87.281,73.73],[87.617,73.824],[87.664,73.891],[87.611,73.914],[87.545,73.914],[87.531,73.907],[87.517,73.85],[87.454,73.825],[87.296,73.841],[87.167,73.897],[87.145,73.931],[87.043,73.992],[86.94,74.033],[86.997,74.05],[87.257,74.039],[87.366,74.011],[87.42,74.012],[87.362,74.048],[87.291,74.063],[86.896,74.07],[86.851,74.088],[86.865,74.108],[86.724,74.132],[86.803,74.184],[86.663,74.236],[86.506,74.255],[86.02,74.263],[85.949,74.293],[85.96,74.321],[85.906,74.355],[85.937,74.368],[86.159,74.358],[86.305,74.318],[86.308,74.339],[86.282,74.348],[86.255,74.389],[86.072,74.408],[86.049,74.416],[86.07,74.424],[86.201,74.431],[86.254,74.42],[86.475,74.458],[86.591,74.437],[86.639,74.41],[86.598,74.396],[86.624,74.388],[86.954,74.389],[86.886,74.351],[86.717,74.325],[86.699,74.307],[86.833,74.302],[86.949,74.343],[86.991,74.296],[86.968,74.28],[87.021,74.273],[87.05,74.306],[87.002,74.355],[87.016,74.367],[87.262,74.355],[87.08,74.39],[87.06,74.402],[87.088,74.426],[87.079,74.442],[86.796,74.424],[86.769,74.444],[86.707,74.451],[86.687,74.478],[86.535,74.512],[86.782,74.561],[86.491,74.567],[86.194,74.622],[85.74,74.636],[85.865,74.671],[85.834,74.687],[85.842,74.701],[85.9,74.723],[86.016,74.715],[86.101,74.736],[86.125,74.773],[86.028,74.814],[86.091,74.821],[86.367,74.775],[86.378,74.759],[86.213,74.766],[86.321,74.708],[86.474,74.725],[86.639,74.697],[86.605,74.663],[86.687,74.656],[86.667,74.643],[86.692,74.622],[86.842,74.63],[86.958,74.609],[86.965,74.625],[86.903,74.654],[86.954,74.684],[86.795,74.685],[86.762,74.704],[86.914,74.758],[87.064,74.725],[87.082,74.773],[87.036,74.8],[87.061,74.84],[87.097,74.862],[87.386,74.944],[87.173,74.985],[87.27,75.012],[87.426,75.006],[87.48,74.987],[87.434,74.965],[87.445,74.953],[87.574,74.93],[87.598,74.937],[87.564,74.965],[87.666,74.978],[87.706,75.005],[87.68,75.013],[87.79,75.026],[87.732,75.039],[87.365,75.04],[87.268,75.073],[87.035,75.093],[86.919,75.076],[86.899,75.088],[86.919,75.111],[87.025,75.164],[87.201,75.169],[87.588,75.143],[87.953,75.1],[88.083,75.144],[88.117,75.146],[88.139,75.129],[88.169,75.15],[88.307,75.176],[88.326,75.235],[88.371,75.255],[88.518,75.283],[88.626,75.267],[88.55,75.314],[88.612,75.344],[88.818,75.362],[88.77,75.376],[88.925,75.412],[89.085,75.403],[89.056,75.426],[89.007,75.434],[88.757,75.417],[89.132,75.453],[89.246,75.507],[89.394,75.465],[89.395,75.449],[89.704,75.444],[89.723,75.451],[89.624,75.477],[89.613,75.492],[89.636,75.505],[90.058,75.52],[90.036,75.543],[89.915,75.561],[89.954,75.578],[90.599,75.612],[90.887,75.671],[90.944,75.626],[90.978,75.62],[91.128,75.666],[91.195,75.664],[91.186,75.643],[91.217,75.632],[91.451,75.65],[91.58,75.638],[91.642,75.654],[91.641,75.684],[91.621,75.698],[91.7,75.736],[91.812,75.717],[92.226,75.754],[92.371,75.74],[92.516,75.773],[93.55,75.853],[94.053,75.915],[94.163,75.944],[94.144,75.955],[94.053,75.931],[93.74,75.9],[93.594,75.917],[93.603,75.939],[93.546,75.953],[93.448,75.909],[93.494,75.895],[93.419,75.873],[93.32,75.937],[93.258,75.952],[93.32,75.972],[93.277,75.982],[92.964,75.931],[93.108,75.911],[93.071,75.889],[92.888,75.896],[92.902,75.913],[92.884,75.934],[92.827,75.965],[92.929,75.993],[92.914,76.029],[92.929,76.034],[92.924,76.053],[92.952,76.067],[93.041,76.071],[93.101,76.024],[93.231,76.054],[93.219,76.071],[93.121,76.096],[93.43,76.107],[93.334,76.068],[93.422,76.047],[93.388,76.021],[93.427,76.012],[93.532,76.047],[93.704,76.062],[93.765,76.04],[93.999,76.054],[93.935,76.08],[93.882,76.074],[93.784,76.103],[93.674,76.099],[93.636,76.123],[93.686,76.132],[94.102,76.123],[94.201,76.105],[94.374,76.121],[94.395,76.109],[94.382,76.096],[94.472,76.075],[94.437,76.062],[94.459,76.052],[94.595,76.064],[94.615,76.075],[94.587,76.085],[94.604,76.1],[94.739,76.116],[94.71,76.139],[94.54,76.15],[94.573,76.16],[94.835,76.15],[94.932,76.112],[95.055,76.112],[95.153,76.132],[95.255,76.123],[95.39,76.164],[95.873,76.138],[95.975,76.114],[96.137,76.107],[96.193,76.08],[96.038,76.081],[95.993,76.062],[96.075,76.047],[95.979,76.034],[96.013,76.003],[96.005,75.993],[95.851,75.974],[95.711,75.907],[95.575,75.889],[95.74,75.856],[95.821,75.917],[95.937,75.949],[96.309,75.959],[96.342,75.972],[96.266,75.993],[96.519,76.016],[96.548,76.006],[96.5,75.978],[96.639,75.985],[96.665,75.965],[96.438,75.876],[96.461,75.872],[96.686,75.907],[96.835,75.889],[96.831,75.915],[96.863,75.928],[96.938,75.936],[97.003,75.975],[97.251,76.043],[97.397,76.047],[97.199,75.993],[97.199,75.976],[97.247,75.958],[97.185,75.931],[97.312,75.935],[97.342,75.944],[97.313,75.955],[97.317,75.965],[97.394,75.989],[97.824,75.988],[97.843,75.992],[97.821,76.019],[97.701,76.052],[97.548,76.054],[97.626,76.082],[97.799,76.095],[97.913,76.059],[98.161,76.091],[98.22,76.103],[98.019,76.105],[97.918,76.123],[97.971,76.144],[98.028,76.157],[98.118,76.148],[98.165,76.178],[98.404,76.184],[98.576,76.232],[98.816,76.267],[98.783,76.232],[98.713,76.205],[98.837,76.198],[98.933,76.225],[99.172,76.212],[99.235,76.224],[99.296,76.205],[99.2,76.178],[99.234,76.164],[99.09,76.164],[99.214,76.13],[99.574,76.155],[99.6,76.131],[99.468,76.109],[99.487,76.095],[99.576,76.081],[99.556,76.068],[99.571,76.064],[99.663,76.083],[99.755,76.049],[99.762,76.035],[99.745,76.01],[99.682,75.966],[99.692,75.914],[99.679,75.876],[99.615,75.837],[99.424,75.793],[99.571,75.78],[99.613,75.789],[99.713,75.862],[99.86,75.899],[99.902,75.927],[99.913,75.953],[99.9,75.976],[99.825,76.024],[99.878,76.096],[99.81,76.129],[99.798,76.156],[99.643,76.196],[99.615,76.255],[99.591,76.272],[99.395,76.28],[99.315,76.341],[99.265,76.352],[99.02,76.362],[99.02,76.399],[98.924,76.45],[98.82,76.478],[98.818,76.494],[98.849,76.517],[99.509,76.469],[100.23,76.492],[100.304,76.462],[100.693,76.507],[100.851,76.54],[101.057,76.486],[101.016,76.459],[101.316,76.484],[101.42,76.464],[101.738,76.45],[101.816,76.408],[101.86,76.401],[102.25,76.383],[102.174,76.415],[101.753,76.47],[101.564,76.473],[101.523,76.486],[101.551,76.492],[101.375,76.514],[101.036,76.52],[100.878,76.555],[101.037,76.582],[101.105,76.616],[101.091,76.63],[101.126,76.678],[101.112,76.684],[101.136,76.705],[101.126,76.733],[101.188,76.737],[101.235,76.767],[100.981,76.787],[100.864,76.838],[100.892,76.869],[100.858,76.873],[100.872,76.899],[100.934,76.952],[100.919,76.976],[101.05,76.993],[101.206,76.986],[101.235,77.006],[101.238,77.051],[101.166,77.061],[101.175,77.083],[101.207,77.099],[101.432,77.159],[101.584,77.222],[101.788,77.269],[102.037,77.363],[102.043,77.381],[102.076,77.391],[102.194,77.401],[102.229,77.38],[102.271,77.381],[102.569,77.501],[102.889,77.546],[102.92,77.555],[102.899,77.582],[103.197,77.659],[103.257,77.664],[103.356,77.62],[103.593,77.632],[104.023,77.733],[104.29,77.738],[104.326,77.73],[104.257,77.685],[104.289,77.673],[104.752,77.706],[104.808,77.635],[104.867,77.613],[104.982,77.589],[105.233,77.57],[105.334,77.541],[105.874,77.569],[105.833,77.541],[105.902,77.522],[105.923,77.5],[105.91,77.476],[105.984,77.438],[105.977,77.425],[106.171,77.402],[106.292,77.37],[106.22,77.356],[105.758,77.369],[105.724,77.341],[105.614,77.302],[105.435,77.274],[105.538,77.267],[105.456,77.24],[104.879,77.167],[104.608,77.16],[104.483,77.13],[104.346,77.135],[104.12,77.096],[104.298,77.089],[104.772,77.122],[104.873,77.091],[105.067,77.089],[105.195,77.111],[105.341,77.089],[105.613,77.115],[105.797,77.113],[105.928,77.144],[105.943,77.13],[105.888,77.096],[105.737,77.061],[105.785,77.041],[105.487,77.035],[105.435,77.0],[105.451,76.984],[105.895,76.995],[106.206,77.062],[106.466,77.04],[106.5,77.022],[106.665,77.002],[106.779,77.006],[106.649,77.034],[106.733,77.031],[106.83,77.055],[107.011,77.027],[106.97,77.014],[107.003,77.003],[107.286,77.021],[107.238,77.006],[107.256,76.993],[107.498,76.915],[107.266,76.891],[107.355,76.869],[107.225,76.858],[107.19,76.842],[107.286,76.836],[107.19,76.801],[107.08,76.808],[107.059,76.789],[107.06,76.764],[106.926,76.713],[106.724,76.719],[106.789,76.685],[106.79,76.661],[106.612,76.56],[106.546,76.563],[106.553,76.589],[106.511,76.6],[106.397,76.604],[106.367,76.575],[106.381,76.575],[106.377,76.554],[106.4,76.535],[106.389,76.52],[106.417,76.509],[106.705,76.499],[106.82,76.469],[106.913,76.509],[107.036,76.507],[107.27,76.535],[107.592,76.505],[107.845,76.535],[107.985,76.623],[107.991,76.649],[107.902,76.671],[107.941,76.712],[107.916,76.719],[107.946,76.737],[108.225,76.739],[108.32,76.725],[108.286,76.705],[108.499,76.727],[108.685,76.716],[109.049,76.74],[109.198,76.731],[109.398,76.76],[109.431,76.739],[109.605,76.739],[109.636,76.723],[109.835,76.719],[110.061,76.692],[110.359,76.756],[110.567,76.764],[110.705,76.727],[110.906,76.73],[110.945,76.739],[110.897,76.753],[110.946,76.765],[111.09,76.762],[111.137,76.747],[111.069,76.719],[111.119,76.682],[111.21,76.709],[111.555,76.684],[111.487,76.671],[111.542,76.651],[111.446,76.63],[111.489,76.61],[111.665,76.621],[111.826,76.596],[112.199,76.472],[111.829,76.341],[112.257,76.454],[112.748,76.335],[112.658,76.322],[112.732,76.289],[112.74,76.267],[112.673,76.246],[112.693,76.232],[112.614,76.222],[112.527,76.246],[112.501,76.239],[112.633,76.193],[112.78,76.192],[112.858,76.144],[112.761,76.075],[112.57,76.047],[112.962,76.065],[113.029,76.086],[113.042,76.116],[112.987,76.144],[113.059,76.164],[113.147,76.163],[113.303,76.116],[113.256,76.159],[113.289,76.171],[113.025,76.21],[112.972,76.224],[112.932,76.26],[113.131,76.253],[113.259,76.266],[113.296,76.246],[113.227,76.225],[113.241,76.205],[113.359,76.211],[113.46,76.148],[113.44,76.087],[113.453,76.041],[113.549,76.021],[113.501,75.986],[113.556,75.972],[113.532,75.954],[113.44,75.944],[113.521,75.931],[113.563,75.896],[113.556,75.876],[113.481,75.856],[113.652,75.876],[113.617,75.924],[113.703,75.931],[113.76,75.918],[113.781,75.939],[113.858,75.911],[113.828,75.895],[113.89,75.854],[113.837,75.798],[113.837,75.774],[113.72,75.671],[113.72,75.619],[113.692,75.593],[113.572,75.566],[113.556,75.54],[113.426,75.54],[113.582,75.621],[113.617,75.656],[113.261,75.694],[113.068,75.683],[113.129,75.694],[113.138,75.711],[113.123,75.721],[112.559,75.851],[112.337,75.848],[112.459,75.823],[112.518,75.774],[112.665,75.772],[112.823,75.739],[112.871,75.711],[112.825,75.686],[112.748,75.698],[112.878,75.647],[112.859,75.615],[112.789,75.589],[112.814,75.557],[113.035,75.553],[112.993,75.589],[112.993,75.61],[113.267,75.651],[113.295,75.645],[113.309,75.616],[113.255,75.574],[113.291,75.551],[113.536,75.507],[113.638,75.524],[113.703,75.471],[113.72,75.41],[113.634,75.422],[113.549,75.406],[113.536,75.39],[113.654,75.384],[113.671,75.369],[113.605,75.285],[113.363,75.186],[113.012,75.068],[112.993,75.039],[112.88,74.993],[112.514,74.922],[112.147,74.878],[112.092,74.857],[112.097,74.828],[112.056,74.789],[111.953,74.772],[111.911,74.738],[111.953,74.731],[111.772,74.669],[111.466,74.697],[111.403,74.691],[111.117,74.608],[110.986,74.594],[111.052,74.579],[110.96,74.548],[110.815,74.539],[110.557,74.481],[110.332,74.496],[110.281,74.478],[110.352,74.471],[110.39,74.451],[110.363,74.418],[110.212,74.372],[110.0,74.374],[109.951,74.337],[109.798,74.314],[109.78,74.328],[109.561,74.314],[109.642,74.289],[109.728,74.287],[109.968,74.305],[109.977,74.288],[109.89,74.197],[109.481,74.077],[109.18,74.057],[108.996,74.016],[108.901,73.965],[108.822,73.956],[108.624,73.873],[108.551,73.812],[108.438,73.82],[108.492,73.773],[108.398,73.754],[108.067,73.635],[108.094,73.663],[108.037,73.677],[107.749,73.612],[107.375,73.635],[107.147,73.618],[107.101,73.574],[107.17,73.553],[106.882,73.444],[106.831,73.375],[106.785,73.341],[106.648,73.307],[106.498,73.326],[106.395,73.313],[106.232,73.323],[106.063,73.273],[106.046,73.255],[106.048,73.203],[106.009,73.155],[105.874,73.115],[105.853,73.095],[105.847,73.014],[105.834,73.002],[105.751,72.977],[105.651,72.911],[105.354,72.831],[105.29,72.8],[105.067,72.786],[105.073,72.765],[105.483,72.768],[105.676,72.815],[105.787,72.87],[105.931,72.889],[106.002,72.947],[106.036,72.953],[106.118,72.941],[106.137,72.911],[106.409,72.872],[106.558,72.867],[106.657,72.832],[106.823,72.826],[107.103,72.856],[106.971,72.883],[106.62,72.896],[106.224,72.977],[106.189,73.039],[106.181,73.108],[106.217,73.144],[106.282,73.153],[106.333,73.19],[106.776,73.141],[106.9,73.145],[107.036,73.182],[107.327,73.158],[107.493,73.173],[107.722,73.169],[107.834,73.183],[107.966,73.231],[108.092,73.246],[108.317,73.222],[108.375,73.232],[108.396,73.258],[108.365,73.276],[108.198,73.279],[108.241,73.301],[108.393,73.317],[108.539,73.311],[108.685,73.34],[108.923,73.35],[109.221,73.387],[109.253,73.403],[109.255,73.42],[109.205,73.444],[109.209,73.469],[109.417,73.416],[109.435,73.427],[109.431,73.452],[109.287,73.498],[109.18,73.51],[109.17,73.54],[109.194,73.552],[109.512,73.458],[109.714,73.453],[110.104,73.516],[110.157,73.546],[110.089,73.56],[110.124,73.58],[110.425,73.607],[110.397,73.615],[110.423,73.64],[110.471,73.649],[110.932,73.688],[111.12,73.636],[111.123,73.62],[111.073,73.583],[110.988,73.565],[110.827,73.563],[110.774,73.51],[110.709,73.494],[110.616,73.434],[110.538,73.406],[110.158,73.399],[110.404,73.334],[110.536,73.317],[110.595,73.28],[110.593,73.263],[110.397,73.194],[110.77,73.171],[110.834,73.082],[110.901,73.05],[110.894,73.027],[110.754,72.999],[110.801,72.954],[110.837,72.945],[110.627,72.895],[110.634,72.857],[110.695,72.826],[110.609,72.786],[110.663,72.68],[110.732,72.643],[110.91,72.625],[110.877,72.601],[110.895,72.576],[111.21,72.545],[111.289,72.51],[111.295,72.492],[111.281,72.478],[111.058,72.405],[111.067,72.375],[111.337,72.32],[111.555,72.316],[111.647,72.27],[111.618,72.213],[111.714,72.206],[111.764,72.144],[111.996,72.133],[112.0,71.408],[112.341,71.334],[112.501,71.267],[112.628,71.288],[112.709,71.243],[112.682,71.211],[112.519,71.162],[112.517,71.149],[112.579,71.114],[112.556,71.097],[112.454,71.064],[112.364,71.059],[112.249,71.003],[112.196,71.005],[112.133,71.055],[112.076,71.061],[112.034,71.048],[112.004,71.0],[111.98,70.989],[111.522,70.939],[111.417,70.904],[111.335,70.855],[111.072,70.848],[110.861,70.801],[110.726,70.814],[110.539,70.801],[110.479,70.77],[110.489,70.726],[110.474,70.716],[110.297,70.7],[110.103,70.632],[110.135,70.56],[110.064,70.549],[110.114,70.527],[110.111,70.482],[110.263,70.452],[110.275,70.443],[110.263,70.427],[109.818,70.405],[109.602,70.378],[109.554,70.354],[109.598,70.318],[109.535,70.264],[109.282,70.212],[109.271,70.176],[109.346,70.118],[109.352,70.073],[109.509,70.033],[109.496,70.006],[109.436,69.979],[109.385,69.929],[109.383,69.909],[109.415,69.892],[109.367,69.844],[109.237,69.776],[109.129,69.768],[108.941,69.789],[108.871,69.84],[108.598,69.837],[108.291,69.857],[108.149,69.825],[108.054,69.78],[108.016,69.746],[108.015,69.708],[107.925,69.681],[107.785,69.684],[107.124,69.588],[106.839,69.518],[106.59,69.519],[106.512,69.563],[106.455,69.571],[106.317,69.501],[106.284,69.459],[106.14,69.416],[106.153,69.391],[106.89,68.86],[106.893,68.444],[106.877,68.358],[106.894,68.109],[106.875,67.84],[106.833,67.673],[106.802,67.348],[106.667,67.245],[106.585,67.274],[106.492,67.284],[106.404,67.263],[106.317,67.209],[106.232,67.186],[106.055,67.167],[105.993,67.078],[105.894,67.044],[105.54,67.023],[105.562,66.999],[105.687,66.939],[105.807,66.947],[105.912,66.91],[106.057,66.896],[106.073,66.863],[105.992,66.808],[106.009,66.792],[106.184,66.801],[106.187,66.783],[106.143,66.759],[106.143,66.74],[106.164,66.721],[106.254,66.697],[106.231,66.657],[106.244,66.592],[106.298,66.559],[106.31,66.535],[106.296,66.507],[106.322,66.479],[106.245,66.44],[106.176,66.43],[106.103,66.378],[106.1,66.332],[106.139,66.263],[106.117,66.199],[106.157,66.165],[106.211,66.151],[106.342,66.152],[106.471,66.007],[106.482,65.855],[106.453,65.826],[106.469,65.801],[106.45,65.779],[106.462,65.73],[106.417,65.701],[106.42,65.671],[106.641,65.631],[106.628,65.611],[106.711,65.591],[106.703,65.552],[106.958,65.502],[106.877,65.441],[106.829,65.375],[106.624,65.393],[106.558,65.377],[106.535,65.349],[106.443,65.308],[106.426,65.266],[106.498,65.205],[106.393,65.211],[106.289,65.14],[106.195,65.127],[106.156,65.087],[105.99,65.033],[105.973,65.012],[105.984,65.003],[106.097,64.943],[106.129,64.9],[106.202,64.877],[106.22,64.857],[106.107,64.861],[106.038,64.904],[105.951,64.894],[105.961,64.859],[106.007,64.819],[105.899,64.82],[105.853,64.797],[105.83,64.742],[105.875,64.659],[105.831,64.644],[105.711,64.664],[105.746,64.619],[105.723,64.582],[105.799,64.535],[105.791,64.489],[105.806,64.48],[105.941,64.488],[106.028,64.514],[106.132,64.481],[106.139,64.457],[106.088,64.447],[106.067,64.427],[106.134,64.404],[106.221,64.405],[106.264,64.425],[106.395,64.443],[106.584,64.445],[106.594,64.458],[106.567,64.496],[106.605,64.513],[106.676,64.49],[106.735,64.419],[106.894,64.412],[107.083,64.343],[107.222,64.33],[107.24,64.317],[107.239,64.287],[107.328,64.249],[107.546,64.297],[107.607,64.294],[107.655,64.279],[107.677,64.244],[107.844,64.184],[107.968,64.17],[107.994,64.179],[108.027,64.224],[108.161,64.238],[108.22,64.208],[108.32,64.039],[108.252,63.992],[108.17,64.0],[108.117,63.983],[107.949,64.0],[107.854,63.985],[107.783,64.007],[107.68,63.989],[107.625,63.959],[107.597,63.877],[107.55,63.857],[107.474,63.872],[107.372,63.866],[107.29,63.95],[107.19,63.955],[107.13,63.902],[107.071,63.887],[106.976,63.94],[106.859,63.976],[106.81,63.975],[106.764,63.996],[106.71,63.987],[106.681,63.925],[106.793,63.842],[106.629,63.697],[106.635,63.672],[106.691,63.636],[106.686,63.62],[106.595,63.535],[106.531,63.53],[106.51,63.495],[106.579,63.46],[106.637,63.408],[106.731,63.367],[106.673,63.298],[106.507,63.305],[106.469,63.327],[106.438,63.32],[106.365,63.263],[106.362,63.221],[106.425,63.197],[106.391,63.147],[106.403,63.113],[106.313,63.075],[106.123,63.06],[106.147,63.015],[106.184,62.985],[106.167,62.957],[106.217,62.941],[106.218,62.897],[106.443,62.843],[106.465,62.782],[106.525,62.747],[106.495,62.692],[106.504,62.675],[106.797,62.602],[106.726,62.588],[106.669,62.549],[106.661,62.529],[106.707,62.497],[106.703,62.474],[106.533,62.377],[106.428,62.383],[106.426,62.359],[106.478,62.324],[106.397,62.314],[106.327,62.266],[106.341,62.251],[106.446,62.235],[106.443,62.185],[106.375,62.103],[106.406,62.084],[106.388,62.057],[106.407,62.035],[106.209,62.0],[106.152,61.957],[106.07,61.937],[106.036,61.899],[105.902,61.835],[105.888,61.8],[105.938,61.747],[105.947,61.689],[105.877,61.676],[105.809,61.622],[105.696,61.645],[105.611,61.611],[105.55,61.566],[105.367,61.53],[105.274,61.468],[105.272,61.425],[104.957,61.398],[104.891,61.363],[104.789,61.348],[104.926,61.319],[105.007,61.182],[104.837,61.176],[104.702,61.087],[104.615,61.074],[104.605,61.058],[104.635,61.036],[104.6,61.001],[104.607,60.972],[104.565,60.945],[104.628,60.909],[104.629,60.89],[104.463,60.844],[104.466,60.821],[104.507,60.783],[104.596,60.753],[104.522,60.639],[104.555,60.615],[104.572,60.539],[104.632,60.503],[104.672,60.425],[104.657,60.414],[104.665,60.403],[104.771,60.379],[104.889,60.302],[105.221,60.276],[105.297,60.298],[105.347,60.286],[105.378,60.251],[105.441,60.27],[105.479,60.249],[105.479,60.198],[105.424,60.11],[105.489,60.001],[105.449,59.959],[105.433,59.896],[105.491,59.845],[105.377,59.822],[105.29,59.849],[105.186,59.858],[105.024,59.835],[105.032,59.798],[105.012,59.77],[104.893,59.75],[104.799,59.691],[104.812,59.664],[104.804,59.636],[104.873,59.584],[104.863,59.543],[104.978,59.464],[105.109,59.455],[105.172,59.474],[105.225,59.429],[105.213,59.385],[105.241,59.353],[105.191,59.308],[105.294,59.26],[105.329,59.196],[105.303,59.149],[105.353,59.108],[105.347,59.092],[105.291,59.061],[105.145,59.045],[105.084,58.993],[104.948,58.959],[104.899,58.909],[104.847,58.897],[104.798,58.863],[104.76,58.814],[104.816,58.781],[104.872,58.719],[104.794,58.669],[104.632,58.647],[104.59,58.617],[104.519,58.635],[104.458,58.602],[104.394,58.665],[104.393,58.704],[104.299,58.713],[104.22,58.758],[104.047,58.772],[103.991,58.736],[103.869,58.735],[103.939,58.762],[103.952,58.785],[103.953,58.842],[103.901,58.897],[103.794,58.898],[103.693,58.923],[103.604,58.913],[103.586,58.925],[103.587,58.956],[103.549,58.978],[103.375,59.034],[103.246,59.18],[103.24,59.227],[103.335,59.229],[103.324,59.26],[103.225,59.285],[103.153,59.262],[103.083,59.264],[103.05,59.276],[103.011,59.318],[102.872,59.265],[102.831,59.215],[102.759,59.199],[102.588,59.203],[102.522,59.186],[102.447,59.146],[102.406,59.073],[102.449,59.002],[102.439,58.944],[102.537,58.897],[102.535,58.856],[102.565,58.797],[102.513,58.721],[102.416,58.664],[102.318,58.647],[102.265,58.574],[102.186,58.523],[102.001,58.495],[101.922,58.466],[101.774,58.453],[101.701,58.424],[101.642,58.351],[101.559,58.282],[101.531,58.225],[101.298,58.219],[101.208,58.142],[101.118,58.119],[101.114,58.085],[101.161,58.055],[101.154,58.017],[101.127,57.977],[101.039,57.931],[101.03,57.898],[100.953,57.868],[100.813,57.884],[100.846,57.845],[100.849,57.795],[100.885,57.77],[100.801,57.673],[100.847,57.61],[100.952,57.561],[100.941,57.516],[100.958,57.498],[100.922,57.455],[100.836,57.458],[100.804,57.426],[100.749,57.403],[100.716,57.413],[100.656,57.469],[100.405,57.55],[100.398,57.594],[100.36,57.642],[100.363,57.67],[100.331,57.689],[100.365,57.732],[100.27,57.763],[100.275,57.805],[100.129,57.867],[100.117,57.917],[100.077,57.961],[100.077,58.056],[100.043,58.079],[99.807,58.061],[99.703,58.086],[99.64,58.046],[99.618,58.001],[99.498,57.929],[99.47,57.86],[99.422,57.799],[99.311,57.795],[99.185,57.763],[99.093,57.773],[98.962,57.723],[98.854,57.728],[98.789,57.757],[98.775,57.788],[98.745,57.793],[98.63,57.778],[97.987,57.822],[97.934,57.811],[97.349,57.048],[97.435,57.008],[97.482,56.966],[97.62,56.954],[97.587,56.926],[97.485,56.893],[97.469,56.827],[97.486,56.811],[97.556,56.793],[97.679,56.807],[97.775,56.78],[97.751,56.704],[97.782,56.663],[97.755,56.639],[97.774,56.607],[97.751,56.56],[97.877,56.545],[97.878,56.411],[97.841,56.393],[97.568,56.383],[97.56,56.323],[97.588,56.257],[97.58,56.195],[97.5,56.179],[97.44,56.147],[97.425,56.099],[97.352,56.051],[97.262,56.088],[97.125,56.102],[97.057,56.031],[96.986,56.018],[96.96,55.861],[96.843,55.82],[96.768,55.769],[96.764,55.736],[96.818,55.701],[96.753,55.651],[96.855,55.594],[96.82,55.558],[96.85,55.481],[96.843,55.441],[96.881,55.412],[96.918,55.33],[96.887,55.302],[96.707,55.259],[96.695,55.176],[96.656,55.1],[96.683,55.09],[96.682,55.078],[96.585,55.023],[96.682,54.959],[96.714,54.919],[96.697,54.841],[96.565,54.697],[96.587,54.659],[96.551,54.575],[96.573,54.518],[96.495,54.511],[96.336,54.567],[96.207,54.542],[96.065,54.573],[96.039,54.558],[96.019,54.503],[95.977,54.468],[95.978,54.446],[95.922,54.4],[95.885,54.389],[95.797,54.418],[95.717,54.388],[95.667,54.335],[95.653,54.282],[95.671,54.239],[95.911,54.161],[95.937,54.119],[95.984,54.094],[96.055,54.088],[96.08,54.058],[96.059,53.994],[96.206,53.925],[96.406,53.783],[96.505,53.684],[96.568,53.65],[96.603,53.672],[96.644,53.643],[96.684,53.639],[96.699,53.61],[96.658,53.556],[96.565,53.534],[96.47,53.534],[96.444,53.511],[96.418,53.543],[96.355,53.561],[96.372,53.599],[96.288,53.581],[96.272,53.59],[96.298,53.613],[96.252,53.616],[96.226,53.599],[96.219,53.553],[96.186,53.515],[96.114,53.49],[96.115,53.464],[96.092,53.451],[95.956,53.473],[95.92,53.494],[95.794,53.495],[95.757,53.52],[95.662,53.488],[95.622,53.449],[95.396,53.372],[95.303,53.395],[95.293,53.441],[95.26,53.456],[95.2,53.447],[95.146,53.404],[95.053,53.377],[95.007,53.382],[94.976,53.405],[94.927,53.386],[94.74,53.383],[94.586,53.307],[94.597,53.289],[94.676,53.28],[94.701,53.238],[94.604,53.176],[94.611,53.145],[94.584,53.09],[94.604,53.049],[94.526,52.957],[94.512,52.911],[94.436,52.891],[94.394,52.914],[94.305,52.904],[94.149,52.842],[94.139,52.761],[94.071,52.667],[93.983,52.633],[93.983,52.579],[93.765,52.439],[93.766,52.366],[93.687,52.296],[93.667,52.216],[93.545,52.17],[93.456,52.167],[93.36,52.129],[93.228,52.036],[93.134,52.012],[93.075,51.945],[92.901,51.895],[92.886,51.854],[92.86,51.836],[92.782,51.85],[92.673,51.84],[92.628,51.813],[92.505,51.781],[92.43,51.802],[92.209,51.806],[92.105,51.783],[91.987,51.794],[91.925,51.814],[91.884,51.856],[91.778,51.872],[91.627,51.867],[91.543,51.901],[91.284,51.896],[91.239,51.882],[91.18,51.89],[91.101,51.943],[90.849,51.908],[90.814,51.963],[90.763,52.005],[90.736,52.069],[90.56,52.121],[90.477,52.183],[90.7,52.458],[90.899,52.577],[90.996,52.601],[91.038,52.66],[91.242,52.747],[91.326,52.799],[91.396,52.868],[91.408,52.947],[91.351,53.077],[91.422,53.108],[91.512,53.106],[91.574,53.122],[91.66,53.158],[91.841,53.288],[91.846,53.352],[91.744,53.447],[91.653,53.481],[91.55,53.48],[91.47,53.514],[91.472,53.567],[91.454,53.606],[91.333,53.758],[91.327,53.817],[91.422,53.893],[91.465,53.966],[91.464,54.057],[91.252,54.275],[91.21,54.338],[91.187,54.439],[91.159,54.488],[90.855,54.627],[90.915,54.791],[90.84,54.839],[90.715,54.831],[90.723,54.871],[90.685,54.905],[90.458,54.871],[90.448,54.895],[90.483,54.928],[90.436,55.016],[90.366,55.047],[90.262,55.05],[90.229,55.066],[90.237,55.106],[90.196,55.151],[90.147,55.137],[90.129,55.105],[90.055,55.089],[90.007,55.098],[89.904,55.086],[89.826,55.049],[89.729,55.034],[89.658,55.003],[89.567,55.058],[89.447,55.039],[89.425,54.986],[89.392,54.974],[89.347,55.0],[89.201,54.99],[89.147,55.076],[89.038,55.084],[89.067,55.132],[88.966,55.185],[88.97,55.231],[88.95,55.289],[88.877,55.31],[88.822,55.347],[88.76,55.344],[88.691,55.411],[88.609,55.446],[88.682,55.516],[88.878,55.621],[89.062,55.693],[89.17,55.704],[89.24,55.754],[89.37,55.775],[89.389,55.802],[89.382,55.833],[89.432,55.842],[89.449,55.862],[89.443,55.876],[89.311,55.914],[89.316,55.961],[89.243,56.044],[89.276,56.054],[89.272,56.069],[89.218,56.098],[89.199,56.135],[89.118,56.148],[89.115,56.197],[89.056,56.21],[89.057,56.302],[88.905,56.312],[88.915,56.346],[88.861,56.366],[88.721,56.379],[88.592,56.444],[88.587,56.456],[88.624,56.49],[88.618,56.529],[88.528,56.548],[88.503,56.59],[88.51,56.625],[88.676,56.642],[88.68,56.677],[88.734,56.696],[88.741,56.714],[88.733,56.729],[88.652,56.742],[88.642,56.825],[88.624,56.833],[88.722,57.086],[88.53,57.096],[88.526,57.122],[88.648,57.212],[88.733,57.227],[88.872,57.444],[88.944,57.454],[89.004,57.497],[89.071,57.51],[89.147,57.614],[89.262,57.6],[89.38,57.637],[89.354,57.796],[89.391,57.878],[89.377,57.917],[89.328,57.95],[88.851,57.961],[88.687,58.037],[88.13,58.114],[88.073,58.207],[88.018,58.243],[87.918,58.5],[87.932,58.526],[88.392,58.914],[88.827,59.024],[88.608,59.215],[88.6,59.232],[88.621,59.293],[87.911,59.268],[87.522,59.667],[87.191,59.69],[87.084,59.883],[86.625,59.95],[85.968,59.956],[85.496,59.892],[84.692,59.905],[84.531,59.975],[84.606,60.046],[84.632,60.206],[84.684,60.239],[84.784,60.371],[84.708,60.459],[84.355,60.791],[84.26,60.856],[84.623,61.0],[85.671,61.289],[85.702,61.306],[85.642,61.357],[85.644,61.388],[85.771,61.443],[85.968,61.475],[85.963,61.545],[85.854,61.595],[85.722,61.575],[85.48,61.628],[85.376,61.701],[85.273,61.683],[85.158,61.708],[85.001,61.785],[84.919,61.797],[84.828,61.787],[84.69,61.81],[84.641,61.872],[84.546,61.903],[84.523,61.93],[84.553,61.999],[84.436,62.178],[84.746,62.41],[84.872,62.459],[84.911,62.499],[84.894,62.541],[84.949,62.589],[85.09,62.638],[85.085,62.674],[85.152,62.714],[85.167,62.747],[85.225,62.801],[85.324,62.869],[85.444,62.884],[85.518,62.933],[85.496,62.986],[85.578,63.045],[85.586,63.074],[85.522,63.096],[85.469,63.149],[85.501,63.212],[85.536,63.233],[85.531,63.263],[85.656,63.335],[85.672,63.36],[85.641,63.374],[85.495,63.375],[85.419,63.349],[85.365,63.405],[85.362,63.415],[85.392,63.424],[85.378,63.467],[85.299,63.517],[85.199,63.511],[85.186,63.53],[85.097,63.534],[85.032,63.586],[85.076,63.607],[85.181,63.597],[85.269,63.651],[85.338,63.707],[85.342,63.751],[85.373,63.808],[85.428,63.867],[85.534,63.937],[85.672,63.991],[85.963,64.066],[85.966,64.097],[85.934,64.123],[86.021,64.237],[86.03,64.275],[85.951,64.329],[85.926,64.371],[85.927,64.413],[85.842,64.459],[85.852,64.515],[85.916,64.588],[85.81,64.648],[85.858,64.739],[85.856,64.763],[85.818,64.784],[85.559,64.83],[85.437,64.792],[85.149,64.752],[85.12,64.765],[85.093,64.811],[84.939,64.823],[84.928,64.851],[84.967,64.899],[84.92,64.928],[84.82,64.931],[84.47,64.89],[84.292,64.903],[84.274,64.92],[84.279,64.94],[84.373,64.98],[84.389,65.008],[84.378,65.032],[84.315,65.07],[84.313,65.098],[84.41,65.19],[84.523,65.213],[84.584,65.291],[84.582,65.317],[84.507,65.395],[84.55,65.433],[84.498,65.504],[84.43,65.551],[84.196,65.595],[84.297,65.617],[84.319,65.684],[84.168,65.703],[84.031,65.793],[83.744,65.801],[83.592,65.775],[83.518,65.822],[83.521,65.908],[83.373,65.984],[83.293,66.066],[83.372,66.136],[83.508,66.166],[83.535,66.193],[83.415,66.267],[83.344,66.342],[83.262,66.389],[83.134,66.418],[83.091,66.459],[83.078,66.573],[83.089,66.61],[83.181,66.623],[83.297,66.673],[83.26,66.712],[83.187,66.747],[83.162,66.818],[83.122,66.842],[83.041,66.852],[83.03,66.863],[83.055,66.88],[83.042,66.891],[82.117,67.244],[82.192,67.262],[82.193,67.289],[82.256,67.281],[82.262,67.291],[82.226,67.31],[82.358,67.331],[82.291,67.348],[82.332,67.36],[82.251,67.419],[82.33,67.48],[82.374,67.481],[82.355,67.5],[82.389,67.534],[82.352,67.533],[82.356,67.557],[82.338,67.563],[82.252,67.555],[82.11,67.609],[82.049,67.655],[82.112,67.686],[82.086,67.693],[82.1,67.724],[81.895,67.789],[81.726,67.924],[81.765,67.951],[81.877,67.933],[81.988,67.962],[82.059,67.948],[82.365,67.946],[82.392,68.057],[82.363,68.094],[82.395,68.177],[82.438,68.185],[82.533,68.17],[82.55,68.179],[82.531,68.22],[82.574,68.255],[82.703,68.298],[82.687,68.352],[82.71,68.414],[82.679,68.492],[82.617,68.534],[82.469,68.577],[82.528,68.591],[82.54,68.614],[82.59,68.605],[82.682,68.63],[82.867,68.628],[83.039,68.667],[82.803,68.742],[82.794,68.754],[82.806,68.777],[82.787,68.795],[82.729,68.789],[82.552,68.827],[82.534,68.927],[82.493,68.987],[82.36,69.021],[82.329,69.046],[82.333,69.062],[82.449,69.077],[82.494,69.105],[82.453,69.162],[82.401,69.173],[82.257,69.157],[81.841,69.196],[81.761,69.252],[81.909,69.319],[81.929,69.349],[81.783,69.429],[81.685,69.447],[81.626,69.415],[81.635,69.371],[81.616,69.334],[81.636,69.306],[81.571,69.273],[81.443,69.257],[81.324,69.286],[81.167,69.24],[80.967,69.209],[80.808,69.262],[80.763,69.302],[80.734,69.308],[80.47,69.32],[80.229,69.358],[80.129,69.362],[79.977,69.341],[79.865,69.349],[79.854,69.355],[79.869,69.373],[79.824,69.395],[79.814,69.423],[79.731,69.429],[79.729,69.447],[79.65,69.484],[79.64,69.522],[79.595,69.579],[79.508,69.609],[79.532,69.626],[79.491,69.654],[79.417,69.65],[79.012,69.703],[79.13,69.739],[79.075,69.749],[79.065,69.778],[78.986,69.806],[79.012,69.833],[78.88,69.88],[78.965,69.881],[79.055,69.93],[79.172,69.963],[79.134,70.008],[79.193,70.01],[79.183,70.041],[79.197,70.05],[79.355,70.05],[79.332,70.091],[79.333,70.148],[79.407,70.147],[79.393,70.132],[79.405,70.123],[79.496,70.112],[79.607,70.188],[79.63,70.221],[79.717,70.242],[79.717,70.28],[79.818,70.268],[79.88,70.278],[80.095,70.353],[80.106,70.365],[80.095,70.395],[80.183,70.393],[80.181,70.434],[80.276,70.429],[80.35,70.46],[80.569,70.461],[80.626,70.424],[80.687,70.421],[80.71,70.393],[80.747,70.394],[80.757,70.398],[80.738,70.415],[80.788,70.418],[80.795,70.438],[80.669,70.45],[80.662,70.473],[80.61,70.501],[80.658,70.518],[80.671,70.545],[80.663,70.574],[80.72,70.595],[80.757,70.656],[80.717,70.686],[80.593,70.722],[80.606,70.753],[80.686,70.801],[80.565,70.86],[80.55,71.044],[80.538,71.059],[80.403,71.091],[79.954,71.134],[79.565,71.277],[79.466,71.301],[79.227,71.321],[79.175,71.355],[79.143,71.415],[79.18,71.445],[79.358,71.494],[79.389,71.543],[79.338,71.598],[79.371,71.612],[79.868,71.602],[79.976,71.617],[80.03,71.66],[80.102,71.665],[80.118,71.687],[80.076,71.765],[80.119,71.779],[80.076,71.81],[80.037,71.815],[80.036,71.831],[80.179,71.867],[80.269,71.855],[80.276,71.874],[80.325,71.873],[80.339,71.89],[80.252,71.916],[80.229,71.94],[80.109,71.95],[80.016,71.983],[79.899,71.988],[79.854,72.025],[79.695,72.058],[79.436,72.04],[79.382,72.06],[79.108,72.073],[79.081,72.105],[79.019,72.119],[78.914,72.116],[78.908,72.144],[78.789,72.169],[78.779,72.173],[78.798,72.182],[78.684,72.182],[78.61,72.208],[78.665,72.22],[78.656,72.258],[78.609,72.296],[78.528,72.308],[78.454,72.341],[78.449,72.359],[78.503,72.382]]],[[[86.892,73.697],[86.792,73.645],[86.799,73.626],[86.784,73.608],[86.399,73.594],[86.51,73.642],[86.892,73.697]]],[[[97.158,76.088],[97.335,76.103],[97.047,76.006],[96.748,75.981],[96.699,75.996],[96.713,76.022],[96.748,76.031],[97.158,76.088]]],[[[95.177,76.171],[95.197,76.164],[95.156,76.154],[95.102,76.155],[95.006,76.178],[95.102,76.225],[95.182,76.186],[95.177,76.171]]],[[[94.999,76.273],[94.855,76.239],[94.904,76.212],[94.849,76.186],[94.558,76.204],[94.5,76.19],[94.41,76.212],[94.492,76.239],[94.779,76.211],[94.8,76.219],[94.745,76.26],[94.914,76.293],[94.999,76.273]]],[[[96.575,76.341],[96.767,76.335],[96.685,76.294],[96.611,76.323],[96.434,76.321],[96.383,76.335],[96.575,76.341]]],[[[96.897,76.256],[97.041,76.239],[97.01,76.23],[96.909,76.22],[96.761,76.176],[96.729,76.181],[96.716,76.209],[96.74,76.252],[96.726,76.26],[96.877,76.322],[96.828,76.341],[96.854,76.356],[97.031,76.342],[97.075,76.308],[96.986,76.282],[96.86,76.272],[96.787,76.212],[96.819,76.214],[96.897,76.256]]],[[[95.266,76.671],[95.327,76.664],[95.285,76.643],[95.228,76.64],[95.118,76.651],[94.847,76.638],[94.818,76.654],[94.868,76.674],[95.066,76.681],[95.122,76.719],[95.266,76.671]]],[[[110.878,73.768],[110.664,73.787],[110.287,73.706],[109.8,73.705],[109.752,73.683],[109.787,73.669],[109.737,73.662],[109.613,73.708],[109.541,73.764],[109.527,73.796],[109.558,73.834],[109.82,73.877],[109.887,73.961],[110.021,74.014],[110.3,74.019],[110.581,73.991],[110.959,73.909],[111.103,73.95],[111.068,73.98],[111.096,74.018],[111.126,74.03],[111.536,74.051],[111.582,74.026],[111.561,74.009],[111.35,73.986],[111.254,74.001],[111.198,73.978],[111.295,73.869],[111.281,73.86],[111.011,73.811],[110.878,73.768]]],[[[93.868,78.147],[93.629,78.157],[93.593,78.172],[93.6,78.188],[93.646,78.198],[93.793,78.203],[93.915,78.169],[93.921,78.157],[93.868,78.147]]],[[[92.457,79.11],[92.724,79.077],[92.517,79.08],[92.176,79.131],[92.213,79.14],[92.457,79.11]]],[[[92.991,79.42],[92.904,79.398],[92.813,79.399],[92.821,79.392],[92.792,79.383],[92.669,79.388],[92.587,79.415],[92.791,79.44],[92.991,79.42]]],[[[92.305,79.453],[92.471,79.433],[92.265,79.413],[92.305,79.392],[92.244,79.382],[91.785,79.42],[92.071,79.414],[92.182,79.448],[92.305,79.453]]],[[[91.372,79.486],[91.531,79.449],[91.385,79.461],[91.36,79.467],[91.364,79.478],[91.195,79.515],[90.794,79.564],[91.144,79.537],[91.372,79.486]]],[[[100.2,79.679],[100.31,79.666],[100.07,79.639],[99.944,79.591],[99.906,79.604],[99.935,79.632],[99.936,79.674],[99.983,79.698],[100.097,79.701],[100.083,79.686],[100.2,79.679]]],[[[94.328,80.029],[94.169,80.009],[94.183,79.995],[94.154,79.983],[93.994,79.965],[93.93,79.974],[93.984,80.015],[94.25,80.04],[94.328,80.029]]],[[[79.563,72.768],[79.572,72.741],[79.537,72.726],[79.395,72.704],[79.001,72.745],[78.91,72.741],[78.672,72.804],[78.639,72.849],[78.614,72.84],[78.609,72.806],[78.585,72.842],[78.64,72.892],[79.173,73.101],[79.368,73.035],[79.402,72.988],[79.541,72.926],[79.56,72.908],[79.491,72.908],[79.521,72.884],[79.519,72.847],[79.546,72.812],[79.532,72.792],[79.563,72.768]]],[[[84.355,74.019],[84.328,74.013],[84.418,73.97],[84.334,73.955],[84.179,73.985],[83.912,73.994],[83.885,74.019],[84.018,74.034],[84.158,74.019],[84.407,74.048],[84.411,74.027],[84.355,74.019]]],[[[83.513,74.121],[83.598,74.105],[83.62,74.091],[83.613,74.081],[83.528,74.067],[83.535,74.083],[83.503,74.086],[83.396,74.075],[83.466,74.047],[83.433,74.037],[83.081,74.087],[82.828,74.08],[82.814,74.094],[82.917,74.131],[83.18,74.155],[83.513,74.121]]],[[[82.568,74.163],[82.74,74.101],[82.62,74.055],[82.552,74.074],[82.353,74.081],[82.318,74.117],[82.399,74.153],[82.568,74.163]]],[[[84.871,74.506],[84.933,74.493],[84.935,74.482],[84.898,74.471],[84.674,74.478],[84.542,74.457],[84.768,74.41],[84.733,74.396],[84.439,74.426],[84.387,74.458],[84.592,74.499],[84.871,74.506]]],[[[85.539,74.574],[85.645,74.546],[85.631,74.511],[85.495,74.499],[85.501,74.465],[85.248,74.476],[85.167,74.512],[85.148,74.537],[85.237,74.575],[85.539,74.574]]],[[[86.078,74.555],[86.202,74.534],[86.207,74.512],[86.147,74.493],[86.113,74.487],[86.039,74.515],[85.968,74.512],[86.009,74.492],[85.992,74.477],[85.858,74.444],[85.658,74.471],[85.727,74.502],[85.803,74.574],[85.939,74.582],[86.078,74.555]]],[[[79.614,74.602],[79.521,74.55],[79.532,74.526],[79.49,74.517],[79.429,74.523],[79.149,74.608],[79.283,74.579],[79.317,74.591],[79.311,74.609],[79.183,74.629],[79.204,74.651],[79.244,74.659],[79.321,74.656],[79.293,74.636],[79.334,74.625],[79.614,74.602]]],[[[85.227,74.745],[85.115,74.746],[85.097,74.756],[85.113,74.766],[85.346,74.778],[85.496,74.814],[85.658,74.794],[85.662,74.754],[85.706,74.731],[85.679,74.723],[85.604,74.738],[85.506,74.716],[85.366,74.753],[85.227,74.745]]],[[[87.029,74.992],[87.139,74.937],[87.054,74.891],[86.945,74.884],[86.855,74.913],[86.727,74.916],[86.687,74.896],[86.826,74.851],[86.947,74.841],[86.92,74.82],[86.732,74.85],[86.32,74.851],[86.279,74.883],[86.213,74.903],[86.251,74.919],[86.32,74.9],[86.566,74.897],[86.598,74.917],[86.501,74.931],[86.529,74.951],[86.495,74.978],[86.524,74.987],[86.639,74.972],[86.619,74.951],[87.029,74.992]]],[[[82.24,75.376],[82.294,75.334],[82.041,75.338],[82.053,75.298],[82.034,75.28],[82.045,75.256],[81.993,75.232],[82.012,75.21],[82.013,75.177],[81.956,75.182],[81.907,75.208],[81.871,75.316],[81.818,75.324],[81.802,75.316],[81.814,75.293],[81.759,75.293],[81.712,75.314],[81.725,75.287],[81.688,75.277],[81.554,75.321],[81.582,75.348],[81.492,75.362],[81.752,75.463],[81.793,75.465],[81.741,75.424],[81.732,75.407],[81.773,75.397],[81.739,75.383],[81.94,75.394],[81.965,75.403],[81.945,75.42],[81.869,75.444],[81.951,75.465],[81.951,75.479],[81.897,75.492],[81.96,75.51],[82.171,75.52],[82.13,75.457],[82.134,75.441],[82.165,75.438],[82.131,75.424],[82.013,75.444],[82.053,75.42],[82.204,75.415],[82.24,75.376]]],[[[82.11,75.889],[82.228,75.887],[82.259,75.876],[82.223,75.86],[81.761,75.894],[81.554,75.931],[81.628,75.937],[82.11,75.889]]],[[[83.279,75.956],[83.297,75.943],[83.213,75.917],[83.062,75.931],[82.862,75.917],[82.843,75.925],[82.856,75.944],[82.824,75.955],[82.707,75.944],[82.534,75.958],[82.389,75.944],[82.278,75.955],[82.259,75.972],[82.415,75.965],[82.561,75.999],[82.657,75.999],[83.279,75.956]]],[[[96.644,76.267],[96.646,76.248],[96.578,76.195],[96.596,76.157],[96.549,76.163],[96.52,76.191],[96.562,76.232],[96.447,76.272],[96.347,76.255],[96.424,76.212],[96.278,76.222],[96.246,76.205],[96.396,76.178],[96.401,76.155],[96.321,76.136],[96.37,76.116],[96.345,76.105],[96.181,76.155],[95.891,76.154],[95.704,76.176],[95.663,76.191],[95.67,76.198],[95.311,76.201],[95.266,76.219],[95.321,76.239],[95.314,76.277],[95.35,76.289],[95.469,76.286],[95.57,76.238],[95.727,76.291],[95.812,76.303],[95.872,76.28],[96.068,76.28],[96.072,76.236],[96.104,76.232],[96.22,76.301],[96.283,76.309],[96.644,76.267]]],[[[113.292,76.363],[113.118,76.377],[113.208,76.433],[113.264,76.444],[113.309,76.423],[113.262,76.397],[113.409,76.387],[113.447,76.369],[113.292,76.363]]],[[[111.959,76.602],[112.021,76.61],[111.966,76.63],[112.146,76.637],[112.272,76.616],[112.309,76.623],[112.329,76.657],[112.367,76.658],[112.415,76.636],[112.528,76.623],[112.487,76.602],[112.549,76.582],[112.521,76.568],[112.57,76.555],[112.508,76.541],[112.714,76.52],[112.576,76.5],[112.618,76.459],[112.568,76.444],[112.423,76.466],[112.31,76.534],[112.119,76.549],[112.046,76.588],[111.959,76.602]]],[[[96.472,76.692],[96.394,76.68],[96.361,76.665],[96.37,76.643],[96.313,76.623],[95.89,76.616],[95.89,76.651],[95.926,76.666],[96.004,76.68],[96.08,76.668],[96.232,76.712],[96.466,76.712],[96.472,76.692]]],[[[95.65,76.678],[95.734,76.698],[95.835,76.692],[95.793,76.669],[95.684,76.651],[95.48,76.654],[95.437,76.671],[95.417,76.705],[95.521,76.717],[95.595,76.676],[95.65,76.678]]],[[[97.476,76.65],[97.485,76.63],[97.596,76.602],[97.565,76.587],[97.343,76.599],[97.315,76.61],[97.391,76.635],[97.387,76.654],[97.372,76.672],[97.288,76.692],[97.446,76.715],[97.468,76.697],[97.476,76.65]]],[[[96.527,77.206],[96.589,77.144],[96.477,77.082],[96.266,77.034],[96.308,77.014],[96.235,76.99],[96.12,77.007],[95.684,76.952],[95.797,76.993],[95.951,77.014],[95.918,77.031],[95.257,76.992],[95.232,77.006],[95.421,77.055],[95.581,77.079],[95.705,77.075],[96.302,77.161],[96.462,77.21],[96.527,77.206]]],[[[105.785,77.281],[105.903,77.304],[105.97,77.305],[106.011,77.287],[105.912,77.276],[105.862,77.255],[105.785,77.281]]],[[[89.689,77.281],[89.728,77.244],[89.817,77.211],[89.747,77.164],[89.493,77.141],[89.301,77.147],[89.135,77.218],[89.213,77.278],[89.304,77.308],[89.604,77.313],[89.689,77.281]]],[[[106.361,77.322],[106.457,77.322],[106.39,77.305],[106.354,77.307],[106.333,77.322],[106.361,77.322]]],[[[107.745,77.329],[107.743,77.313],[107.704,77.294],[107.722,77.27],[107.345,77.233],[107.205,77.234],[107.238,77.253],[107.457,77.281],[107.28,77.302],[107.395,77.36],[107.606,77.329],[107.745,77.329]]],[[[106.861,77.446],[106.881,77.425],[106.766,77.426],[106.701,77.384],[106.525,77.39],[106.527,77.406],[106.562,77.422],[106.56,77.438],[106.73,77.47],[106.925,77.467],[106.943,77.459],[106.925,77.452],[106.861,77.446]]],[[[107.704,78.137],[107.704,78.123],[107.62,78.082],[107.451,78.053],[107.422,78.074],[107.435,78.091],[107.391,78.102],[107.204,78.083],[106.395,78.131],[106.477,78.163],[106.93,78.183],[106.936,78.172],[107.259,78.164],[107.338,78.191],[107.565,78.188],[107.704,78.137]]],[[[106.532,78.254],[106.194,78.193],[105.991,78.219],[106.026,78.257],[106.069,78.271],[106.338,78.266],[106.389,78.289],[106.381,78.295],[106.417,78.328],[106.47,78.343],[106.605,78.341],[106.766,78.308],[106.733,78.266],[106.66,78.264],[106.621,78.286],[106.45,78.261],[106.532,78.254]]],[[[105.416,78.583],[105.368,78.543],[105.38,78.535],[105.357,78.506],[105.209,78.474],[104.787,78.336],[104.63,78.357],[104.353,78.341],[103.713,78.256],[103.121,78.244],[103.016,78.256],[102.866,78.219],[102.893,78.207],[102.837,78.186],[102.66,78.164],[102.681,78.213],[102.607,78.226],[102.239,78.22],[102.025,78.185],[101.975,78.212],[101.614,78.19],[101.21,78.194],[101.012,78.13],[100.583,78.061],[100.483,78.03],[100.366,78.023],[100.037,77.962],[99.871,77.952],[99.659,77.966],[99.515,77.944],[99.474,77.96],[99.371,77.96],[99.426,77.987],[99.268,78.042],[99.426,78.076],[99.536,78.145],[99.522,78.165],[99.543,78.18],[99.604,78.192],[99.755,78.265],[99.969,78.334],[100.05,78.343],[99.998,78.385],[100.016,78.405],[100.001,78.418],[100.097,78.449],[100.15,78.487],[100.131,78.501],[100.142,78.511],[100.276,78.58],[100.289,78.593],[100.255,78.624],[100.255,78.665],[100.331,78.694],[100.385,78.752],[100.602,78.798],[100.734,78.776],[100.994,78.764],[101.031,78.743],[101.166,78.761],[101.082,78.786],[100.904,78.788],[100.824,78.809],[100.833,78.832],[100.782,78.863],[100.785,78.895],[100.878,78.946],[100.907,78.985],[101.07,79.035],[101.592,78.977],[101.626,78.987],[100.988,79.063],[101.043,79.133],[101.196,79.147],[101.126,79.165],[101.194,79.203],[101.31,79.239],[101.498,79.24],[101.557,79.254],[101.541,79.274],[101.564,79.296],[101.529,79.302],[101.551,79.33],[101.544,79.341],[101.647,79.364],[101.818,79.371],[101.952,79.302],[101.967,79.284],[101.961,79.261],[102.246,79.242],[102.263,79.254],[102.168,79.292],[102.14,79.357],[102.197,79.408],[102.303,79.433],[102.606,79.417],[102.752,79.389],[102.894,79.381],[102.944,79.341],[103.138,79.325],[103.153,79.31],[103.064,79.282],[102.93,79.276],[102.825,79.227],[102.86,79.22],[102.743,79.159],[102.798,79.138],[102.674,79.077],[102.7,79.052],[102.691,79.032],[102.64,79.014],[102.636,78.997],[102.44,78.886],[102.379,78.822],[102.53,78.843],[102.666,78.892],[102.688,78.918],[102.79,78.956],[102.887,79.045],[102.921,79.058],[103.144,79.058],[103.278,79.083],[103.305,79.097],[103.297,79.104],[103.349,79.116],[103.463,79.114],[103.517,79.127],[103.531,79.159],[103.624,79.171],[103.647,79.165],[103.606,79.138],[103.808,79.154],[104.001,79.128],[104.023,79.097],[103.976,79.063],[104.074,79.033],[104.073,79.005],[104.383,78.989],[104.455,78.967],[104.504,78.925],[104.483,78.891],[104.525,78.885],[104.499,78.864],[104.367,78.857],[104.645,78.839],[104.659,78.82],[104.638,78.791],[104.579,78.775],[104.725,78.791],[104.757,78.819],[104.723,78.843],[104.759,78.853],[105.059,78.843],[105.175,78.809],[105.257,78.74],[105.24,78.725],[105.25,78.713],[105.344,78.642],[105.334,78.605],[105.416,78.583]]],[[[77.614,79.522],[77.583,79.496],[76.696,79.478],[76.641,79.487],[76.699,79.518],[76.621,79.549],[76.552,79.536],[76.174,79.569],[76.052,79.629],[76.051,79.649],[76.103,79.662],[76.224,79.657],[76.277,79.645],[76.14,79.639],[76.199,79.609],[76.269,79.604],[76.407,79.617],[76.423,79.637],[76.482,79.644],[77.614,79.522]]],[[[93.628,79.933],[93.724,79.927],[93.814,79.899],[93.747,79.856],[93.052,79.715],[92.625,79.673],[91.922,79.679],[91.97,79.693],[91.916,79.707],[91.945,79.716],[92.148,79.734],[92.308,79.715],[92.353,79.734],[92.322,79.757],[92.099,79.81],[91.073,79.851],[91.059,79.861],[91.083,79.884],[91.262,79.903],[91.299,79.919],[91.232,79.942],[91.018,79.967],[91.182,79.995],[91.161,80.027],[91.114,80.049],[90.867,80.063],[90.902,80.074],[91.596,80.038],[91.782,80.064],[92.04,80.037],[92.424,80.031],[92.649,79.984],[93.628,79.933]]],[[[99.886,79.041],[99.863,79.024],[99.947,78.97],[99.926,78.946],[99.406,78.822],[99.133,78.827],[98.928,78.807],[98.603,78.816],[98.555,78.803],[98.603,78.793],[98.58,78.782],[98.327,78.785],[98.24,78.809],[98.09,78.809],[98.117,78.816],[98.083,78.824],[97.946,78.809],[97.761,78.809],[97.674,78.828],[97.442,78.817],[97.404,78.83],[97.452,78.838],[97.56,78.831],[97.603,78.843],[97.264,78.853],[96.919,78.941],[96.842,78.946],[96.869,78.967],[96.799,78.989],[96.28,78.994],[96.37,79.022],[95.932,78.993],[95.697,78.998],[95.65,79.02],[95.643,79.049],[95.67,79.069],[95.468,79.112],[95.067,79.038],[95.018,79.039],[94.957,79.07],[94.827,79.067],[94.632,79.127],[94.623,79.138],[94.65,79.179],[94.617,79.201],[94.334,79.249],[94.323,79.283],[94.355,79.316],[94.313,79.35],[94.321,79.392],[94.362,79.44],[94.312,79.479],[94.053,79.474],[94.081,79.447],[93.988,79.427],[93.697,79.46],[93.925,79.471],[93.991,79.494],[93.792,79.521],[93.749,79.544],[93.69,79.542],[93.8,79.563],[93.882,79.604],[93.721,79.595],[93.685,79.563],[93.558,79.549],[93.449,79.515],[93.443,79.501],[93.458,79.495],[93.539,79.487],[93.364,79.47],[93.236,79.439],[93.114,79.467],[93.32,79.501],[93.279,79.52],[93.054,79.519],[93.019,79.529],[93.042,79.534],[92.854,79.556],[92.903,79.575],[93.157,79.543],[93.28,79.552],[93.761,79.651],[93.786,79.659],[93.794,79.688],[93.848,79.71],[94.169,79.775],[94.69,79.816],[94.516,79.854],[94.36,79.868],[94.323,79.894],[94.225,79.899],[94.297,79.927],[94.382,79.933],[94.321,79.967],[94.351,79.977],[94.451,79.967],[94.75,80.007],[94.8,80.029],[94.794,80.043],[94.936,80.071],[94.91,80.097],[94.952,80.104],[95.108,80.073],[95.108,80.056],[95.242,80.022],[95.349,80.033],[95.363,80.079],[95.502,80.111],[96.11,80.111],[96.103,80.09],[96.174,80.091],[96.27,80.118],[96.36,80.099],[96.501,80.107],[96.608,80.138],[96.716,80.118],[97.592,80.175],[97.829,80.131],[97.944,80.079],[98.09,80.056],[98.007,80.015],[97.848,79.997],[97.856,79.977],[97.768,79.946],[97.829,79.933],[97.752,79.886],[97.583,79.857],[97.658,79.83],[97.521,79.809],[97.63,79.789],[97.609,79.777],[97.213,79.72],[97.192,79.707],[97.216,79.701],[97.706,79.763],[97.723,79.805],[97.918,79.857],[97.884,79.877],[97.926,79.902],[98.088,79.906],[98.256,79.873],[98.377,79.878],[98.453,79.906],[98.419,79.919],[98.487,79.94],[98.473,79.946],[98.487,79.956],[98.582,79.976],[98.439,80.015],[98.557,80.059],[98.756,80.038],[99.199,80.05],[99.248,80.036],[99.158,80.015],[99.332,80.02],[99.376,80.0],[99.35,79.988],[99.376,79.98],[99.563,79.967],[99.502,79.953],[99.536,79.936],[99.735,79.923],[99.803,79.906],[99.881,79.859],[100.022,79.824],[100.002,79.805],[100.077,79.783],[100.054,79.767],[99.817,79.742],[99.881,79.711],[99.886,79.693],[99.768,79.645],[99.778,79.625],[99.707,79.569],[99.789,79.522],[99.686,79.474],[99.734,79.42],[99.696,79.388],[99.748,79.364],[99.667,79.312],[99.604,79.296],[99.583,79.275],[99.47,79.266],[99.46,79.248],[99.147,79.311],[99.035,79.296],[99.583,79.173],[99.611,79.159],[99.583,79.149],[99.488,79.145],[99.527,79.124],[99.821,79.101],[99.855,79.09],[99.886,79.041]]],[[[79.807,80.974],[80.437,80.94],[80.4,80.886],[80.326,80.861],[79.128,80.807],[78.975,80.843],[79.121,80.93],[79.211,80.961],[79.807,80.974]]],[[[91.547,81.154],[91.571,81.143],[91.559,81.13],[91.371,81.104],[91.333,81.081],[91.186,81.057],[89.996,81.105],[89.915,81.133],[89.923,81.158],[89.894,81.174],[90.072,81.215],[91.455,81.193],[91.547,81.154]]],[[[97.747,80.742],[97.927,80.741],[97.973,80.721],[97.944,80.7],[97.78,80.691],[97.719,80.664],[97.555,80.674],[97.373,80.653],[97.294,80.671],[97.131,80.666],[97.192,80.645],[97.047,80.584],[97.059,80.572],[97.02,80.548],[97.021,80.526],[97.149,80.487],[97.147,80.454],[97.209,80.431],[97.192,80.392],[97.206,80.356],[97.423,80.327],[97.39,80.296],[97.219,80.262],[97.233,80.248],[97.188,80.234],[95.034,80.138],[94.863,80.152],[94.718,80.118],[94.53,80.131],[94.458,80.094],[94.173,80.042],[93.851,80.02],[93.75,79.997],[92.984,80.097],[92.965,80.111],[92.505,80.158],[92.066,80.172],[92.167,80.188],[92.195,80.208],[92.837,80.16],[92.888,80.172],[92.857,80.188],[92.7,80.204],[92.439,80.21],[92.281,80.23],[92.218,80.265],[92.107,80.29],[92.692,80.299],[93.289,80.267],[93.32,80.276],[93.244,80.31],[91.532,80.29],[91.641,80.317],[91.422,80.31],[91.472,80.35],[91.625,80.36],[91.689,80.372],[91.662,80.385],[91.989,80.402],[92.071,80.388],[92.121,80.399],[92.1,80.404],[92.562,80.379],[92.628,80.392],[92.097,80.419],[91.888,80.46],[92.277,80.509],[92.769,80.517],[92.793,80.529],[92.821,80.584],[92.779,80.597],[92.813,80.617],[92.825,80.651],[92.889,80.68],[93.24,80.769],[93.272,80.783],[93.27,80.797],[92.898,80.762],[92.755,80.776],[92.682,80.755],[92.535,80.753],[92.503,80.759],[92.497,80.776],[92.731,80.851],[92.677,80.879],[93.148,80.931],[93.163,80.947],[93.076,80.973],[93.053,80.995],[93.471,81.044],[93.655,81.032],[93.7,81.054],[94.059,81.069],[94.386,81.114],[94.557,81.104],[94.89,81.144],[95.187,81.218],[95.547,81.221],[95.061,81.242],[95.034,81.249],[95.104,81.271],[95.777,81.289],[96.02,81.234],[95.966,81.223],[95.968,81.205],[96.135,81.202],[96.171,81.193],[96.157,81.18],[96.185,81.171],[96.275,81.161],[96.294,81.139],[96.555,81.077],[96.533,81.065],[96.544,81.03],[96.733,81.008],[96.644,80.988],[96.726,80.974],[96.766,80.95],[96.911,80.933],[96.973,80.906],[97.425,80.851],[97.411,80.837],[97.755,80.829],[97.789,80.817],[97.747,80.796],[97.884,80.769],[97.747,80.742]]],[[[92.062,77.63],[92.11,77.622],[92.11,77.611],[91.985,77.587],[91.911,77.6],[91.866,77.629],[91.944,77.644],[92.062,77.63]]],[[[83.305,70.806],[83.469,70.738],[83.444,70.691],[83.305,70.645],[83.301,70.605],[83.259,70.549],[83.265,70.511],[83.309,70.481],[83.31,70.443],[83.194,70.379],[83.065,70.365],[83.132,70.434],[83.118,70.48],[83.147,70.65],[83.207,70.686],[83.231,70.769],[83.257,70.801],[83.305,70.806]]],[[[97.646,76.756],[97.623,76.737],[97.566,76.752],[97.46,76.718],[97.448,76.742],[97.161,76.754],[97.639,76.773],[97.646,76.756]]],[[[89.047,77.141],[89.136,77.127],[88.969,77.039],[89.019,77.013],[88.989,76.99],[88.92,76.977],[88.816,76.985],[88.7,77.04],[88.664,77.08],[88.786,77.124],[89.047,77.141]]]]}},{"type":"Feature","id":"RU-KGN","properties":{"code":"RU-KGN","name":"Kurgan Oblast","district":"Ural","country":"RU","special":false},"geometry":{"type":"Polygon","coordinates":[[[68.734,55.352],[68.701,55.36],[68.676,55.273],[68.614,55.243],[68.605,55.196],[68.477,55.183],[68.377,55.195],[68.306,55.181],[68.262,55.194],[68.177,55.171],[68.207,55.154],[68.191,55.125],[68.308,55.073],[68.304,55.053],[68.235,55.039],[68.166,54.956],[68.01,54.943],[67.882,54.97],[67.817,54.952],[67.698,54.868],[67.623,54.854],[67.311,54.86],[67.213,54.797],[67.099,54.792],[66.977,54.764],[66.782,54.758],[66.7,54.719],[66.447,54.711],[65.977,54.612],[65.961,54.628],[65.952,54.694],[65.933,54.703],[65.827,54.673],[65.744,54.601],[65.45,54.627],[65.449,54.557],[65.342,54.561],[65.198,54.516],[65.202,54.473],[65.181,54.449],[65.213,54.343],[65.184,54.31],[65.085,54.309],[64.978,54.387],[64.911,54.403],[64.72,54.334],[64.653,54.347],[64.579,54.386],[64.511,54.365],[64.467,54.372],[64.433,54.352],[64.294,54.353],[64.177,54.321],[64.094,54.324],[64.06,54.304],[64.004,54.32],[63.979,54.296],[64.025,54.255],[64.008,54.229],[63.897,54.194],[63.709,54.25],[63.545,54.206],[63.478,54.204],[63.368,54.163],[63.329,54.163],[63.34,54.236],[63.326,54.254],[63.257,54.243],[63.199,54.306],[63.092,54.319],[63.128,54.347],[63.119,54.392],[63.186,54.409],[63.13,54.448],[63.134,54.479],[63.161,54.482],[63.194,54.456],[63.238,54.478],[63.247,54.506],[63.298,54.526],[63.288,54.574],[63.226,54.597],[63.237,54.639],[63.192,54.686],[62.915,54.696],[62.842,54.66],[62.711,54.626],[62.63,54.662],[62.599,54.629],[62.571,54.625],[62.529,54.677],[62.572,54.705],[62.564,54.721],[62.465,54.711],[62.431,54.725],[62.379,54.672],[62.261,54.651],[62.194,54.681],[62.147,54.644],[62.106,54.654],[62.095,54.7],[62.019,54.728],[62.038,54.775],[62.123,54.815],[62.083,54.855],[62.085,54.879],[61.98,54.934],[61.967,55.001],[61.989,55.035],[62.109,55.047],[62.162,54.999],[62.198,54.997],[62.201,55.06],[62.266,55.105],[62.27,55.131],[62.221,55.129],[62.189,55.158],[62.226,55.214],[62.18,55.217],[62.165,55.242],[62.031,55.273],[62.049,55.311],[62.241,55.346],[62.24,55.372],[62.167,55.401],[62.198,55.438],[62.298,55.402],[62.378,55.435],[62.465,55.424],[62.485,55.442],[62.452,55.459],[62.45,55.477],[62.539,55.486],[62.587,55.509],[62.516,55.564],[62.457,55.568],[62.51,55.591],[62.549,55.639],[62.514,55.667],[62.517,55.738],[62.42,55.821],[62.333,55.84],[62.299,55.82],[62.264,55.833],[62.253,55.849],[62.268,55.89],[62.343,55.905],[62.325,55.957],[62.298,55.979],[62.253,55.932],[62.212,55.943],[62.218,56.026],[62.11,56.08],[62.126,56.127],[62.072,56.134],[62.068,56.281],[62.133,56.291],[62.253,56.363],[62.276,56.422],[62.333,56.469],[62.387,56.484],[62.412,56.514],[62.542,56.578],[62.603,56.567],[62.59,56.524],[62.605,56.5],[62.624,56.498],[62.645,56.513],[62.712,56.507],[62.773,56.559],[62.863,56.55],[62.889,56.585],[63.001,56.598],[63.13,56.567],[63.306,56.578],[63.305,56.546],[63.357,56.515],[63.355,56.559],[63.39,56.58],[63.382,56.608],[63.408,56.624],[63.571,56.604],[63.595,56.557],[63.67,56.536],[63.736,56.541],[63.766,56.508],[63.846,56.49],[63.962,56.478],[64.041,56.493],[64.173,56.468],[64.222,56.483],[64.236,56.511],[64.196,56.552],[64.212,56.594],[64.31,56.606],[64.323,56.643],[64.361,56.658],[64.365,56.682],[64.327,56.698],[64.323,56.747],[64.484,56.76],[64.517,56.771],[64.542,56.808],[64.743,56.813],[64.838,56.842],[64.91,56.819],[64.892,56.79],[64.995,56.768],[64.981,56.747],[64.998,56.689],[64.986,56.665],[65.024,56.64],[64.996,56.576],[65.001,56.538],[64.973,56.525],[64.967,56.501],[65.088,56.448],[65.142,56.379],[65.208,56.368],[65.208,56.355],[65.115,56.329],[65.157,56.293],[65.241,56.285],[65.334,56.303],[65.667,56.274],[65.693,56.209],[65.776,56.148],[65.794,56.113],[65.861,56.065],[66.015,55.991],[66.089,56.003],[66.186,56.068],[66.298,56.058],[66.435,55.953],[66.589,55.983],[66.683,56.043],[66.738,56.049],[66.768,56.04],[66.802,55.967],[66.821,55.961],[66.903,55.963],[66.989,55.989],[67.149,55.95],[67.297,55.959],[67.299,55.897],[67.447,55.735],[67.591,55.711],[67.825,55.721],[67.892,55.672],[67.941,55.664],[68.12,55.709],[68.176,55.71],[68.189,55.7],[68.175,55.586],[68.311,55.561],[68.335,55.492],[68.436,55.467],[68.466,55.407],[68.599,55.425],[68.632,55.389],[68.723,55.368],[68.734,55.352]]]}},{"type":"Feature","id":"RU-KRS","properties":{"code":"RU-KRS","name":"Kursk Oblast","district":"Central","country":"RU","special":false},"geometry":{"type":"Polygon","coordinates":[[[34.357,51.706],[34.414,51.736],[34.413,51.778],[34.371,51.827],[34.388,51.856],[34.382,51.875],[34.436,51.903],[34.336,51.935],[34.385,51.996],[34.484,52.038],[34.521,52.069],[34.557,52.038],[34.588,52.034],[34.684,52.072],[34.709,52.102],[34.71,52.134],[34.661,52.165],[34.675,52.2],[34.723,52.217],[34.774,52.216],[34.764,52.192],[34.779,52.187],[34.842,52.2],[34.884,52.234],[34.856,52.255],[34.916,52.316],[34.897,52.353],[35.015,52.325],[35.105,52.33],[35.241,52.39],[35.369,52.363],[35.396,52.414],[35.477,52.401],[35.549,52.433],[35.576,52.422],[35.576,52.376],[35.64,52.328],[35.614,52.266],[35.629,52.249],[35.766,52.287],[35.91,52.275],[35.993,52.312],[36.102,52.31],[36.305,52.372],[36.351,52.368],[36.479,52.275],[36.493,52.24],[36.615,52.206],[36.669,52.174],[36.748,52.172],[36.82,52.12],[36.948,52.091],[36.99,52.103],[37.144,52.073],[37.187,52.079],[37.195,52.036],[37.387,51.927],[37.451,51.957],[37.476,52.007],[37.513,52.011],[37.582,52.004],[37.652,51.971],[37.711,51.984],[37.759,52.015],[37.779,51.952],[37.808,51.917],[37.866,51.924],[37.891,51.884],[37.997,51.879],[38.11,51.929],[38.198,51.913],[38.232,51.945],[38.299,51.961],[38.304,51.915],[38.362,51.93],[38.41,51.92],[38.426,51.815],[38.387,51.776],[38.428,51.747],[38.505,51.732],[38.41,51.688],[38.213,51.707],[38.202,51.685],[38.219,51.632],[38.149,51.644],[38.14,51.629],[38.223,51.552],[38.275,51.531],[38.286,51.367],[38.352,51.372],[38.292,51.292],[38.04,51.356],[38.027,51.369],[38.052,51.391],[38.042,51.421],[37.932,51.42],[37.884,51.4],[37.818,51.419],[37.667,51.366],[37.581,51.371],[37.539,51.394],[37.453,51.373],[37.369,51.386],[37.249,51.331],[37.137,51.341],[37.119,51.301],[37.125,51.233],[37.093,51.231],[37.082,51.252],[37.054,51.247],[36.948,51.184],[36.856,51.186],[36.689,51.127],[36.611,51.078],[36.506,51.123],[36.476,51.086],[36.376,51.125],[36.33,51.105],[36.256,51.104],[36.213,51.125],[36.099,51.13],[36.041,51.16],[35.984,51.16],[35.94,51.116],[35.999,51.053],[35.958,51.048],[35.915,51.011],[35.877,51.012],[35.81,50.94],[35.731,50.971],[35.711,50.931],[35.663,50.918],[35.613,50.939],[35.546,50.906],[35.504,50.918],[35.518,50.944],[35.455,50.963],[35.388,50.952],[35.282,50.961],[35.278,50.993],[35.347,51.008],[35.346,51.037],[35.274,51.049],[35.173,51.041],[35.144,51.058],[35.079,51.208],[34.946,51.214],[34.818,51.175],[34.675,51.168],[34.643,51.181],[34.608,51.234],[34.513,51.23],[34.372,51.257],[34.282,51.226],[34.186,51.249],[34.284,51.301],[34.309,51.335],[34.3,51.368],[34.247,51.363],[34.186,51.394],[34.187,51.408],[34.217,51.417],[34.224,51.515],[34.153,51.584],[34.14,51.621],[34.08,51.643],[34.089,51.667],[34.128,51.681],[34.357,51.706]]]}},{"type":"Feature","id":"RU-LEN","properties":{"code":"RU-LEN","name":"Leningrad Oblast","district":"Northwestern","country":"RU","special":false},"geometry":{"type":"MultiPolygon","coordinates":[[[[28.004,60.664],[28.148,60.758],[28.244,60.792],[28.336,60.859],[28.481,60.933],[28.615,60.962],[28.798,61.097],[29.13,61.213],[29.203,61.246],[29.277,61.305],[29.491,61.239],[29.553,61.177],[29.576,61.171],[29.87,61.176],[32.703,60.646],[32.839,60.669],[32.91,60.724],[33.106,60.746],[33.136,60.78],[33.207,60.807],[33.148,60.83],[33.235,60.893],[33.423,60.936],[33.405,60.977],[33.417,61.0],[33.48,60.999],[33.561,60.967],[33.763,60.95],[33.812,60.991],[33.866,61.088],[33.742,61.124],[33.686,61.118],[33.629,61.076],[33.571,61.074],[33.465,61.123],[33.442,61.151],[33.447,61.168],[33.535,61.221],[34.216,61.242],[34.339,61.202],[34.379,61.156],[34.406,61.147],[34.453,61.163],[34.467,61.19],[34.454,61.221],[34.532,61.266],[34.639,61.279],[34.733,61.321],[34.822,61.278],[35.258,61.254],[35.332,61.287],[35.358,61.267],[35.332,61.18],[35.436,61.162],[35.604,61.188],[35.679,61.152],[35.692,61.128],[35.64,61.09],[35.628,61.058],[35.498,60.981],[35.489,60.959],[35.515,60.927],[35.45,60.864],[35.281,60.85],[35.144,60.777],[35.15,60.752],[35.201,60.725],[35.239,60.659],[35.259,60.585],[35.252,60.445],[35.227,60.332],[35.147,60.269],[35.144,60.14],[35.176,60.105],[35.173,60.08],[35.091,60.044],[35.085,60.024],[35.238,59.985],[35.413,59.973],[35.474,59.923],[35.411,59.904],[35.382,59.875],[35.406,59.712],[35.465,59.694],[35.627,59.71],[35.641,59.653],[35.593,59.623],[35.497,59.647],[35.494,59.547],[35.435,59.525],[35.498,59.507],[35.486,59.485],[35.289,59.499],[35.449,59.428],[35.406,59.37],[35.32,59.339],[35.324,59.323],[35.385,59.312],[35.382,59.3],[35.244,59.294],[35.182,59.265],[35.038,59.251],[34.948,59.226],[34.916,59.247],[34.806,59.139],[34.798,59.102],[34.554,59.109],[34.499,59.136],[34.431,59.143],[34.366,59.178],[34.253,59.199],[34.214,59.171],[34.131,59.172],[34.108,59.145],[34.0,59.149],[33.946,59.167],[33.909,59.21],[33.867,59.198],[33.827,59.21],[33.725,59.298],[33.642,59.311],[33.608,59.343],[33.52,59.373],[33.354,59.378],[33.34,59.321],[33.256,59.323],[33.169,59.368],[33.062,59.384],[33.01,59.43],[32.961,59.427],[32.935,59.38],[32.848,59.347],[32.737,59.272],[32.734,59.254],[32.766,59.216],[32.76,59.201],[32.706,59.142],[32.653,59.125],[32.631,59.168],[32.584,59.181],[32.415,59.205],[32.302,59.2],[32.29,59.213],[32.314,59.234],[32.31,59.258],[32.274,59.286],[32.229,59.29],[32.213,59.333],[32.152,59.357],[32.124,59.394],[32.01,59.374],[31.941,59.398],[31.915,59.392],[31.882,59.375],[31.837,59.321],[31.807,59.312],[31.552,59.368],[31.532,59.353],[31.543,59.312],[31.529,59.264],[31.56,59.232],[31.557,59.215],[31.509,59.2],[31.452,59.092],[31.372,59.06],[31.322,59.021],[31.306,58.985],[31.258,58.981],[31.196,59.024],[31.155,59.077],[31.001,59.075],[30.981,59.06],[30.965,58.978],[30.728,58.829],[30.706,58.749],[30.39,58.71],[30.28,58.754],[30.166,58.765],[30.101,58.73],[30.116,58.692],[30.095,58.663],[30.092,58.624],[30.167,58.536],[30.116,58.521],[30.123,58.489],[30.063,58.468],[30.041,58.443],[29.659,58.451],[29.539,58.48],[29.524,58.493],[29.564,58.53],[29.493,58.541],[29.457,58.592],[29.248,58.623],[29.303,58.645],[29.257,58.695],[28.965,58.783],[28.979,58.812],[28.757,58.827],[28.552,58.865],[28.28,58.852],[28.191,58.912],[28.122,58.993],[27.935,58.995],[27.873,59.014],[27.696,58.977],[27.842,59.161],[27.891,59.258],[27.882,59.276],[27.96,59.306],[28.077,59.305],[28.097,59.319],[28.001,59.334],[28.158,59.364],[28.182,59.356],[28.186,59.375],[28.138,59.4],[28.105,59.439],[28.019,59.482],[28.073,59.578],[28.0,59.681],[28.007,59.758],[28.087,59.799],[28.124,59.792],[28.185,59.759],[28.224,59.691],[28.375,59.666],[28.418,59.708],[28.428,59.813],[28.476,59.852],[28.536,59.86],[28.718,59.787],[28.767,59.8],[28.833,59.787],[28.884,59.817],[28.976,59.831],[29.034,59.887],[28.98,59.93],[29.014,59.93],[29.089,59.98],[29.161,60.003],[29.697,59.95],[29.68,59.869],[29.781,59.825],[29.85,59.828],[29.881,59.789],[29.981,59.749],[30.113,59.663],[30.259,59.61],[30.371,59.604],[30.502,59.631],[30.556,59.686],[30.596,59.701],[30.671,59.693],[30.748,59.726],[30.756,59.777],[30.512,59.862],[30.527,59.97],[30.5,59.996],[30.374,60.036],[30.35,60.063],[30.39,60.123],[30.179,60.148],[29.633,60.266],[29.504,60.242],[29.447,60.211],[29.418,60.169],[29.092,60.178],[29.015,60.197],[28.922,60.28],[28.86,60.295],[28.799,60.369],[28.788,60.341],[28.746,60.342],[28.617,60.382],[28.439,60.56],[28.507,60.56],[28.544,60.51],[28.684,60.456],[28.703,60.461],[28.699,60.5],[28.661,60.535],[28.664,60.614],[28.685,60.615],[28.645,60.67],[28.655,60.682],[28.713,60.67],[28.735,60.693],[28.722,60.721],[28.69,60.738],[28.574,60.683],[28.401,60.665],[28.383,60.624],[28.322,60.621],[28.343,60.594],[28.295,60.601],[28.216,60.548],[28.158,60.553],[28.137,60.533],[27.9,60.528],[27.871,60.54],[27.863,60.567],[27.816,60.528],[27.794,60.533],[28.004,60.664]]],[[[28.635,60.601],[28.599,60.577],[28.576,60.58],[28.561,60.629],[28.605,60.645],[28.635,60.601]]],[[[27.885,60.011],[27.892,59.995],[27.82,59.983],[27.803,59.999],[27.82,60.031],[27.885,60.011]]],[[[28.712,60.295],[28.721,60.288],[28.695,60.261],[28.624,60.27],[28.551,60.303],[28.541,60.347],[28.58,60.349],[28.712,60.295]]],[[[28.517,60.338],[28.518,60.313],[28.504,60.311],[28.426,60.361],[28.485,60.362],[28.517,60.338]]]]}},{"type":"Feature","id":"RU-LIP","properties":{"code":"RU-LIP","name":"Lipetsk Oblast","district":"Central","country":"RU","special":false},"geometry":{"type":"Polygon","coordinates":[[[40.16,53.342],[40.107,53.276],[40.145,53.088],[40.093,53.023],[40.121,52.983],[40.075,52.956],[40.07,52.925],[40.095,52.883],[40.084,52.813],[40.036,52.807],[40.04,52.788],[39.979,52.769],[39.953,52.743],[39.984,52.71],[39.952,52.659],[39.98,52.628],[40.04,52.607],[40.05,52.569],[40.259,52.479],[40.336,52.399],[40.5,52.367],[40.549,52.342],[40.576,52.304],[40.62,52.318],[40.692,52.281],[40.699,52.219],[40.658,52.196],[40.616,52.129],[40.632,52.066],[40.512,52.035],[40.504,51.954],[40.16,51.966],[40.122,51.992],[40.03,51.954],[39.913,51.98],[39.881,51.969],[39.875,51.946],[39.842,51.922],[39.738,51.924],[39.497,51.973],[39.514,52.024],[39.447,52.082],[39.265,52.105],[39.161,52.093],[39.163,52.056],[39.13,52.068],[39.109,52.06],[39.098,52.007],[39.036,51.988],[38.994,52.001],[38.871,52.096],[38.806,52.092],[38.762,52.052],[38.724,52.063],[38.688,52.1],[38.647,52.063],[38.575,52.063],[38.543,52.028],[38.385,52.0],[38.232,51.945],[38.198,51.913],[38.11,51.929],[37.997,51.879],[37.886,51.885],[37.876,51.918],[37.813,51.915],[37.779,51.952],[37.776,51.993],[37.747,52.017],[37.778,52.161],[37.848,52.211],[37.885,52.211],[37.897,52.229],[37.948,52.246],[38.017,52.252],[37.993,52.279],[38.038,52.345],[37.961,52.414],[37.879,52.43],[37.88,52.451],[37.91,52.462],[37.904,52.481],[37.778,52.511],[37.811,52.559],[37.712,52.613],[37.751,52.638],[37.809,52.641],[37.777,52.723],[37.873,52.776],[37.862,52.807],[37.79,52.845],[37.844,52.882],[37.795,52.912],[37.841,53.009],[37.905,53.069],[38.1,53.061],[38.21,53.013],[38.266,53.023],[38.328,52.962],[38.473,53.041],[38.531,53.034],[38.595,53.049],[38.594,53.072],[38.636,53.114],[38.577,53.168],[38.598,53.236],[38.477,53.31],[38.676,53.344],[38.754,53.376],[38.756,53.399],[38.714,53.444],[38.729,53.479],[38.697,53.5],[38.733,53.537],[38.886,53.565],[39.048,53.547],[39.101,53.463],[39.182,53.386],[39.484,53.432],[39.524,53.462],[39.512,53.525],[39.727,53.592],[39.886,53.519],[39.909,53.487],[39.904,53.422],[40.052,53.382],[40.123,53.398],[40.118,53.366],[40.16,53.342]]]}},{"type":"Feature","id":"RU-ME","properties":{"code":"RU-ME","name":"Mari El Republic","district":"Volga","country":"RU","special":false},"geometry":{"type":"Polygon","coordinates":[[[50.072,56.623],[50.077,56.61],[50.198,56.583],[50.174,56.543],[50.076,56.513],[50.025,56.46],[49.981,56.438],[49.948,56.455],[49.971,56.483],[49.965,56.501],[49.919,56.491],[49.885,56.442],[49.854,56.441],[49.749,56.47],[49.812,56.5],[49.788,56.533],[49.651,56.53],[49.572,56.501],[49.568,56.459],[49.544,56.432],[49.464,56.43],[49.449,56.442],[49.448,56.478],[49.417,56.48],[49.405,56.38],[49.329,56.351],[49.264,56.357],[49.226,56.395],[49.154,56.362],[49.13,56.366],[49.117,56.397],[49.092,56.392],[49.037,56.358],[49.016,56.301],[48.933,56.262],[48.959,56.238],[49.009,56.235],[49.051,56.207],[48.995,56.209],[48.955,56.16],[48.871,56.127],[48.828,56.067],[48.755,56.053],[48.733,56.083],[48.698,56.076],[48.685,55.952],[48.634,55.935],[48.558,55.941],[48.421,55.905],[48.399,55.88],[48.412,55.829],[48.285,55.846],[47.994,55.952],[47.937,56.031],[47.905,56.114],[47.871,56.136],[47.529,56.154],[47.446,56.182],[47.429,56.23],[47.392,56.249],[47.389,56.323],[47.366,56.335],[47.267,56.334],[47.044,56.285],[46.777,56.175],[46.71,56.122],[46.536,56.141],[46.402,56.119],[46.214,56.05],[46.156,56.041],[46.13,56.06],[46.092,56.056],[46.1,56.087],[46.067,56.104],[46.079,56.136],[46.068,56.182],[45.992,56.192],[45.874,56.259],[45.874,56.305],[45.943,56.318],[45.922,56.38],[45.952,56.414],[45.949,56.433],[45.781,56.426],[45.77,56.459],[45.663,56.461],[45.629,56.522],[45.65,56.539],[45.638,56.571],[45.659,56.595],[45.739,56.626],[45.859,56.629],[45.922,56.652],[45.925,56.668],[45.896,56.69],[45.909,56.78],[45.967,56.874],[46.038,56.87],[46.303,56.901],[46.336,56.952],[46.611,56.921],[46.663,56.939],[46.668,56.965],[46.687,56.968],[46.733,56.954],[46.705,56.948],[46.727,56.937],[46.823,56.93],[46.936,56.946],[47.149,56.911],[47.165,56.849],[47.129,56.836],[47.159,56.816],[47.381,56.855],[47.428,56.877],[47.499,56.853],[47.513,56.9],[47.561,56.92],[47.615,56.973],[47.691,57.011],[47.76,57.013],[47.73,57.042],[47.735,57.055],[47.782,57.057],[47.814,57.039],[47.831,57.005],[47.915,56.982],[47.933,57.006],[47.974,56.98],[47.993,57.012],[48.04,56.997],[48.131,57.0],[48.202,57.028],[48.168,57.074],[48.227,57.083],[48.244,57.1],[48.195,57.12],[48.301,57.165],[48.363,57.152],[48.38,57.13],[48.435,57.127],[48.569,57.172],[48.64,57.154],[48.694,57.175],[48.759,57.172],[48.831,57.161],[48.861,57.121],[48.846,57.094],[48.954,57.086],[48.995,57.129],[49.01,57.187],[49.046,57.212],[49.008,57.234],[49.013,57.277],[49.185,57.33],[49.213,57.291],[49.183,57.248],[49.179,57.209],[49.142,57.181],[49.144,57.16],[49.228,57.125],[49.231,57.083],[49.264,57.048],[49.411,57.025],[49.428,57.051],[49.502,57.055],[49.529,57.073],[49.708,57.072],[49.723,56.999],[49.759,56.97],[49.725,56.936],[49.742,56.9],[50.017,56.864],[50.061,56.838],[50.067,56.797],[50.101,56.792],[50.072,56.623]]]}},{"type":"Feature","id":"BY-MI","properties":{"code":"BY-MI","name":"Minsk Region","district":"Belarus","country":"BY","special":false},"geometry":{"type":"Polygon","coordinates":[[[27.106,55.002],[27.259,54.994],[27.281,54.977],[27.25,54.943],[27.306,54.905],[27.319,54.874],[27.414,54.871],[27.523,54.809],[27.52,54.778],[27.675,54.747],[27.692,54.736],[27.679,54.702],[27.707,54.671],[27.756,54.639],[27.813,54.629],[27.88,54.646],[27.909,54.614],[28.227,54.65],[28.348,54.566],[28.412,54.549],[28.481,54.645],[28.566,54.661],[28.595,54.635],[28.65,54.653],[28.665,54.636],[28.647,54.604],[28.665,54.582],[28.73,54.57],[28.812,54.58],[28.841,54.555],[28.885,54.575],[28.864,54.6],[28.879,54.623],[29.042,54.61],[29.136,54.65],[29.137,54.631],[29.212,54.638],[29.232,54.582],[29.304,54.574],[29.361,54.593],[29.433,54.583],[29.454,54.617],[29.485,54.606],[29.492,54.579],[29.437,54.544],[29.456,54.518],[29.425,54.487],[29.405,54.385],[29.367,54.347],[29.41,54.306],[29.361,54.273],[29.355,54.244],[29.369,54.227],[29.415,54.231],[29.463,54.186],[29.43,54.169],[29.428,54.108],[29.401,54.093],[29.421,54.059],[29.351,54.015],[29.338,53.99],[29.361,53.954],[29.356,53.885],[29.385,53.872],[29.357,53.849],[29.401,53.848],[29.36,53.822],[29.482,53.796],[29.402,53.754],[29.43,53.73],[29.388,53.703],[29.342,53.717],[29.287,53.679],[29.21,53.654],[29.104,53.666],[29.061,53.639],[29.073,53.604],[29.059,53.589],[28.947,53.577],[28.949,53.519],[28.894,53.525],[28.863,53.56],[28.868,53.59],[28.841,53.58],[28.816,53.596],[28.773,53.587],[28.617,53.614],[28.602,53.601],[28.605,53.56],[28.547,53.545],[28.575,53.532],[28.511,53.51],[28.454,53.511],[28.402,53.468],[28.401,53.393],[28.362,53.356],[28.433,53.33],[28.449,53.295],[28.359,53.268],[28.22,53.265],[28.151,53.301],[28.089,53.286],[28.118,53.238],[28.189,53.223],[28.229,53.193],[28.319,53.175],[28.34,53.2],[28.381,53.197],[28.421,53.138],[28.523,53.149],[28.509,53.133],[28.534,53.088],[28.522,53.044],[28.538,53.016],[28.493,53.015],[28.453,52.963],[28.491,52.942],[28.489,52.927],[28.409,52.838],[28.292,52.766],[28.469,52.68],[28.452,52.655],[28.406,52.632],[28.408,52.518],[28.341,52.481],[28.122,52.468],[28.084,52.504],[27.988,52.519],[27.956,52.505],[27.969,52.459],[27.941,52.444],[27.706,52.438],[27.606,52.475],[27.598,52.532],[27.562,52.508],[27.528,52.539],[27.451,52.502],[27.41,52.518],[27.379,52.481],[27.338,52.476],[27.346,52.433],[27.271,52.361],[27.128,52.416],[27.155,52.444],[27.148,52.468],[27.041,52.538],[27.065,52.558],[27.038,52.579],[27.052,52.604],[27.185,52.612],[27.191,52.641],[27.168,52.666],[27.062,52.677],[27.021,52.713],[27.025,52.742],[26.989,52.758],[26.947,52.739],[26.79,52.777],[26.732,52.835],[26.661,52.833],[26.642,52.867],[26.586,52.885],[26.544,52.881],[26.528,52.848],[26.448,52.826],[26.407,52.86],[26.442,52.889],[26.372,52.991],[26.429,53.046],[26.512,53.05],[26.515,53.064],[26.463,53.113],[26.364,53.123],[26.326,53.173],[26.267,53.189],[26.316,53.241],[26.397,53.258],[26.397,53.289],[26.372,53.319],[26.377,53.365],[26.568,53.405],[26.542,53.442],[26.546,53.499],[26.493,53.504],[26.514,53.553],[26.474,53.62],[26.351,53.658],[26.338,53.704],[26.262,53.725],[26.257,53.774],[26.295,53.78],[26.31,53.798],[26.214,53.835],[26.226,53.871],[26.333,53.897],[26.374,53.943],[26.419,53.952],[26.433,53.999],[26.368,54.005],[26.334,54.057],[26.283,54.06],[26.267,54.04],[26.195,54.037],[26.17,54.067],[26.179,54.129],[26.143,54.141],[26.117,54.12],[26.076,54.14],[26.108,54.199],[26.154,54.199],[26.234,54.234],[26.406,54.241],[26.469,54.279],[26.574,54.434],[26.61,54.458],[26.611,54.493],[26.585,54.544],[26.638,54.531],[26.649,54.571],[26.683,54.584],[26.675,54.634],[26.631,54.626],[26.586,54.643],[26.541,54.706],[26.539,54.75],[26.501,54.762],[26.425,54.826],[26.344,54.855],[26.316,54.928],[26.362,54.95],[26.365,54.976],[26.383,54.983],[26.571,54.952],[26.68,54.97],[26.73,54.944],[26.897,54.975],[26.984,54.948],[27.076,54.955],[27.072,54.985],[27.106,55.002]],[[27.761,53.804],[27.803,53.809],[27.831,53.834],[27.776,53.907],[27.781,53.932],[27.838,53.982],[27.836,54.017],[27.808,54.022],[27.713,53.989],[27.503,54.017],[27.408,53.997],[27.386,53.964],[27.371,53.894],[27.383,53.837],[27.516,53.809],[27.556,53.784],[27.583,53.804],[27.761,53.804]]]}},{"type":"Feature","id":"BY-MA","properties":{"code":"BY-MA","name":"Mogilev Region","district":"Belarus","country":"BY","special":false},"geometry":{"type":"Polygon","coordinates":[[[31.179,54.453],[31.209,54.448],[31.249,54.377],[31.285,54.347],[31.299,54.273],[31.325,54.229],[31.506,54.144],[31.737,54.094],[31.771,54.049],[31.823,54.053],[31.847,53.992],[31.838,53.962],[31.81,53.883],[31.745,53.795],[31.873,53.777],[32.106,53.807],[32.165,53.782],[32.29,53.761],[32.372,53.714],[32.462,53.707],[32.488,53.67],[32.399,53.635],[32.411,53.582],[32.453,53.546],[32.554,53.511],[32.577,53.486],[32.636,53.493],[32.65,53.488],[32.647,53.458],[32.701,53.462],[32.72,53.439],[32.704,53.366],[32.717,53.335],[32.58,53.324],[32.596,53.308],[32.569,53.299],[32.455,53.3],[32.456,53.278],[32.479,53.275],[32.424,53.204],[32.353,53.18],[32.268,53.125],[32.216,53.126],[32.201,53.098],[32.117,53.081],[32.01,53.1],[31.931,53.088],[31.796,53.112],[31.756,53.187],[31.594,53.211],[31.536,53.195],[31.416,53.2],[31.379,53.182],[31.362,53.12],[31.271,53.109],[31.236,53.124],[31.21,53.106],[31.166,53.135],[31.091,53.134],[31.109,53.162],[31.106,53.197],[31.03,53.237],[30.991,53.304],[30.895,53.308],[30.863,53.28],[30.72,53.297],[30.668,53.276],[30.481,53.317],[30.372,53.291],[30.379,53.262],[30.19,53.235],[30.146,53.286],[30.084,53.295],[30.073,53.313],[29.996,53.341],[29.911,53.323],[29.888,53.341],[29.854,53.335],[29.802,53.353],[29.754,53.316],[29.754,53.284],[29.793,53.213],[29.74,53.207],[29.765,53.187],[29.732,53.15],[29.758,53.132],[29.653,53.129],[29.667,53.115],[29.629,53.098],[29.663,53.06],[29.635,53.023],[29.741,52.975],[29.718,52.948],[29.544,52.956],[29.459,52.923],[29.396,52.949],[29.386,52.942],[29.397,52.924],[29.353,52.911],[29.343,52.932],[29.182,52.949],[29.089,52.878],[28.974,52.873],[28.96,52.798],[28.796,52.763],[28.837,52.74],[28.823,52.717],[28.67,52.688],[28.469,52.68],[28.292,52.766],[28.409,52.838],[28.489,52.927],[28.491,52.942],[28.453,52.963],[28.493,53.015],[28.538,53.016],[28.522,53.044],[28.534,53.088],[28.509,53.133],[28.523,53.149],[28.421,53.138],[28.381,53.197],[28.34,53.2],[28.319,53.175],[28.229,53.193],[28.189,53.223],[28.118,53.238],[28.089,53.286],[28.151,53.301],[28.22,53.265],[28.359,53.268],[28.449,53.295],[28.433,53.33],[28.362,53.356],[28.401,53.393],[28.402,53.468],[28.454,53.511],[28.511,53.51],[28.575,53.532],[28.547,53.545],[28.605,53.56],[28.602,53.601],[28.617,53.614],[28.773,53.587],[28.816,53.596],[28.841,53.58],[28.868,53.59],[28.863,53.56],[28.894,53.525],[28.949,53.519],[28.947,53.577],[29.059,53.589],[29.073,53.604],[29.061,53.639],[29.104,53.666],[29.21,53.654],[29.287,53.679],[29.342,53.717],[29.388,53.703],[29.43,53.73],[29.402,53.754],[29.482,53.796],[29.36,53.822],[29.402,53.845],[29.357,53.849],[29.385,53.872],[29.356,53.885],[29.361,53.954],[29.338,53.997],[29.421,54.059],[29.401,54.093],[29.428,54.108],[29.43,54.169],[29.463,54.186],[29.415,54.231],[29.484,54.278],[29.535,54.287],[29.569,54.317],[29.669,54.3],[29.802,54.311],[29.833,54.32],[29.815,54.333],[29.834,54.343],[29.878,54.334],[29.899,54.295],[30.025,54.272],[30.041,54.284],[30.026,54.328],[30.092,54.374],[30.165,54.336],[30.186,54.358],[30.244,54.357],[30.307,54.378],[30.256,54.323],[30.262,54.312],[30.34,54.304],[30.388,54.32],[30.411,54.345],[30.462,54.304],[30.518,54.289],[30.569,54.304],[30.613,54.346],[30.589,54.379],[30.688,54.419],[30.871,54.403],[30.935,54.435],[31.048,54.403],[31.055,54.433],[31.179,54.453]]]}},{"type":"Feature","id":"RU-MO","properties":{"code":"RU-MO","name":"Republic of Mordovia","district":"Volga","country":"RU","special":false},"geometry":{"type":"Polygon","coordinates":[[[43.425,53.989],[43.351,53.995],[43.31,54.017],[43.174,54.0],[43.128,53.973],[43.106,53.909],[43.16,53.898],[43.168,53.834],[43.136,53.83],[43.076,53.865],[43.06,53.858],[43.058,53.825],[42.987,53.826],[42.918,53.797],[42.798,53.812],[42.771,53.828],[42.738,53.756],[42.704,53.772],[42.728,53.804],[42.72,53.811],[42.64,53.811],[42.573,53.76],[42.545,53.783],[42.579,53.818],[42.574,53.831],[42.51,53.801],[42.54,53.74],[42.526,53.732],[42.438,53.803],[42.308,53.847],[42.385,53.926],[42.462,53.965],[42.428,54.018],[42.274,54.082],[42.264,54.094],[42.282,54.122],[42.322,54.134],[42.309,54.104],[42.348,54.093],[42.437,54.112],[42.476,54.086],[42.535,54.083],[42.562,54.106],[42.529,54.142],[42.6,54.188],[42.439,54.26],[42.391,54.249],[42.369,54.204],[42.258,54.171],[42.224,54.185],[42.184,54.262],[42.278,54.236],[42.479,54.307],[42.527,54.367],[42.632,54.378],[42.637,54.391],[42.589,54.438],[42.544,54.439],[42.557,54.492],[42.571,54.505],[42.617,54.487],[42.645,54.499],[42.652,54.512],[42.621,54.543],[42.699,54.582],[42.695,54.598],[42.654,54.61],[42.609,54.647],[42.643,54.683],[42.623,54.715],[42.56,54.691],[42.517,54.726],[42.484,54.714],[42.419,54.736],[42.428,54.765],[42.386,54.789],[42.386,54.802],[42.467,54.871],[42.547,54.803],[42.591,54.79],[42.636,54.787],[42.694,54.819],[42.746,54.788],[42.98,54.805],[43.066,54.785],[43.098,54.799],[43.155,54.903],[43.249,54.935],[43.409,54.948],[43.462,54.924],[43.61,54.901],[43.673,54.841],[43.725,54.82],[43.949,54.807],[43.963,54.797],[43.934,54.756],[43.946,54.738],[44.11,54.726],[44.089,54.683],[44.101,54.649],[44.244,54.608],[44.376,54.59],[44.438,54.538],[44.549,54.532],[44.588,54.575],[44.638,54.579],[44.67,54.538],[44.601,54.487],[44.6,54.473],[44.784,54.52],[44.859,54.487],[44.94,54.475],[45.104,54.491],[45.147,54.52],[45.021,54.577],[45.052,54.593],[45.052,54.631],[45.091,54.659],[45.042,54.704],[45.059,54.756],[45.115,54.794],[45.152,54.797],[45.172,54.792],[45.177,54.757],[45.196,54.751],[45.22,54.773],[45.259,54.87],[45.424,54.882],[45.433,54.907],[45.414,54.926],[45.437,55.028],[45.473,55.081],[45.49,55.093],[45.571,55.085],[45.555,55.12],[45.587,55.133],[45.598,55.161],[45.71,55.177],[45.735,55.172],[45.74,55.141],[45.785,55.112],[45.75,55.103],[45.742,55.084],[45.77,55.038],[45.687,54.994],[45.713,54.971],[45.866,55.006],[45.954,54.997],[46.056,55.042],[46.13,55.005],[46.132,54.986],[46.16,54.972],[46.198,55.034],[46.2,55.071],[46.285,55.038],[46.297,55.021],[46.287,54.963],[46.415,54.895],[46.394,54.818],[46.441,54.772],[46.43,54.73],[46.444,54.688],[46.519,54.65],[46.507,54.625],[46.437,54.583],[46.458,54.572],[46.537,54.584],[46.531,54.54],[46.482,54.497],[46.59,54.501],[46.519,54.463],[46.515,54.444],[46.548,54.403],[46.654,54.403],[46.734,54.384],[46.742,54.366],[46.719,54.33],[46.564,54.286],[46.488,54.284],[46.379,54.231],[46.127,54.189],[46.018,54.189],[45.951,54.114],[45.91,54.097],[45.879,54.031],[45.807,54.014],[45.743,53.976],[45.714,53.919],[45.646,53.93],[45.495,53.895],[45.339,53.885],[45.176,53.979],[45.1,53.955],[44.871,53.967],[44.765,53.93],[44.756,53.909],[44.695,53.915],[44.627,53.896],[44.614,53.884],[44.617,53.826],[44.639,53.809],[44.646,53.775],[44.736,53.705],[44.615,53.691],[44.593,53.667],[44.556,53.661],[44.417,53.726],[44.359,53.725],[44.314,53.701],[44.199,53.763],[44.078,53.733],[43.989,53.755],[43.877,53.81],[43.899,53.828],[43.868,53.847],[43.933,53.867],[43.838,53.934],[43.752,53.963],[43.598,53.979],[43.549,54.013],[43.425,53.989]],[[42.495,54.755],[42.511,54.765],[42.503,54.791],[42.473,54.809],[42.444,54.804],[42.452,54.771],[42.495,54.755]]]}},{"type":"Feature","id":"RU-MOS","properties":{"code":"RU-MOS","name":"Moscow Oblast","district":"Central","country":"RU","special":false},"geometry":{"type":"Polygon","coordinates":[[[36.598,55.273],[36.578,55.317],[36.502,55.305],[36.423,55.319],[36.349,55.296],[36.359,55.26],[36.318,55.225],[36.238,55.194],[36.14,55.185],[36.039,55.223],[35.998,55.216],[35.856,55.238],[35.707,55.294],[35.674,55.283],[35.567,55.29],[35.573,55.263],[35.465,55.22],[35.37,55.239],[35.301,55.299],[35.291,55.375],[35.314,55.437],[35.295,55.464],[35.32,55.499],[35.314,55.531],[35.282,55.559],[35.303,55.571],[35.381,55.564],[35.398,55.611],[35.312,55.717],[35.343,55.734],[35.334,55.755],[35.352,55.785],[35.308,55.81],[35.248,55.876],[35.249,55.914],[35.216,55.906],[35.214,55.93],[35.171,55.96],[35.229,56.034],[35.332,56.062],[35.337,56.083],[35.304,56.112],[35.382,56.179],[35.383,56.198],[35.358,56.215],[35.366,56.232],[35.521,56.256],[35.507,56.289],[35.526,56.326],[35.498,56.349],[35.515,56.364],[35.542,56.352],[35.55,56.366],[35.53,56.4],[35.501,56.391],[35.463,56.459],[35.645,56.474],[35.703,56.45],[35.765,56.394],[35.849,56.405],[35.915,56.38],[35.976,56.389],[36.078,56.344],[36.172,56.408],[36.329,56.44],[36.522,56.437],[36.55,56.487],[36.796,56.559],[36.826,56.583],[36.978,56.558],[36.991,56.533],[37.052,56.516],[37.063,56.533],[37.118,56.545],[37.146,56.576],[37.127,56.629],[37.154,56.652],[37.141,56.668],[37.159,56.682],[37.117,56.709],[37.152,56.754],[37.247,56.776],[37.267,56.756],[37.374,56.78],[37.499,56.785],[37.559,56.852],[37.563,56.88],[37.545,56.892],[37.553,56.906],[37.592,56.903],[37.607,56.928],[37.724,56.954],[37.765,56.916],[37.851,56.901],[37.879,56.873],[37.941,56.877],[37.974,56.854],[38.011,56.775],[38.257,56.77],[38.306,56.744],[38.323,56.711],[38.374,56.697],[38.323,56.672],[38.346,56.639],[38.318,56.6],[38.33,56.562],[38.293,56.533],[38.323,56.494],[38.393,56.456],[38.38,56.406],[38.411,56.375],[38.418,56.291],[38.403,56.264],[38.456,56.218],[38.506,56.226],[38.492,56.178],[38.562,56.083],[38.583,56.028],[38.567,56.0],[38.598,55.962],[38.729,55.953],[38.778,55.92],[38.821,55.922],[38.839,55.901],[38.887,55.923],[38.947,55.913],[39.016,55.925],[39.054,55.852],[39.123,55.83],[39.192,55.84],[39.325,55.828],[39.336,55.809],[39.315,55.782],[39.358,55.761],[39.609,55.791],[39.666,55.782],[39.799,55.83],[39.857,55.826],[39.895,55.801],[39.889,55.747],[39.9,55.734],[40.085,55.613],[40.037,55.546],[40.036,55.517],[40.118,55.526],[40.143,55.514],[40.183,55.449],[40.137,55.434],[40.143,55.406],[40.206,55.309],[40.131,55.254],[40.012,55.204],[39.827,55.183],[39.72,55.126],[39.76,55.099],[39.838,55.123],[39.886,55.101],[39.888,55.081],[39.813,54.997],[39.685,55.021],[39.603,55.006],[39.591,54.982],[39.488,54.941],[39.379,54.853],[39.369,54.798],[39.327,54.752],[39.355,54.729],[39.238,54.711],[39.244,54.656],[39.232,54.635],[39.04,54.625],[38.963,54.593],[38.921,54.618],[38.82,54.602],[38.781,54.554],[38.791,54.464],[38.918,54.405],[38.856,54.373],[38.826,54.381],[38.737,54.345],[38.71,54.267],[38.675,54.245],[38.521,54.289],[38.505,54.389],[38.46,54.406],[38.388,54.472],[38.377,54.515],[38.441,54.529],[38.482,54.575],[38.517,54.586],[38.472,54.638],[38.219,54.66],[38.185,54.689],[38.143,54.681],[38.105,54.704],[38.049,54.709],[38.025,54.759],[37.961,54.772],[37.939,54.832],[37.844,54.838],[37.756,54.823],[37.77,54.781],[37.758,54.736],[37.671,54.714],[37.56,54.738],[37.448,54.83],[37.259,54.836],[37.188,54.868],[37.199,54.899],[37.153,54.933],[37.12,54.991],[37.211,55.016],[37.216,55.084],[37.284,55.149],[37.34,55.119],[37.425,55.184],[37.463,55.281],[37.411,55.32],[37.463,55.379],[37.566,55.358],[37.659,55.569],[37.757,55.604],[37.813,55.649],[37.84,55.717],[37.878,55.715],[37.889,55.738],[37.843,55.763],[37.831,55.807],[37.801,55.838],[37.611,55.904],[37.459,55.881],[37.414,55.939],[37.375,55.923],[37.431,55.878],[37.4,55.856],[37.348,55.744],[37.414,55.66],[37.211,55.602],[37.175,55.448],[37.024,55.448],[37.021,55.519],[36.913,55.517],[36.914,55.426],[37.014,55.301],[36.882,55.222],[36.869,55.199],[36.786,55.191],[36.783,55.226],[36.751,55.256],[36.639,55.281],[36.598,55.273]],[[37.254,55.96],[37.302,55.997],[37.294,56.03],[37.202,56.06],[37.177,55.991],[37.254,55.96]],[[37.043,55.67],[37.154,55.697],[37.164,55.732],[37.081,55.743],[37.002,55.732],[36.981,55.699],[36.991,55.68],[37.043,55.67]]]}},{"type":"Feature","id":"RU-MOW","properties":{"code":"RU-MOW","name":"Moscow","district":"Central","country":"RU","special":false},"geometry":{"type":"MultiPolygon","coordinates":[[[[37.12,54.991],[37.085,55.044],[37.081,55.1],[37.044,55.111],[36.904,55.229],[37.014,55.301],[36.914,55.426],[36.913,55.517],[37.021,55.519],[37.024,55.448],[37.175,55.448],[37.211,55.602],[37.414,55.66],[37.348,55.744],[37.4,55.856],[37.431,55.878],[37.375,55.923],[37.414,55.939],[37.459,55.881],[37.611,55.904],[37.801,55.838],[37.831,55.807],[37.843,55.763],[37.889,55.738],[37.878,55.715],[37.84,55.717],[37.813,55.649],[37.757,55.604],[37.659,55.569],[37.566,55.358],[37.463,55.379],[37.411,55.32],[37.463,55.281],[37.425,55.184],[37.34,55.119],[37.284,55.149],[37.216,55.084],[37.211,55.016],[37.12,54.991]]],[[[37.202,56.06],[37.294,56.03],[37.302,55.997],[37.254,55.96],[37.177,55.991],[37.202,56.06]]],[[[37.081,55.743],[37.164,55.732],[37.154,55.697],[37.043,55.67],[36.991,55.68],[36.981,55.699],[37.002,55.732],[37.081,55.743]]]]}},{"type":"Feature","id":"RU-MUR","properties":{"code":"RU-MUR","name":"Murmansk Oblast","district":"Northwestern","country":"RU","special":false},"geometry":{"type":"MultiPolygon","coordinates":[[[[28.444,68.866],[28.413,68.88],[28.41,68.899],[28.833,68.984],[28.974,69.034],[29.12,69.047],[29.173,69.069],[29.24,69.115],[29.302,69.201],[29.335,69.277],[29.377,69.302],[29.604,69.315],[29.751,69.357],[29.948,69.366],[30.123,69.442],[30.155,69.506],[30.211,69.528],[30.232,69.558],[30.209,69.609],[30.119,69.635],[30.231,69.637],[30.512,69.536],[30.853,69.527],[30.898,69.544],[30.927,69.578],[30.928,69.672],[30.884,69.702],[30.877,69.738],[30.844,69.766],[30.841,69.806],[31.214,69.756],[31.283,69.76],[31.395,69.724],[31.409,69.716],[31.401,69.688],[31.297,69.613],[31.354,69.627],[31.478,69.698],[31.811,69.688],[31.798,69.704],[31.701,69.737],[31.728,69.77],[31.711,69.827],[31.754,69.854],[31.848,69.853],[32.029,69.782],[32.099,69.792],[32.092,69.816],[31.981,69.873],[31.981,69.901],[31.913,69.936],[31.962,69.97],[32.054,69.964],[32.267,69.876],[32.358,69.88],[32.488,69.851],[32.523,69.832],[32.504,69.821],[32.523,69.803],[32.625,69.783],[32.727,69.792],[32.92,69.78],[33.049,69.74],[33.12,69.744],[33.133,69.729],[33.107,69.649],[33.036,69.618],[32.872,69.583],[32.437,69.65],[32.371,69.64],[32.17,69.655],[32.16,69.668],[32.18,69.705],[32.174,69.729],[32.147,69.751],[32.112,69.753],[32.119,69.708],[32.102,69.674],[31.968,69.654],[32.056,69.637],[32.064,69.619],[32.016,69.58],[32.016,69.564],[32.133,69.598],[32.288,69.574],[32.399,69.584],[32.434,69.564],[32.392,69.537],[32.502,69.517],[32.486,69.503],[32.42,69.503],[32.365,69.469],[32.194,69.435],[32.238,69.422],[32.289,69.431],[32.42,69.465],[32.455,69.493],[32.528,69.489],[32.537,69.51],[32.604,69.484],[32.687,69.503],[32.878,69.491],[32.899,69.482],[32.792,69.443],[32.77,69.414],[32.893,69.462],[33.085,69.476],[32.862,69.365],[32.804,69.304],[32.823,69.301],[32.895,69.315],[32.953,69.378],[32.989,69.394],[33.318,69.451],[33.362,69.435],[33.448,69.447],[33.524,69.428],[33.505,69.404],[33.414,69.373],[33.496,69.38],[33.376,69.308],[33.261,69.291],[33.235,69.27],[33.448,69.288],[33.476,69.27],[33.297,69.229],[33.406,69.23],[33.406,69.209],[33.512,69.225],[33.544,69.209],[33.512,69.184],[33.318,69.119],[33.061,69.083],[33.016,69.039],[33.023,68.955],[33.064,69.058],[33.113,69.075],[33.427,69.105],[33.455,69.141],[33.576,69.199],[33.572,69.304],[33.62,69.328],[33.724,69.337],[33.74,69.323],[33.722,69.304],[33.779,69.317],[33.873,69.311],[33.852,69.339],[34.421,69.311],[34.414,69.293],[34.447,69.284],[34.606,69.27],[34.662,69.249],[34.982,69.229],[34.956,69.195],[34.973,69.193],[35.031,69.222],[35.087,69.226],[35.141,69.215],[35.144,69.191],[35.169,69.181],[35.264,69.215],[35.247,69.236],[35.147,69.27],[35.183,69.28],[35.33,69.276],[35.967,69.177],[36.055,69.128],[36.25,69.111],[36.274,69.098],[36.265,69.078],[36.312,69.058],[36.518,69.03],[36.729,68.98],[36.764,68.955],[36.842,68.945],[37.044,68.874],[37.21,68.845],[37.243,68.809],[37.355,68.79],[37.454,68.745],[37.681,68.713],[37.946,68.601],[38.04,68.544],[38.067,68.51],[38.176,68.495],[38.217,68.461],[38.33,68.442],[38.391,68.399],[38.389,68.343],[38.424,68.338],[38.444,68.359],[38.765,68.291],[38.51,68.365],[38.537,68.378],[38.589,68.36],[38.615,68.365],[38.598,68.382],[38.639,68.385],[38.794,68.329],[38.926,68.311],[38.952,68.287],[38.931,68.277],[38.954,68.266],[39.359,68.15],[39.521,68.076],[39.608,68.063],[39.86,68.047],[39.795,68.118],[39.71,68.169],[39.793,68.165],[39.913,68.123],[39.945,68.067],[40.004,68.02],[40.058,68.01],[40.149,67.958],[40.304,67.902],[40.352,67.906],[40.411,67.875],[40.404,67.853],[40.322,67.845],[40.467,67.761],[40.538,67.755],[40.568,67.783],[40.564,67.807],[40.655,67.815],[40.684,67.781],[40.801,67.728],[40.966,67.725],[41.017,67.698],[41.054,67.653],[41.052,67.619],[40.989,67.564],[41.014,67.536],[40.999,67.467],[41.087,67.46],[41.15,67.423],[41.133,67.309],[41.109,67.254],[41.243,67.213],[41.308,67.235],[41.34,67.224],[41.363,67.204],[41.336,67.16],[41.39,67.125],[41.343,67.087],[41.36,67.014],[41.267,66.988],[41.305,66.95],[41.178,66.81],[40.745,66.597],[40.705,66.528],[40.602,66.497],[40.566,66.456],[40.444,66.406],[40.309,66.382],[40.085,66.289],[39.704,66.207],[39.465,66.18],[39.344,66.135],[39.064,66.104],[38.972,66.111],[38.554,66.055],[37.927,66.089],[37.656,66.123],[37.273,66.23],[36.887,66.285],[36.406,66.295],[36.275,66.321],[35.77,66.361],[35.671,66.387],[35.558,66.387],[35.381,66.418],[35.314,66.457],[35.181,66.481],[34.888,66.6],[34.804,66.614],[34.565,66.543],[34.48,66.538],[34.434,66.547],[34.356,66.63],[34.393,66.646],[34.503,66.638],[34.522,66.657],[34.47,66.646],[34.175,66.687],[34.13,66.669],[34.092,66.672],[34.161,66.735],[34.141,66.774],[34.069,66.702],[33.947,66.685],[33.886,66.714],[33.87,66.715],[33.859,66.694],[33.833,66.696],[33.764,66.767],[33.67,66.805],[33.642,66.801],[33.592,66.831],[33.606,66.79],[33.524,66.831],[33.52,66.802],[33.626,66.748],[33.524,66.782],[33.572,66.742],[33.489,66.769],[33.558,66.728],[33.483,66.73],[33.101,66.858],[32.821,66.991],[32.798,67.03],[32.817,67.063],[32.969,67.091],[32.772,67.093],[32.636,67.133],[32.454,67.135],[32.383,67.16],[32.074,67.142],[31.91,67.168],[31.851,67.153],[31.927,67.153],[31.913,67.125],[32.262,67.125],[32.358,67.07],[32.29,67.078],[32.314,67.06],[32.419,67.054],[32.503,67.03],[32.55,67.0],[32.552,66.977],[32.507,66.949],[32.392,66.954],[32.496,66.933],[32.475,66.927],[32.478,66.91],[32.42,66.886],[32.545,66.883],[32.653,66.842],[32.676,66.828],[32.667,66.81],[32.705,66.796],[32.907,66.776],[32.935,66.742],[32.919,66.737],[32.77,66.742],[32.975,66.691],[33.183,66.692],[33.324,66.646],[33.319,66.629],[33.121,66.65],[33.094,66.611],[33.035,66.592],[32.938,66.603],[32.865,66.598],[32.884,66.586],[32.574,66.577],[32.54,66.492],[32.363,66.467],[32.329,66.359],[31.857,66.366],[31.826,66.394],[31.818,66.465],[31.801,66.494],[31.652,66.537],[31.606,66.577],[31.585,66.639],[31.555,66.655],[31.073,66.684],[29.362,66.627],[29.322,66.68],[29.089,66.838],[29.052,66.908],[29.1,66.991],[29.429,67.233],[29.491,67.263],[29.52,67.298],[29.916,67.508],[29.96,67.572],[29.978,67.662],[30.009,67.686],[29.651,67.824],[29.331,68.073],[28.69,68.183],[28.461,68.491],[28.448,68.53],[28.716,68.728],[28.801,68.835],[28.728,68.865],[28.444,68.866]]],[[[33.046,66.576],[33.105,66.577],[33.092,66.584],[33.106,66.594],[33.206,66.599],[33.22,66.616],[33.26,66.618],[33.423,66.592],[33.469,66.556],[33.537,66.536],[33.499,66.523],[33.193,66.579],[33.153,66.57],[33.187,66.556],[33.166,66.556],[33.046,66.576]]],[[[32.386,67.132],[32.408,67.12],[32.394,67.1],[32.338,67.125],[32.356,67.139],[32.386,67.132]]],[[[34.03,69.394],[34.216,69.408],[34.407,69.353],[34.381,69.341],[34.027,69.354],[33.976,69.37],[34.03,69.394]]]]}},{"type":"Feature","id":"RU-NEN","properties":{"code":"RU-NEN","name":"Nenets Autonomous Okrug","district":"Northwestern","country":"RU","special":false},"geometry":{"type":"MultiPolygon","coordinates":[[[[51.3,68.495],[51.498,68.489],[51.46,68.474],[51.172,68.457],[51.097,68.425],[50.999,68.425],[50.937,68.396],[50.792,68.379],[50.872,68.428],[51.172,68.501],[51.3,68.495]]],[[[55.369,68.948],[55.442,68.94],[55.507,68.914],[55.367,68.927],[55.225,68.914],[55.369,68.948]]],[[[54.643,69.009],[54.695,68.997],[54.686,68.969],[54.603,68.955],[54.571,68.964],[54.643,69.009]]],[[[44.214,66.408],[44.245,66.454],[44.36,66.508],[44.395,66.622],[44.43,66.644],[44.563,66.666],[44.551,66.678],[44.488,66.676],[44.364,66.782],[44.377,66.805],[44.466,66.82],[44.488,66.844],[44.482,66.894],[44.522,66.919],[44.499,66.921],[44.41,67.012],[44.303,67.056],[44.378,67.104],[44.287,67.088],[44.096,67.159],[43.815,67.177],[43.761,67.221],[43.767,67.278],[43.793,67.343],[44.003,67.576],[44.042,67.68],[44.084,67.687],[44.097,67.667],[44.145,67.679],[44.143,67.707],[44.07,67.714],[44.131,67.792],[44.125,67.817],[44.087,67.841],[44.087,67.885],[44.2,67.893],[44.268,67.927],[44.125,67.934],[44.138,67.975],[44.214,67.989],[44.138,67.995],[44.335,68.057],[44.412,68.063],[44.308,68.066],[44.181,68.036],[44.175,68.086],[44.244,68.256],[44.228,68.297],[44.16,68.336],[43.326,68.614],[43.274,68.658],[43.317,68.667],[43.477,68.669],[43.985,68.551],[44.239,68.537],[44.51,68.554],[45.306,68.545],[45.582,68.514],[45.944,68.446],[45.972,68.389],[46.016,68.365],[46.029,68.324],[46.276,68.214],[46.366,68.21],[46.535,68.133],[46.461,68.112],[46.54,68.108],[46.558,68.016],[46.639,67.968],[46.703,67.892],[46.722,67.845],[46.698,67.816],[46.375,67.819],[46.004,67.768],[45.35,67.73],[45.31,67.713],[45.303,67.694],[45.347,67.685],[45.351,67.663],[45.338,67.615],[45.315,67.592],[45.166,67.584],[45.028,67.532],[44.919,67.441],[44.927,67.422],[44.912,67.372],[44.952,67.321],[45.055,67.284],[45.309,67.212],[45.509,67.186],[45.594,67.158],[45.666,67.063],[45.785,66.968],[45.824,66.899],[45.964,66.867],[46.025,66.833],[46.301,66.84],[46.489,66.878],[46.578,66.873],[46.599,66.838],[46.534,66.827],[46.481,66.784],[46.379,66.748],[46.407,66.746],[46.583,66.815],[46.927,66.845],[47.41,66.929],[47.559,66.905],[47.576,66.892],[47.572,66.864],[47.581,66.87],[47.607,66.892],[47.591,66.919],[47.607,66.946],[47.726,67.001],[47.742,67.031],[47.75,67.121],[47.689,67.196],[47.787,67.252],[47.77,67.338],[47.793,67.361],[47.908,67.402],[47.948,67.444],[47.921,67.489],[47.825,67.56],[47.815,67.581],[47.846,67.601],[48.052,67.652],[48.099,67.639],[48.071,67.59],[48.093,67.592],[48.256,67.683],[48.36,67.689],[48.487,67.664],[48.7,67.716],[48.744,67.7],[48.702,67.694],[48.925,67.688],[48.997,67.667],[48.962,67.653],[48.994,67.643],[49.107,67.639],[49.045,67.653],[49.059,67.674],[48.86,67.735],[48.778,67.727],[48.771,67.742],[48.805,67.774],[48.794,67.831],[48.586,67.934],[48.669,67.935],[48.843,67.865],[48.971,67.851],[49.133,67.863],[49.655,67.981],[49.973,68.088],[50.018,68.091],[49.983,68.061],[49.882,68.04],[49.847,68.016],[50.001,68.058],[50.099,68.124],[50.201,68.169],[50.435,68.221],[50.642,68.3],[50.779,68.379],[50.896,68.342],[51.059,68.351],[51.125,68.376],[51.336,68.401],[51.423,68.431],[51.511,68.422],[51.569,68.436],[51.587,68.448],[51.532,68.454],[51.561,68.483],[51.703,68.489],[52.06,68.544],[52.177,68.582],[52.217,68.585],[52.205,68.56],[52.128,68.523],[52.046,68.51],[52.059,68.485],[52.177,68.504],[52.294,68.5],[52.361,68.475],[52.3,68.474],[52.286,68.461],[52.296,68.424],[52.159,68.399],[52.136,68.379],[52.249,68.318],[52.402,68.338],[52.574,68.41],[52.677,68.423],[52.731,68.474],[52.704,68.503],[52.567,68.537],[52.535,68.576],[52.491,68.592],[52.499,68.62],[52.624,68.629],[52.648,68.648],[52.634,68.659],[52.495,68.64],[52.411,68.586],[52.279,68.598],[52.328,68.633],[53.25,68.878],[53.437,68.918],[53.879,68.974],[54.348,69.012],[54.527,69.01],[54.557,68.993],[54.356,68.959],[53.595,68.907],[53.666,68.866],[53.732,68.866],[53.691,68.886],[53.728,68.897],[53.958,68.877],[54.026,68.845],[53.865,68.798],[53.829,68.764],[53.838,68.713],[53.818,68.689],[53.72,68.657],[53.755,68.61],[53.904,68.507],[53.944,68.406],[53.932,68.391],[53.863,68.386],[53.804,68.345],[53.656,68.408],[53.609,68.413],[53.574,68.4],[53.632,68.386],[53.691,68.345],[53.661,68.332],[53.44,68.373],[53.375,68.341],[53.327,68.351],[53.232,68.297],[53.211,68.269],[53.327,68.242],[53.472,68.26],[53.808,68.251],[53.875,68.224],[53.993,68.221],[54.088,68.246],[54.185,68.321],[54.219,68.318],[54.182,68.281],[54.177,68.236],[54.203,68.21],[54.24,68.211],[54.504,68.312],[54.563,68.288],[54.65,68.194],[54.691,68.176],[54.832,68.173],[54.864,68.185],[54.924,68.253],[54.917,68.283],[54.856,68.324],[54.908,68.329],[54.937,68.398],[54.997,68.439],[55.068,68.446],[55.109,68.482],[55.189,68.491],[55.229,68.524],[55.393,68.564],[55.7,68.577],[55.997,68.66],[56.202,68.62],[56.504,68.628],[56.521,68.619],[56.493,68.585],[56.569,68.636],[56.63,68.642],[56.848,68.572],[57.092,68.548],[57.33,68.565],[57.414,68.597],[57.448,68.644],[57.604,68.742],[57.93,68.751],[57.981,68.794],[57.95,68.818],[57.957,68.846],[58.171,68.889],[58.245,68.888],[58.204,68.832],[58.264,68.781],[58.378,68.756],[58.337,68.736],[58.424,68.743],[58.439,68.763],[58.285,68.8],[58.287,68.825],[58.254,68.842],[58.273,68.86],[58.282,68.903],[58.879,69.003],[59.224,69.0],[59.242,68.989],[59.218,68.983],[58.97,68.965],[58.892,68.934],[59.105,68.903],[59.423,68.757],[59.419,68.718],[59.398,68.701],[59.269,68.715],[59.202,68.706],[59.118,68.642],[59.056,68.62],[59.07,68.569],[59.119,68.532],[59.072,68.459],[59.087,68.417],[59.675,68.336],[59.857,68.381],[59.964,68.466],[59.929,68.538],[59.763,68.639],[59.774,68.668],[59.811,68.688],[59.911,68.72],[60.084,68.687],[60.467,68.722],[60.556,68.745],[60.702,68.815],[60.755,68.866],[60.819,68.894],[60.969,68.907],[60.907,68.927],[60.938,68.963],[60.948,69.003],[60.934,69.078],[60.903,69.122],[60.777,69.177],[60.722,69.174],[60.722,69.133],[60.742,69.119],[60.711,69.106],[60.591,69.133],[60.59,69.256],[60.542,69.316],[60.434,69.366],[60.414,69.408],[60.311,69.454],[60.215,69.531],[60.215,69.555],[60.139,69.578],[60.153,69.626],[60.233,69.665],[60.654,69.673],[60.667,69.695],[60.633,69.725],[60.709,69.729],[60.722,69.743],[60.684,69.784],[60.706,69.824],[60.77,69.849],[60.927,69.867],[61.044,69.845],[61.105,69.866],[61.159,69.833],[61.302,69.825],[61.409,69.791],[61.771,69.762],[62.631,69.742],[63.41,69.671],[64.128,69.55],[64.548,69.452],[64.724,69.383],[65.004,69.304],[64.962,69.283],[64.831,69.294],[64.834,69.277],[64.786,69.237],[64.806,69.222],[64.766,69.183],[64.762,69.163],[64.786,69.147],[64.932,69.197],[64.943,69.209],[64.916,69.243],[64.923,69.261],[65.038,69.271],[64.99,69.205],[64.81,69.136],[64.749,69.131],[64.687,69.081],[64.527,69.023],[64.514,68.992],[64.58,68.952],[64.577,68.935],[64.526,68.907],[64.554,68.871],[64.744,68.857],[64.758,68.885],[64.79,68.892],[64.904,68.871],[65.08,68.81],[65.204,68.821],[65.315,68.803],[65.344,68.786],[65.33,68.726],[65.411,68.723],[65.425,68.701],[65.383,68.685],[65.408,68.661],[65.459,68.643],[65.525,68.584],[65.654,68.556],[65.604,68.489],[65.48,68.43],[65.033,68.405],[65.006,68.389],[64.761,68.406],[64.556,68.358],[64.494,68.315],[64.524,68.278],[64.53,68.2],[64.417,68.201],[64.342,68.175],[64.346,68.158],[64.325,68.134],[63.834,68.028],[63.843,68.001],[63.916,67.961],[63.912,67.926],[63.947,67.894],[63.871,67.836],[63.709,67.81],[63.697,67.798],[63.705,67.769],[63.69,67.762],[63.422,67.768],[63.328,67.746],[63.294,67.717],[63.105,67.675],[62.871,67.58],[62.85,67.436],[62.821,67.388],[61.851,67.126],[61.731,67.078],[61.689,67.026],[61.625,67.012],[60.082,66.99],[59.919,66.954],[59.872,66.971],[59.918,67.002],[53.772,66.999],[52.155,67.086],[52.021,67.028],[51.847,67.002],[51.811,66.954],[51.756,66.954],[51.675,66.927],[51.525,66.928],[51.495,66.907],[51.513,66.868],[51.482,66.828],[51.549,66.798],[51.51,66.783],[49.006,66.119],[48.139,66.127],[48.072,66.076],[47.964,66.055],[47.753,65.941],[47.729,65.914],[47.764,65.861],[47.76,65.844],[47.726,65.819],[47.661,65.808],[47.407,65.836],[47.11,65.821],[46.347,66.028],[45.832,66.088],[45.741,66.068],[44.936,66.232],[44.86,66.236],[44.578,66.307],[44.476,66.37],[44.337,66.409],[44.214,66.408]]],[[[59.242,69.178],[59.245,69.146],[59.173,69.169],[59.06,69.243],[58.762,69.339],[58.815,69.341],[59.151,69.255],[59.2,69.229],[59.18,69.215],[59.242,69.178]]],[[[50.323,69.151],[50.312,69.11],[50.169,69.012],[50.113,68.996],[50.134,69.017],[50.123,69.039],[50.223,69.154],[50.133,69.142],[49.955,69.075],[49.872,69.026],[49.854,69.009],[49.911,69.01],[49.909,68.996],[49.826,68.965],[49.72,68.89],[49.421,68.811],[49.305,68.811],[49.313,68.804],[49.249,68.78],[48.798,68.729],[48.72,68.757],[48.686,68.734],[48.592,68.731],[48.291,68.866],[48.332,68.886],[48.284,68.899],[48.236,68.882],[48.219,68.896],[48.239,68.964],[48.266,68.983],[48.212,69.002],[48.256,69.044],[48.221,69.05],[48.217,69.064],[48.27,69.133],[48.263,69.197],[48.304,69.277],[48.447,69.372],[48.566,69.42],[48.806,69.493],[48.906,69.508],[49.272,69.508],[50.164,69.261],[50.323,69.151]]],[[[60.54,69.819],[60.538,69.801],[60.448,69.766],[60.444,69.75],[60.476,69.722],[60.374,69.731],[60.352,69.722],[60.359,69.715],[60.254,69.689],[60.201,69.685],[60.033,69.722],[59.92,69.688],[59.934,69.668],[59.854,69.699],[59.563,69.715],[59.58,69.731],[59.535,69.76],[59.547,69.779],[59.622,69.787],[59.624,69.804],[59.431,69.889],[59.305,69.884],[59.178,69.919],[58.94,69.942],[59.132,69.873],[59.109,69.86],[59.016,69.86],[59.022,69.873],[58.957,69.888],[58.899,69.929],[58.696,70.003],[58.57,70.079],[58.605,70.113],[58.549,70.134],[58.611,70.14],[58.577,70.154],[58.591,70.181],[58.522,70.175],[58.51,70.19],[58.453,70.195],[58.501,70.23],[58.424,70.24],[58.412,70.26],[58.468,70.271],[58.824,70.216],[58.777,70.258],[58.66,70.299],[58.495,70.332],[58.52,70.348],[58.639,70.332],[58.632,70.346],[58.755,70.387],[58.761,70.397],[58.731,70.418],[58.741,70.428],[58.873,70.435],[59.024,70.48],[59.06,70.444],[59.315,70.372],[59.44,70.287],[59.533,70.265],[59.535,70.208],[59.554,70.2],[59.639,70.202],[59.766,70.171],[59.783,70.131],[59.927,70.099],[60.036,70.099],[60.328,69.957],[60.414,69.963],[60.476,69.92],[60.454,69.897],[60.462,69.866],[60.516,69.845],[60.54,69.819]]],[[[54.33,68.311],[54.344,68.293],[54.317,68.259],[54.221,68.245],[54.199,68.256],[54.201,68.279],[54.239,68.304],[54.33,68.331],[54.297,68.314],[54.33,68.311]]],[[[53.912,68.362],[53.991,68.346],[53.958,68.293],[53.92,68.288],[53.866,68.307],[53.858,68.346],[53.912,68.362]]],[[[49.814,68.899],[49.824,68.903],[49.842,68.906],[49.84,68.901],[49.782,68.881],[49.767,68.878],[49.752,68.877],[49.753,68.88],[49.788,68.889],[49.814,68.899]]]]}},{"type":"Feature","id":"RU-NIZ","properties":{"code":"RU-NIZ","name":"Nizhny Novgorod Oblast","district":"Volga","country":"RU","special":false},"geometry":{"type":"Polygon","coordinates":[[[45.723,54.97],[45.687,54.994],[45.77,55.038],[45.74,55.077],[45.748,55.101],[45.782,55.117],[45.74,55.141],[45.735,55.172],[45.605,55.164],[45.587,55.133],[45.555,55.12],[45.571,55.085],[45.49,55.093],[45.439,55.033],[45.414,54.926],[45.433,54.907],[45.424,54.882],[45.259,54.87],[45.22,54.773],[45.196,54.751],[45.177,54.757],[45.172,54.792],[45.152,54.797],[45.115,54.794],[45.055,54.752],[45.042,54.704],[45.091,54.659],[45.052,54.631],[45.052,54.593],[45.021,54.577],[45.147,54.52],[45.132,54.504],[44.93,54.475],[44.763,54.519],[44.607,54.471],[44.601,54.487],[44.67,54.538],[44.638,54.579],[44.588,54.575],[44.549,54.532],[44.438,54.538],[44.376,54.59],[44.244,54.608],[44.101,54.649],[44.089,54.683],[44.11,54.726],[43.946,54.738],[43.934,54.756],[43.963,54.797],[43.949,54.807],[43.725,54.82],[43.689,54.831],[43.588,54.908],[43.462,54.924],[43.388,54.95],[43.249,54.935],[43.15,54.899],[43.08,54.786],[42.98,54.805],[42.746,54.788],[42.694,54.819],[42.617,54.786],[42.547,54.803],[42.467,54.871],[42.475,54.91],[42.443,54.957],[42.48,54.995],[42.472,55.005],[42.431,55.012],[42.286,54.992],[42.167,54.949],[41.965,55.002],[42.006,55.022],[41.976,55.045],[41.987,55.087],[41.854,55.061],[41.8,55.079],[41.782,55.112],[41.886,55.17],[41.901,55.204],[41.859,55.241],[41.954,55.278],[41.933,55.33],[42.001,55.337],[42.013,55.373],[42.094,55.403],[42.134,55.442],[42.134,55.459],[42.068,55.481],[42.072,55.538],[42.041,55.575],[42.04,55.609],[42.117,55.613],[42.096,55.644],[42.107,55.664],[42.158,55.682],[42.169,55.711],[42.198,55.715],[42.263,55.765],[42.392,55.783],[42.422,55.822],[42.486,55.852],[42.482,55.895],[42.575,55.976],[42.645,55.952],[42.694,56.003],[42.675,56.093],[42.698,56.13],[42.773,56.149],[42.906,56.152],[42.948,56.169],[42.921,56.195],[42.817,56.197],[42.755,56.22],[42.761,56.306],[42.709,56.358],[42.588,56.42],[42.641,56.441],[42.627,56.472],[42.639,56.479],[42.804,56.463],[42.882,56.472],[42.888,56.514],[42.83,56.533],[42.906,56.583],[42.904,56.642],[42.855,56.653],[42.836,56.637],[42.787,56.669],[42.792,56.701],[42.83,56.741],[42.808,56.765],[42.83,56.802],[42.849,56.818],[42.9,56.814],[42.978,56.842],[43.107,56.845],[43.163,56.873],[43.218,56.857],[43.366,56.865],[43.501,56.906],[43.524,56.948],[43.566,56.957],[43.628,57.0],[43.677,57.069],[43.605,57.111],[43.505,57.12],[43.499,57.192],[43.519,57.219],[43.558,57.23],[43.544,57.266],[43.677,57.268],[43.698,57.337],[43.77,57.322],[43.799,57.361],[43.862,57.366],[43.707,57.425],[43.727,57.466],[43.846,57.431],[44.063,57.453],[44.303,57.517],[44.413,57.565],[44.471,57.607],[44.49,57.652],[44.567,57.696],[44.738,57.706],[44.865,57.88],[44.792,57.961],[44.802,58.014],[44.863,58.075],[45.017,58.089],[45.192,58.074],[45.294,58.041],[45.462,58.035],[45.563,57.935],[45.691,57.966],[45.731,58.022],[45.828,58.049],[46.341,58.075],[46.443,58.02],[46.518,58.036],[47.378,58.023],[47.452,57.987],[47.622,57.956],[47.703,57.958],[47.755,57.924],[47.768,57.891],[47.762,57.876],[47.612,57.839],[47.572,57.81],[47.559,57.771],[47.573,57.744],[47.53,57.7],[47.545,57.657],[47.535,57.616],[47.521,57.586],[47.487,57.576],[47.471,57.529],[47.261,57.569],[47.037,57.495],[46.749,57.522],[46.798,57.462],[46.701,57.419],[46.7,57.393],[46.75,57.385],[46.68,57.351],[46.695,57.32],[46.783,57.29],[46.808,57.242],[46.845,57.229],[46.834,57.2],[46.734,57.2],[46.76,57.129],[46.765,57.035],[46.713,57.012],[46.746,56.97],[46.668,56.965],[46.666,56.941],[46.601,56.92],[46.336,56.952],[46.303,56.901],[45.959,56.872],[45.909,56.78],[45.896,56.69],[45.925,56.668],[45.922,56.652],[45.859,56.629],[45.739,56.626],[45.644,56.584],[45.65,56.539],[45.629,56.522],[45.663,56.461],[45.77,56.459],[45.789,56.425],[45.876,56.44],[45.949,56.433],[45.952,56.414],[45.922,56.38],[45.943,56.318],[45.874,56.305],[45.874,56.259],[45.992,56.192],[46.068,56.182],[46.079,56.136],[46.067,56.104],[46.1,56.087],[46.092,56.056],[46.13,56.06],[46.156,56.041],[46.214,56.05],[46.161,55.984],[46.099,55.941],[46.135,55.896],[46.088,55.86],[46.094,55.808],[45.988,55.777],[46.01,55.743],[45.955,55.737],[45.92,55.688],[45.975,55.619],[46.013,55.627],[46.058,55.611],[46.111,55.565],[46.119,55.53],[46.244,55.524],[46.31,55.503],[46.387,55.452],[46.352,55.407],[46.254,55.385],[46.22,55.357],[46.208,55.321],[46.227,55.265],[46.098,55.204],[46.063,55.136],[46.082,55.065],[46.034,55.025],[45.943,54.994],[45.866,55.006],[45.723,54.97]]]}},{"type":"Feature","id":"RU-SE","properties":{"code":"RU-SE","name":"North Ossetia-Alania","district":"North Caucasian","country":"RU","special":false},"geometry":{"type":"Polygon","coordinates":[[[43.94,42.552],[43.885,42.579],[43.751,42.599],[43.723,42.625],[43.726,42.654],[43.812,42.717],[43.801,42.746],[43.663,42.78],[43.586,42.836],[43.386,42.887],[43.393,42.9],[43.459,42.96],[43.566,42.939],[43.657,43.051],[43.735,43.11],[43.754,43.173],[43.848,43.31],[43.882,43.292],[43.88,43.267],[43.898,43.254],[43.974,43.27],[44.014,43.253],[44.0,43.22],[44.023,43.209],[44.084,43.274],[44.036,43.365],[44.108,43.431],[44.156,43.418],[44.177,43.356],[44.32,43.431],[44.361,43.406],[44.399,43.424],[44.38,43.49],[44.408,43.539],[44.433,43.654],[44.39,43.676],[44.328,43.664],[44.312,43.675],[44.284,43.726],[44.285,43.819],[44.399,43.795],[44.685,43.831],[44.809,43.799],[44.85,43.706],[44.829,43.675],[44.839,43.584],[44.795,43.581],[44.774,43.619],[44.711,43.615],[44.696,43.562],[44.622,43.548],[44.61,43.556],[44.621,43.61],[44.543,43.597],[44.522,43.564],[44.498,43.397],[44.522,43.384],[44.572,43.392],[44.575,43.24],[44.589,43.227],[44.66,43.209],[44.641,43.237],[44.679,43.25],[44.713,43.218],[44.809,43.172],[44.849,43.112],[44.915,43.071],[44.929,43.046],[44.924,42.985],[44.944,42.954],[44.932,42.914],[44.885,42.884],[44.852,42.836],[44.765,42.839],[44.703,42.871],[44.628,42.883],[44.616,42.779],[44.639,42.74],[44.508,42.75],[44.361,42.704],[44.272,42.702],[44.197,42.629],[44.055,42.615],[43.94,42.552]]]}},{"type":"Feature","id":"RU-NGR","properties":{"code":"RU-NGR","name":"Novgorod Oblast","district":"Northwestern","country":"RU","special":false},"geometry":{"type":"Polygon","coordinates":[[[34.73,59.103],[34.736,59.067],[34.754,59.059],[34.878,59.049],[34.831,58.987],[34.948,58.966],[34.973,58.941],[35.025,58.942],[35.024,58.924],[35.039,58.918],[35.168,58.933],[35.14,58.889],[35.125,58.815],[35.216,58.828],[35.212,58.798],[35.273,58.763],[35.311,58.803],[35.398,58.844],[35.605,58.832],[35.639,58.814],[35.725,58.833],[35.821,58.787],[35.765,58.777],[35.786,58.749],[35.957,58.752],[35.986,58.727],[36.12,58.7],[36.147,58.643],[36.139,58.617],[36.22,58.612],[36.237,58.595],[36.189,58.566],[36.163,58.511],[36.093,58.508],[35.957,58.467],[35.941,58.455],[35.951,58.426],[35.935,58.423],[35.579,58.449],[35.449,58.419],[35.386,58.431],[35.324,58.392],[35.257,58.384],[35.279,58.359],[35.262,58.324],[35.269,58.271],[35.148,58.224],[35.044,58.198],[34.939,58.236],[34.84,58.227],[34.775,58.242],[34.718,58.224],[34.684,58.197],[34.714,58.172],[34.697,58.151],[34.713,58.095],[34.679,58.078],[34.525,58.112],[34.488,58.146],[34.142,58.208],[34.051,58.189],[34.004,58.22],[33.878,58.146],[33.677,58.153],[33.639,58.129],[33.646,58.102],[33.6,58.099],[33.538,58.056],[33.588,58.034],[33.63,58.037],[33.686,58.003],[33.695,57.975],[33.683,57.962],[33.702,57.915],[33.668,57.879],[33.576,57.853],[33.557,57.749],[33.537,57.72],[33.477,57.687],[33.325,57.655],[33.317,57.642],[33.335,57.608],[33.309,57.566],[33.235,57.543],[33.245,57.5],[33.295,57.432],[33.248,57.428],[33.216,57.454],[33.092,57.468],[33.09,57.446],[33.053,57.437],[32.812,57.462],[32.762,57.427],[32.689,57.405],[32.655,57.333],[32.547,57.304],[32.511,57.28],[32.443,57.271],[32.395,57.236],[32.257,57.276],[32.278,57.241],[32.277,57.198],[32.125,57.182],[32.097,57.154],[31.967,57.117],[31.937,57.084],[31.892,57.116],[31.801,57.093],[31.715,57.104],[31.668,57.057],[31.677,57.009],[31.538,56.938],[31.416,56.938],[31.307,56.969],[31.118,56.931],[31.0,56.965],[30.882,56.956],[30.836,56.937],[30.8,56.953],[30.651,56.967],[30.646,57.05],[30.67,57.144],[30.641,57.184],[30.728,57.213],[30.773,57.258],[30.516,57.318],[30.441,57.365],[30.493,57.389],[30.49,57.483],[30.609,57.617],[30.472,57.682],[30.518,57.746],[30.413,57.777],[30.518,57.807],[30.548,57.853],[30.543,57.876],[30.168,57.912],[30.072,57.941],[29.938,57.946],[29.918,57.976],[30.002,58.022],[29.998,58.039],[29.927,58.024],[29.798,58.093],[29.708,58.069],[29.679,58.077],[29.695,58.167],[29.66,58.209],[29.658,58.244],[29.771,58.302],[29.825,58.349],[29.926,58.392],[29.975,58.445],[30.041,58.443],[30.063,58.468],[30.123,58.489],[30.116,58.521],[30.167,58.533],[30.09,58.631],[30.116,58.692],[30.104,58.735],[30.185,58.767],[30.28,58.754],[30.39,58.71],[30.706,58.749],[30.728,58.829],[30.962,58.975],[30.981,59.06],[31.023,59.081],[31.155,59.077],[31.196,59.024],[31.258,58.981],[31.306,58.985],[31.322,59.021],[31.372,59.06],[31.452,59.092],[31.509,59.2],[31.557,59.215],[31.56,59.232],[31.529,59.264],[31.543,59.312],[31.532,59.353],[31.552,59.368],[31.807,59.312],[31.837,59.321],[31.882,59.375],[31.915,59.392],[31.941,59.398],[32.01,59.374],[32.124,59.394],[32.152,59.357],[32.213,59.333],[32.229,59.29],[32.274,59.286],[32.31,59.258],[32.314,59.234],[32.29,59.213],[32.302,59.2],[32.415,59.205],[32.584,59.181],[32.631,59.168],[32.653,59.125],[32.706,59.142],[32.76,59.201],[32.766,59.216],[32.734,59.254],[32.737,59.272],[32.848,59.347],[32.935,59.38],[32.961,59.427],[33.01,59.43],[33.062,59.384],[33.169,59.368],[33.256,59.323],[33.34,59.321],[33.354,59.378],[33.52,59.373],[33.608,59.343],[33.642,59.311],[33.725,59.298],[33.827,59.21],[33.867,59.198],[33.909,59.21],[33.946,59.167],[34.0,59.149],[34.108,59.145],[34.131,59.172],[34.214,59.171],[34.253,59.199],[34.366,59.178],[34.431,59.143],[34.499,59.136],[34.554,59.109],[34.635,59.117],[34.73,59.103]]]}},{"type":"Feature","id":"RU-NVS","properties":{"code":"RU-NVS","name":"Novosibirsk Oblast","district":"Siberian","country":"RU","special":false},"geometry":{"type":"Polygon","coordinates":[[[76.665,54.134],[76.762,54.203],[76.838,54.297],[76.834,54.346],[76.753,54.377],[76.805,54.41],[76.904,54.433],[76.91,54.455],[76.872,54.465],[76.782,54.439],[76.673,54.436],[76.652,54.422],[76.641,54.367],[76.623,54.356],[76.562,54.356],[76.476,54.323],[76.215,54.342],[76.17,54.291],[76.184,54.252],[75.691,54.113],[75.685,54.531],[75.697,54.544],[75.793,54.555],[75.824,54.591],[75.83,54.615],[75.794,54.666],[75.802,54.69],[75.772,54.706],[75.708,54.69],[75.658,54.804],[75.558,54.814],[75.5,54.837],[75.493,54.861],[75.529,54.904],[75.337,54.919],[75.336,54.941],[75.394,55.037],[75.366,55.072],[75.309,55.078],[75.299,55.115],[75.255,55.137],[75.274,55.193],[75.257,55.266],[75.209,55.285],[75.159,55.349],[75.097,55.382],[75.162,55.418],[75.178,55.456],[75.312,55.501],[75.323,55.532],[75.296,55.568],[75.189,55.566],[75.136,55.597],[75.234,55.66],[75.134,55.699],[75.135,55.721],[75.09,55.748],[75.094,55.763],[75.216,55.742],[75.352,55.768],[75.375,55.808],[75.3,55.842],[75.294,55.87],[75.311,55.89],[75.511,56.0],[75.55,56.048],[75.7,56.071],[75.718,56.109],[75.763,56.141],[75.939,56.129],[75.966,56.136],[76.0,56.178],[76.146,56.177],[76.169,56.154],[76.319,56.191],[76.309,56.224],[76.279,56.249],[76.227,56.261],[76.192,56.296],[76.111,56.324],[76.08,56.409],[76.141,56.432],[76.131,56.452],[76.049,56.48],[76.01,56.459],[75.937,56.478],[75.884,56.442],[75.846,56.462],[75.867,56.5],[76.014,56.552],[76.047,56.62],[76.148,56.632],[76.173,56.665],[76.284,56.726],[76.249,56.913],[76.196,56.969],[76.11,57.212],[76.109,57.25],[76.802,57.21],[76.919,57.188],[78.444,57.161],[78.448,57.122],[79.59,56.929],[80.249,56.455],[80.31,56.439],[81.122,56.533],[81.215,56.508],[81.426,56.373],[81.533,56.261],[81.557,56.258],[81.944,56.339],[82.146,56.335],[82.342,56.356],[82.451,56.401],[82.56,56.402],[82.689,56.428],[82.761,56.411],[82.834,56.449],[82.801,56.506],[82.815,56.524],[82.899,56.532],[82.996,56.508],[83.085,56.553],[83.252,56.456],[83.256,56.439],[83.239,56.416],[83.149,56.379],[83.202,56.339],[83.07,56.234],[83.108,56.212],[83.169,56.237],[83.218,56.208],[83.141,56.192],[83.147,56.169],[83.118,56.137],[83.205,56.103],[83.263,56.117],[83.286,56.104],[83.288,56.092],[83.231,56.057],[83.231,56.041],[83.353,55.969],[83.345,55.952],[83.407,55.901],[83.357,55.877],[83.36,55.845],[83.289,55.848],[83.274,55.782],[83.228,55.749],[83.229,55.73],[83.288,55.704],[83.295,55.682],[83.334,55.714],[83.403,55.735],[83.429,55.727],[83.409,55.682],[83.486,55.709],[83.568,55.693],[83.645,55.701],[83.673,55.727],[83.672,55.764],[83.769,55.873],[83.91,55.913],[83.922,55.968],[83.97,56.015],[84.218,56.055],[84.286,56.03],[84.347,55.984],[84.41,56.044],[84.534,56.039],[84.549,56.017],[84.534,55.995],[84.572,55.963],[84.501,55.954],[84.526,55.933],[84.506,55.868],[84.606,55.841],[84.611,55.817],[84.586,55.801],[84.631,55.768],[84.551,55.736],[84.551,55.723],[84.642,55.674],[84.701,55.669],[84.771,55.54],[84.761,55.515],[84.722,55.5],[84.761,55.455],[84.635,55.409],[84.715,55.391],[84.843,55.403],[84.875,55.389],[84.866,55.295],[84.823,55.246],[84.916,55.165],[84.905,55.043],[84.883,54.985],[84.909,54.961],[84.974,54.948],[85.02,54.891],[85.076,54.868],[85.069,54.833],[85.032,54.805],[85.011,54.762],[84.94,54.731],[85.001,54.714],[85.043,54.662],[84.948,54.604],[85.079,54.469],[84.693,54.337],[84.585,54.25],[84.571,54.199],[84.532,54.17],[84.446,54.14],[84.431,54.172],[84.39,54.188],[84.289,54.172],[84.296,54.204],[84.266,54.216],[84.009,54.147],[83.905,54.095],[83.912,54.14],[83.756,54.124],[83.568,54.126],[83.488,54.082],[83.502,53.993],[83.462,53.951],[83.406,53.941],[83.385,53.949],[83.295,54.083],[83.247,54.049],[83.19,54.065],[82.733,53.787],[82.763,53.758],[82.663,53.694],[82.64,53.639],[82.543,53.556],[82.601,53.507],[82.552,53.508],[82.486,53.469],[82.422,53.515],[82.249,53.594],[82.174,53.602],[82.214,53.663],[82.205,53.698],[82.113,53.661],[81.968,53.719],[81.835,53.713],[81.817,53.748],[81.756,53.778],[81.726,53.841],[81.847,53.9],[81.855,53.969],[81.764,53.97],[81.714,53.999],[81.554,53.935],[81.555,53.977],[81.582,54.017],[81.501,54.037],[81.474,54.072],[81.234,54.103],[81.116,54.142],[81.104,54.213],[80.994,54.265],[80.953,54.367],[80.925,54.396],[80.802,54.33],[80.845,54.271],[80.839,54.257],[80.763,54.267],[80.647,54.201],[80.585,54.203],[80.532,54.177],[80.543,54.136],[80.488,54.11],[80.422,54.127],[80.206,54.043],[80.128,54.075],[80.062,54.044],[80.064,54.017],[80.044,54.001],[79.866,53.932],[79.854,53.9],[79.862,53.858],[79.775,53.826],[79.721,53.841],[79.674,53.829],[79.62,53.795],[79.615,53.758],[79.572,53.733],[79.424,53.691],[79.382,53.72],[79.291,53.713],[79.245,53.68],[79.116,53.679],[79.069,53.694],[79.017,53.66],[78.886,53.682],[78.725,53.643],[78.666,53.656],[78.603,53.616],[78.622,53.526],[78.544,53.528],[78.377,53.488],[78.246,53.5],[78.204,53.612],[78.168,53.614],[78.123,53.588],[77.964,53.577],[77.925,53.565],[77.926,53.5],[78.049,53.495],[78.058,53.465],[77.936,53.445],[77.929,53.435],[77.95,53.403],[77.937,53.389],[77.909,53.376],[77.848,53.386],[77.785,53.327],[77.613,53.443],[76.526,53.961],[76.476,54.042],[76.377,54.154],[76.476,54.164],[76.665,54.134]]]}},{"type":"Feature","id":"RU-OMS","properties":{"code":"RU-OMS","name":"Omsk Oblast","district":"Siberian","country":"RU","special":false},"geometry":{"type":"Polygon","coordinates":[[[71.137,54.727],[71.006,54.774],[70.99,54.849],[70.946,54.888],[70.974,54.947],[70.957,54.973],[70.977,55.078],[70.96,55.106],[70.793,55.233],[70.789,55.265],[70.82,55.294],[70.721,55.313],[70.666,55.309],[70.561,55.27],[70.469,55.285],[70.502,55.347],[70.472,55.388],[70.475,55.424],[70.55,55.49],[70.692,55.509],[70.747,55.59],[70.705,55.629],[70.633,55.633],[70.556,55.67],[70.549,55.726],[70.588,55.768],[70.594,55.802],[70.63,55.815],[70.679,55.807],[70.766,55.838],[70.733,55.856],[70.586,55.838],[70.505,55.847],[70.476,55.876],[70.513,55.894],[70.762,55.904],[70.809,55.925],[70.855,55.974],[70.91,56.132],[70.828,56.16],[70.813,56.202],[70.849,56.242],[70.832,56.258],[70.785,56.263],[70.768,56.289],[70.836,56.33],[70.927,56.347],[70.939,56.404],[70.855,56.456],[70.788,56.447],[70.774,56.46],[70.811,56.492],[70.951,56.494],[71.053,56.544],[71.107,56.639],[71.045,56.695],[71.357,56.671],[71.392,56.685],[71.395,56.719],[71.415,56.733],[71.489,56.717],[71.557,56.732],[71.597,56.798],[71.673,56.838],[71.657,56.916],[71.618,56.953],[71.371,57.064],[71.224,57.202],[71.092,57.224],[71.094,57.242],[71.144,57.258],[71.13,57.283],[71.095,57.297],[71.098,57.339],[71.004,57.351],[70.8,57.319],[70.754,57.271],[70.758,57.25],[70.784,57.235],[70.777,57.209],[70.729,57.194],[70.612,57.201],[70.609,57.222],[70.655,57.258],[70.562,57.268],[70.498,57.298],[70.432,57.384],[70.436,57.409],[70.686,57.519],[70.69,57.568],[70.667,57.592],[70.58,57.584],[70.573,57.697],[70.5,57.713],[70.48,57.761],[70.433,57.779],[70.425,57.874],[70.384,57.922],[70.436,57.934],[70.437,57.954],[70.865,58.535],[70.93,58.547],[71.002,58.52],[71.077,58.522],[71.128,58.448],[71.192,58.44],[71.302,58.385],[71.245,58.341],[71.221,58.166],[71.249,58.076],[71.401,58.092],[71.482,58.08],[71.989,58.123],[72.058,58.095],[72.125,58.031],[72.149,58.026],[72.861,58.011],[72.934,58.041],[72.985,58.107],[73.087,58.146],[74.206,58.134],[74.484,58.269],[74.614,58.294],[74.623,58.32],[74.671,58.354],[74.795,58.418],[74.881,58.432],[74.895,58.475],[75.105,58.581],[75.303,58.487],[75.304,58.451],[75.069,58.343],[75.222,58.222],[75.08,58.119],[75.557,57.931],[75.584,57.662],[75.661,57.642],[75.727,57.599],[75.859,57.399],[75.954,57.405],[75.992,57.385],[76.109,57.25],[76.11,57.212],[76.196,56.969],[76.249,56.913],[76.285,56.737],[76.173,56.665],[76.148,56.632],[76.047,56.62],[76.014,56.552],[75.867,56.5],[75.846,56.462],[75.884,56.442],[75.937,56.478],[76.01,56.459],[76.049,56.48],[76.139,56.447],[76.134,56.429],[76.081,56.414],[76.111,56.324],[76.299,56.237],[76.314,56.185],[76.169,56.154],[76.146,56.177],[76.0,56.178],[75.966,56.136],[75.939,56.129],[75.763,56.141],[75.718,56.109],[75.7,56.071],[75.55,56.048],[75.511,56.0],[75.311,55.89],[75.294,55.87],[75.3,55.842],[75.375,55.808],[75.352,55.768],[75.216,55.742],[75.118,55.768],[75.087,55.754],[75.135,55.721],[75.134,55.699],[75.234,55.66],[75.136,55.597],[75.189,55.566],[75.296,55.568],[75.321,55.54],[75.312,55.501],[75.178,55.456],[75.162,55.418],[75.097,55.382],[75.159,55.349],[75.209,55.285],[75.257,55.266],[75.274,55.193],[75.255,55.137],[75.299,55.115],[75.309,55.078],[75.366,55.072],[75.394,55.037],[75.336,54.941],[75.337,54.919],[75.535,54.9],[75.493,54.861],[75.5,54.837],[75.558,54.814],[75.65,54.809],[75.703,54.694],[75.794,54.699],[75.794,54.666],[75.83,54.615],[75.793,54.555],[75.697,54.544],[75.685,54.531],[75.691,54.113],[75.603,54.095],[75.464,54.101],[75.361,54.06],[75.434,53.987],[75.028,53.808],[74.888,53.836],[74.772,53.831],[74.735,53.765],[74.654,53.748],[74.616,53.681],[74.453,53.685],[74.43,53.654],[74.421,53.603],[74.457,53.57],[74.388,53.462],[74.27,53.515],[74.27,53.553],[74.25,53.557],[74.223,53.595],[74.148,53.598],[74.119,53.57],[74.077,53.566],[74.063,53.573],[74.058,53.625],[73.904,53.639],[73.788,53.595],[73.653,53.609],[73.641,53.563],[73.583,53.559],[73.547,53.507],[73.411,53.43],[73.347,53.459],[73.391,53.52],[73.231,53.572],[73.259,53.606],[73.225,53.63],[73.23,53.662],[73.307,53.686],[73.331,53.775],[73.347,53.788],[73.438,53.809],[73.391,53.828],[73.432,53.865],[73.485,53.875],[73.634,53.857],[73.683,53.874],[73.741,54.058],[73.685,54.048],[73.67,54.076],[73.602,54.071],[73.589,54.066],[73.604,54.035],[73.587,54.019],[73.528,54.011],[73.518,53.956],[73.482,53.945],[73.393,53.974],[73.36,53.938],[73.063,53.979],[73.024,54.034],[72.977,54.048],[72.968,54.104],[72.942,54.122],[72.624,54.135],[72.573,54.129],[72.527,54.1],[72.503,54.051],[72.632,54.054],[72.656,54.043],[72.695,53.993],[72.7,53.958],[72.674,53.951],[72.557,53.977],[72.477,53.913],[72.392,53.908],[72.373,53.936],[72.419,54.016],[72.364,54.06],[72.358,54.093],[72.408,54.09],[72.423,54.109],[72.467,54.11],[72.483,54.136],[72.299,54.178],[72.333,54.224],[72.324,54.253],[72.279,54.263],[72.253,54.303],[72.185,54.357],[72.043,54.378],[72.025,54.371],[72.027,54.355],[72.103,54.312],[72.072,54.263],[72.067,54.222],[72.17,54.197],[72.187,54.179],[72.19,54.152],[72.155,54.128],[72.1,54.132],[72.019,54.215],[71.984,54.232],[71.762,54.248],[71.715,54.211],[71.709,54.132],[71.647,54.109],[71.574,54.129],[71.477,54.11],[71.453,54.181],[71.321,54.201],[71.218,54.116],[71.161,54.102],[71.097,54.165],[71.044,54.186],[71.052,54.263],[70.977,54.27],[70.971,54.305],[71.003,54.333],[71.116,54.312],[71.191,54.318],[71.198,54.4],[71.166,54.417],[71.171,54.451],[71.145,54.481],[71.141,54.564],[71.148,54.591],[71.252,54.625],[71.265,54.662],[71.201,54.724],[71.137,54.727]]]}},{"type":"Feature","id":"RU-ORL","properties":{"code":"RU-ORL","name":"Oryol Oblast","district":"Central","country":"RU","special":false},"geometry":{"type":"Polygon","coordinates":[[[37.841,53.009],[37.795,52.912],[37.844,52.882],[37.79,52.845],[37.862,52.807],[37.874,52.781],[37.856,52.756],[37.777,52.723],[37.809,52.641],[37.751,52.638],[37.712,52.613],[37.811,52.559],[37.778,52.511],[37.904,52.481],[37.91,52.462],[37.88,52.451],[37.879,52.43],[37.961,52.414],[38.038,52.345],[37.993,52.279],[38.017,52.252],[37.948,52.246],[37.897,52.229],[37.885,52.211],[37.848,52.211],[37.778,52.161],[37.747,52.017],[37.683,51.975],[37.626,51.975],[37.571,52.007],[37.481,52.009],[37.451,51.957],[37.404,51.928],[37.354,51.936],[37.195,52.036],[37.187,52.079],[37.144,52.073],[36.99,52.103],[36.948,52.091],[36.82,52.12],[36.748,52.172],[36.669,52.174],[36.615,52.206],[36.493,52.24],[36.483,52.271],[36.424,52.323],[36.338,52.37],[36.102,52.31],[35.993,52.312],[35.91,52.275],[35.766,52.287],[35.653,52.248],[35.616,52.257],[35.64,52.328],[35.576,52.376],[35.576,52.422],[35.557,52.432],[35.513,52.428],[35.477,52.401],[35.403,52.416],[35.369,52.363],[35.241,52.39],[35.105,52.33],[35.015,52.325],[34.897,52.353],[34.882,52.37],[34.857,52.364],[34.835,52.391],[34.835,52.428],[34.902,52.494],[34.973,52.5],[34.993,52.515],[35.011,52.614],[34.993,52.654],[35.037,52.656],[35.092,52.698],[35.025,52.718],[35.028,52.747],[34.948,52.783],[34.873,52.781],[34.796,52.864],[34.856,52.882],[34.853,52.902],[34.887,52.93],[34.953,52.929],[34.971,52.973],[35.151,52.96],[35.135,53.012],[35.205,53.0],[35.216,53.016],[35.269,53.02],[35.314,53.062],[35.275,53.097],[35.203,53.118],[35.172,53.104],[35.109,53.145],[35.122,53.186],[35.104,53.311],[35.18,53.291],[35.188,53.271],[35.233,53.284],[35.236,53.312],[35.267,53.304],[35.28,53.323],[35.328,53.286],[35.356,53.284],[35.409,53.356],[35.417,53.401],[35.45,53.417],[35.453,53.444],[35.517,53.446],[35.529,53.481],[35.647,53.548],[35.705,53.523],[35.772,53.52],[35.831,53.578],[35.895,53.614],[35.911,53.644],[36.01,53.618],[36.018,53.583],[36.098,53.556],[36.232,53.574],[36.312,53.509],[36.308,53.485],[36.398,53.429],[36.535,53.391],[36.614,53.423],[36.667,53.416],[36.71,53.349],[36.807,53.297],[36.917,53.286],[36.991,53.307],[37.009,53.284],[37.111,53.276],[37.197,53.251],[37.34,53.307],[37.412,53.306],[37.487,53.276],[37.561,53.296],[37.555,53.188],[37.586,53.135],[37.611,53.113],[37.713,53.132],[37.804,53.074],[37.841,53.009]]]}},{"type":"Feature","id":"RU-ORE","properties":{"code":"RU-ORE","name":"Orenburg Oblast","district":"Volga","country":"RU","special":false},"geometry":{"type":"Polygon","coordinates":[[[60.03,51.993],[60.003,51.993],[59.986,51.952],[60.061,51.859],[60.118,51.864],[60.138,51.889],[60.274,51.833],[60.452,51.805],[60.48,51.784],[60.44,51.754],[60.437,51.728],[60.356,51.692],[60.355,51.671],[60.485,51.651],[60.515,51.618],[60.937,51.611],[60.945,51.544],[61.023,51.486],[61.305,51.453],[61.356,51.46],[61.474,51.426],[61.563,51.296],[61.664,51.258],[61.567,51.234],[61.534,51.206],[61.427,50.833],[61.372,50.782],[60.718,50.653],[60.3,50.685],[60.177,50.742],[60.136,50.844],[60.021,50.854],[59.962,50.83],[59.915,50.746],[59.915,50.674],[59.816,50.563],[59.775,50.534],[59.622,50.524],[59.523,50.475],[59.466,50.507],[59.452,50.537],[59.478,50.552],[59.56,50.554],[59.563,50.58],[59.438,50.631],[59.273,50.616],[59.197,50.663],[58.926,50.678],[58.812,50.725],[58.748,50.795],[58.664,50.79],[58.647,50.801],[58.641,50.863],[58.571,50.864],[58.55,50.893],[58.554,50.925],[58.596,50.962],[58.595,51.023],[58.52,51.062],[58.378,51.071],[58.366,51.109],[58.308,51.15],[58.224,51.123],[58.191,51.066],[58.168,51.055],[58.114,51.065],[58.077,51.098],[57.96,51.077],[57.912,51.103],[57.769,51.12],[57.734,51.074],[57.737,50.938],[57.722,50.909],[57.689,50.897],[57.556,50.919],[57.468,50.858],[57.418,50.862],[57.334,50.897],[57.273,50.997],[57.197,51.017],[57.181,51.073],[57.154,51.1],[57.072,51.07],[56.865,51.052],[56.76,51.08],[56.716,51.072],[56.68,51.05],[56.71,50.982],[56.688,50.969],[56.597,50.984],[56.508,51.066],[56.478,51.073],[56.421,51.034],[56.432,50.976],[56.35,50.948],[56.336,50.896],[56.315,50.884],[56.158,50.906],[56.1,50.748],[56.079,50.725],[55.66,50.53],[55.57,50.588],[55.524,50.601],[55.468,50.657],[55.348,50.651],[55.305,50.665],[55.084,50.797],[55.061,50.823],[55.063,50.862],[55.048,50.884],[54.894,50.912],[54.812,50.972],[54.686,51.024],[54.638,51.028],[54.534,51.003],[54.525,50.991],[54.546,50.953],[54.503,50.928],[54.638,50.886],[54.652,50.846],[54.627,50.812],[54.65,50.786],[54.639,50.707],[54.676,50.603],[54.591,50.542],[54.479,50.526],[54.4,50.579],[54.38,50.619],[54.422,50.769],[54.485,50.825],[54.479,50.853],[54.276,50.904],[54.145,50.993],[54.112,51.096],[54.018,51.119],[53.994,51.153],[53.936,51.186],[53.858,51.185],[53.674,51.22],[53.594,51.289],[53.593,51.339],[53.574,51.353],[53.618,51.372],[53.61,51.388],[53.453,51.442],[53.407,51.484],[53.346,51.503],[53.214,51.495],[53.166,51.515],[53.149,51.505],[53.157,51.487],[53.037,51.49],[52.944,51.453],[52.883,51.467],[52.897,51.485],[52.821,51.487],[52.78,51.508],[52.669,51.455],[52.546,51.46],[52.479,51.505],[52.445,51.58],[52.378,51.66],[52.335,51.764],[52.308,51.775],[52.258,51.724],[52.148,51.716],[52.092,51.659],[51.869,51.673],[51.765,51.593],[51.782,51.493],[51.693,51.454],[51.647,51.451],[51.624,51.481],[51.62,51.519],[51.584,51.535],[51.56,51.535],[51.515,51.493],[51.462,51.475],[51.304,51.472],[51.237,51.536],[51.359,51.561],[51.381,51.587],[51.372,51.63],[51.288,51.643],[51.234,51.685],[51.17,51.669],[50.925,51.68],[50.839,51.746],[50.767,51.759],[50.898,51.851],[50.996,51.884],[51.042,51.92],[51.112,51.935],[51.415,52.103],[51.453,52.219],[51.407,52.257],[51.413,52.35],[51.47,52.371],[51.47,52.415],[51.563,52.447],[51.471,52.527],[51.475,52.576],[51.546,52.574],[51.51,52.631],[51.54,52.677],[51.577,52.688],[51.662,52.653],[51.727,52.664],[51.772,52.796],[51.717,52.826],[51.728,52.869],[51.809,52.877],[51.868,52.929],[52.052,52.993],[52.064,53.075],[52.158,53.103],[52.148,53.121],[52.059,53.139],[52.128,53.174],[52.126,53.222],[52.163,53.256],[52.143,53.297],[52.174,53.323],[52.193,53.375],[52.153,53.401],[52.127,53.452],[52.094,53.465],[52.08,53.514],[52.102,53.547],[52.183,53.561],[52.219,53.63],[52.253,53.654],[52.283,53.729],[52.339,53.787],[52.413,53.927],[52.376,53.98],[52.485,54.059],[52.397,54.128],[52.271,54.118],[52.261,54.149],[52.339,54.174],[52.353,54.189],[52.349,54.217],[52.314,54.256],[52.217,54.283],[52.204,54.299],[52.28,54.328],[52.506,54.322],[52.539,54.377],[52.629,54.343],[52.753,54.35],[52.925,54.311],[52.927,54.291],[52.889,54.283],[52.936,54.268],[53.013,54.274],[53.026,54.289],[53.004,54.313],[53.059,54.334],[53.107,54.286],[53.107,54.247],[53.045,54.242],[53.023,54.22],[52.97,54.229],[52.938,54.214],[53.035,54.128],[53.088,54.115],[53.067,54.073],[53.118,54.07],[53.186,54.094],[53.258,54.071],[53.286,54.029],[53.372,53.969],[53.41,54.015],[53.47,54.046],[53.5,54.026],[53.598,53.883],[53.66,53.746],[53.838,53.686],[53.878,53.658],[53.996,53.52],[54.067,53.485],[54.094,53.424],[54.217,53.379],[54.247,53.375],[54.302,53.41],[54.52,53.36],[54.568,53.328],[54.564,53.264],[54.624,53.257],[54.64,53.237],[54.822,53.273],[54.853,53.244],[54.927,53.22],[54.962,53.097],[55.071,52.947],[55.125,52.91],[55.162,52.823],[55.242,52.832],[55.264,52.862],[55.407,52.837],[55.422,52.787],[55.368,52.788],[55.354,52.765],[55.367,52.748],[55.42,52.738],[55.42,52.713],[55.352,52.688],[55.325,52.729],[55.285,52.733],[55.273,52.716],[55.283,52.677],[55.249,52.648],[55.318,52.625],[55.364,52.653],[55.412,52.658],[55.452,52.627],[55.455,52.59],[55.545,52.594],[55.553,52.576],[55.53,52.567],[55.543,52.537],[55.495,52.525],[55.533,52.501],[55.518,52.413],[55.536,52.389],[55.661,52.366],[55.683,52.39],[55.71,52.391],[55.734,52.355],[55.769,52.344],[55.815,52.371],[55.861,52.373],[55.892,52.405],[55.931,52.515],[55.962,52.512],[56.078,52.604],[56.054,52.645],[56.121,52.643],[56.181,52.588],[56.271,52.554],[56.405,52.603],[56.428,52.595],[56.412,52.55],[56.37,52.528],[56.36,52.502],[56.393,52.443],[56.443,52.426],[56.435,52.388],[56.451,52.309],[56.332,52.27],[56.284,52.227],[56.199,52.193],[56.191,52.173],[56.239,52.122],[56.325,52.123],[56.338,52.129],[56.338,52.159],[56.456,52.197],[56.465,52.187],[56.416,52.166],[56.429,52.157],[56.507,52.161],[56.622,52.124],[56.588,52.061],[56.656,52.065],[56.683,52.052],[56.651,51.96],[56.671,51.931],[56.729,51.929],[56.737,51.905],[56.62,51.888],[56.608,51.822],[56.754,51.769],[56.755,51.743],[56.715,51.721],[56.763,51.666],[56.74,51.629],[56.75,51.605],[56.78,51.592],[56.863,51.601],[56.89,51.625],[56.884,51.691],[56.798,51.733],[56.799,51.752],[56.89,51.732],[56.996,51.731],[57.02,51.665],[57.1,51.651],[57.141,51.587],[57.198,51.572],[57.393,51.648],[57.407,51.715],[57.422,51.725],[57.516,51.716],[57.563,51.747],[57.633,51.765],[57.621,51.797],[57.661,51.824],[57.653,51.863],[57.678,51.868],[57.784,51.826],[57.882,51.846],[57.942,51.834],[57.962,51.824],[57.969,51.793],[57.995,51.783],[58.092,51.795],[58.14,51.776],[58.138,51.748],[58.16,51.739],[58.264,51.742],[58.301,51.751],[58.32,51.773],[58.367,51.754],[58.402,51.774],[58.5,51.761],[58.545,51.771],[58.576,51.793],[58.593,51.876],[58.628,51.91],[58.64,52.022],[58.694,52.049],[58.689,52.079],[58.654,52.099],[58.632,52.146],[58.601,52.16],[58.606,52.181],[58.691,52.265],[58.857,52.263],[58.94,52.293],[58.917,52.329],[58.813,52.363],[58.828,52.433],[58.867,52.452],[58.976,52.43],[58.979,52.372],[59.175,52.277],[59.211,52.318],[59.249,52.487],[59.273,52.494],[59.409,52.493],[59.515,52.434],[59.56,52.457],[59.675,52.457],[59.666,52.434],[59.685,52.428],[59.81,52.497],[59.87,52.485],[59.937,52.43],[60.137,52.429],[60.159,52.371],[60.15,52.278],[60.054,52.222],[60.029,52.19],[59.963,52.176],[59.942,52.125],[59.914,52.1],[59.917,52.065],[59.993,52.043],[60.03,51.993]]]}},{"type":"Feature","id":"RU-PNZ","properties":{"code":"RU-PNZ","name":"Penza Oblast","district":"Volga","country":"RU","special":false},"geometry":{"type":"Polygon","coordinates":[[[42.113,53.525],[42.094,53.54],[42.095,53.639],[42.119,53.666],[42.12,53.701],[42.087,53.736],[42.146,53.778],[42.134,53.812],[42.308,53.847],[42.438,53.803],[42.481,53.759],[42.535,53.731],[42.51,53.801],[42.574,53.831],[42.579,53.818],[42.545,53.783],[42.573,53.76],[42.64,53.811],[42.72,53.811],[42.728,53.804],[42.704,53.772],[42.738,53.756],[42.771,53.828],[42.798,53.812],[42.918,53.797],[42.987,53.826],[43.058,53.825],[43.06,53.858],[43.076,53.865],[43.127,53.834],[43.161,53.831],[43.16,53.898],[43.106,53.909],[43.128,53.973],[43.174,54.0],[43.297,54.016],[43.425,53.989],[43.549,54.013],[43.598,53.979],[43.752,53.963],[43.91,53.894],[43.933,53.862],[43.868,53.847],[43.899,53.828],[43.877,53.81],[43.989,53.755],[44.078,53.733],[44.199,53.763],[44.314,53.701],[44.359,53.725],[44.417,53.726],[44.556,53.661],[44.593,53.667],[44.615,53.691],[44.736,53.705],[44.646,53.775],[44.639,53.809],[44.615,53.831],[44.617,53.892],[44.695,53.915],[44.756,53.909],[44.765,53.93],[44.871,53.967],[45.1,53.955],[45.176,53.979],[45.339,53.885],[45.495,53.895],[45.646,53.93],[45.714,53.919],[45.726,53.963],[45.792,54.004],[45.854,53.967],[45.971,54.005],[46.207,53.919],[46.212,53.887],[46.193,53.85],[46.218,53.823],[46.283,53.801],[46.271,53.757],[46.338,53.757],[46.399,53.676],[46.477,53.65],[46.499,53.624],[46.464,53.605],[46.474,53.559],[46.503,53.539],[46.494,53.511],[46.581,53.477],[46.68,53.476],[46.682,53.447],[46.789,53.412],[46.818,53.381],[46.902,53.341],[46.91,53.295],[46.944,53.269],[46.879,53.242],[46.874,53.187],[46.887,53.175],[46.946,53.192],[46.97,53.178],[46.936,53.148],[46.948,53.124],[46.913,53.079],[46.917,52.967],[46.935,52.91],[46.902,52.882],[46.911,52.863],[46.972,52.838],[46.963,52.802],[46.983,52.771],[46.836,52.713],[46.816,52.678],[46.831,52.616],[46.713,52.628],[46.663,52.661],[46.615,52.666],[46.613,52.71],[46.59,52.731],[46.516,52.695],[46.289,52.672],[46.276,52.619],[46.156,52.601],[46.132,52.547],[46.086,52.559],[46.056,52.527],[45.975,52.492],[46.013,52.462],[45.98,52.436],[45.981,52.407],[45.726,52.462],[45.732,52.523],[45.644,52.519],[45.528,52.481],[45.515,52.44],[45.431,52.4],[45.355,52.419],[45.249,52.392],[45.14,52.421],[45.072,52.377],[45.098,52.343],[45.033,52.321],[44.977,52.365],[44.91,52.378],[44.849,52.45],[44.647,52.488],[44.548,52.552],[44.5,52.521],[44.536,52.488],[44.521,52.461],[44.537,52.426],[44.422,52.416],[44.378,52.361],[44.339,52.347],[44.347,52.316],[44.044,52.35],[43.902,52.401],[43.747,52.433],[43.643,52.414],[43.532,52.426],[43.353,52.393],[43.33,52.399],[43.306,52.439],[43.175,52.462],[43.124,52.411],[43.08,52.403],[43.001,52.503],[43.096,52.515],[43.05,52.54],[43.042,52.561],[43.137,52.59],[43.237,52.651],[43.21,52.699],[43.095,52.822],[43.014,52.867],[42.92,52.963],[42.748,53.022],[42.631,53.114],[42.545,53.12],[42.512,53.166],[42.553,53.188],[42.555,53.207],[42.354,53.368],[42.253,53.371],[42.252,53.407],[42.312,53.44],[42.267,53.475],[42.174,53.506],[42.156,53.53],[42.113,53.525]]]}},{"type":"Feature","id":"RU-PER","properties":{"code":"RU-PER","name":"Perm Krai","district":"Volga","country":"RU","special":false},"geometry":{"type":"Polygon","coordinates":[[[54.968,56.32],[54.951,56.327],[54.949,56.368],[54.93,56.387],[54.743,56.44],[54.667,56.494],[54.559,56.538],[54.42,56.338],[54.39,56.361],[54.352,56.359],[54.318,56.451],[54.245,56.432],[54.179,56.527],[54.121,56.539],[54.075,56.587],[54.041,56.593],[54.09,56.636],[54.076,56.669],[54.016,56.684],[53.947,56.625],[53.861,56.621],[53.845,56.638],[53.873,56.698],[53.822,56.799],[53.872,56.807],[53.95,56.74],[54.046,56.753],[54.088,56.771],[54.095,56.798],[54.087,56.936],[54.099,56.966],[54.175,57.003],[54.341,57.012],[54.4,57.043],[54.38,57.07],[54.295,57.084],[54.277,57.104],[54.323,57.138],[54.319,57.286],[54.258,57.305],[54.119,57.309],[54.157,57.392],[54.271,57.427],[54.264,57.464],[54.181,57.466],[54.169,57.508],[54.199,57.53],[54.176,57.556],[54.12,57.558],[54.092,57.522],[54.04,57.531],[54.042,57.559],[53.99,57.573],[53.998,57.587],[54.117,57.616],[54.085,57.64],[54.079,57.675],[54.156,57.706],[54.136,57.829],[54.089,57.909],[54.099,57.972],[53.941,58.098],[53.929,58.139],[53.887,58.19],[53.81,58.228],[53.886,58.319],[53.786,58.402],[53.772,58.483],[53.705,58.595],[53.706,58.613],[53.751,58.649],[53.747,58.69],[53.771,58.716],[53.922,58.783],[53.807,58.829],[53.754,58.874],[53.725,58.926],[53.761,59.017],[53.84,59.033],[53.845,59.068],[53.877,59.093],[53.851,59.114],[53.803,59.116],[53.754,59.141],[53.693,59.122],[53.716,59.094],[53.498,59.148],[53.403,59.15],[53.335,59.185],[53.227,59.298],[53.206,59.364],[53.354,59.501],[53.423,59.684],[53.592,59.709],[53.658,59.824],[53.703,60.011],[53.608,60.143],[53.457,60.205],[53.358,60.166],[52.454,60.201],[52.298,60.242],[52.346,60.385],[52.324,60.432],[52.26,60.458],[52.138,60.473],[52.146,60.54],[52.134,60.547],[51.777,60.601],[51.89,60.876],[52.355,60.844],[52.431,60.978],[52.79,60.949],[52.876,61.094],[53.372,61.029],[53.381,61.015],[53.339,60.91],[53.354,60.893],[53.804,60.85],[53.853,60.98],[54.98,60.864],[55.062,61.009],[55.199,61.009],[55.288,61.121],[55.716,61.088],[55.83,61.249],[56.287,61.209],[56.337,61.284],[56.321,61.333],[56.391,61.42],[56.538,61.431],[56.599,61.496],[56.648,61.501],[56.676,61.522],[57.086,61.488],[57.204,61.511],[58.811,61.509],[58.93,61.555],[59.015,61.549],[59.146,61.631],[59.349,61.682],[59.349,61.65],[59.401,61.605],[59.428,61.513],[59.395,61.476],[59.418,61.429],[59.307,61.368],[59.299,61.33],[59.261,61.294],[59.257,61.244],[59.284,61.193],[59.357,61.151],[59.341,61.09],[59.383,61.049],[59.373,60.97],[59.469,60.941],[59.472,60.819],[59.434,60.765],[59.435,60.718],[59.397,60.64],[59.39,60.583],[59.333,60.524],[59.234,60.475],[59.228,60.435],[59.164,60.367],[59.187,60.271],[59.114,60.203],[59.107,60.152],[59.046,60.113],[59.051,60.043],[58.951,59.995],[59.0,59.931],[58.856,59.932],[58.805,59.863],[58.675,59.859],[58.582,59.716],[58.451,59.705],[58.4,59.547],[58.311,59.468],[58.339,59.452],[58.519,59.437],[58.539,59.4],[58.619,59.354],[58.67,59.293],[59.003,59.231],[59.08,59.184],[59.174,59.168],[59.175,59.147],[59.091,59.022],[59.181,58.953],[59.142,58.904],[59.067,58.89],[59.083,58.769],[59.173,58.755],[59.196,58.707],[59.266,58.713],[59.319,58.694],[59.381,58.705],[59.425,58.675],[59.389,58.59],[59.455,58.499],[59.449,58.483],[59.383,58.442],[59.286,58.417],[59.278,58.366],[59.203,58.305],[59.085,58.265],[58.997,58.203],[58.839,58.201],[58.762,58.134],[58.678,58.107],[58.665,58.054],[58.606,58.016],[58.614,57.979],[58.728,57.9],[58.756,57.848],[58.86,57.834],[58.853,57.748],[58.523,57.576],[58.445,57.597],[58.457,57.654],[58.436,57.676],[58.334,57.685],[58.268,57.67],[58.239,57.687],[58.163,57.684],[58.153,57.667],[58.172,57.634],[58.122,57.561],[58.094,57.564],[58.053,57.605],[57.975,57.541],[57.997,57.486],[57.938,57.332],[57.974,57.316],[57.951,57.295],[58.01,57.287],[58.039,57.237],[57.989,57.208],[57.989,57.193],[58.041,57.185],[58.031,57.152],[58.041,57.14],[58.105,57.127],[58.023,57.114],[58.03,57.099],[58.073,57.091],[58.072,57.051],[57.977,57.054],[58.008,57.076],[57.996,57.089],[57.945,57.063],[57.882,57.068],[57.829,57.0],[57.823,56.97],[57.767,56.972],[57.749,56.935],[57.698,56.942],[57.56,56.888],[57.461,56.9],[57.438,56.936],[57.404,56.917],[57.338,56.925],[57.219,56.853],[57.315,56.753],[57.311,56.724],[57.364,56.676],[57.426,56.659],[57.354,56.607],[57.381,56.567],[57.328,56.488],[57.349,56.457],[57.317,56.373],[57.376,56.361],[57.408,56.329],[57.267,56.302],[57.255,56.247],[57.185,56.197],[57.219,56.185],[57.166,56.16],[57.036,56.151],[57.024,56.13],[56.925,56.1],[56.864,56.108],[56.826,56.148],[56.764,56.176],[56.738,56.223],[56.646,56.222],[56.625,56.26],[56.574,56.263],[56.502,56.32],[56.558,56.36],[56.528,56.383],[56.449,56.374],[56.393,56.388],[56.371,56.378],[56.367,56.354],[56.323,56.345],[56.267,56.301],[56.209,56.309],[56.065,56.291],[56.035,56.329],[55.95,56.385],[55.914,56.466],[55.864,56.433],[55.745,56.438],[55.548,56.4],[55.412,56.335],[55.252,56.336],[55.224,56.364],[55.191,56.351],[55.172,56.318],[55.134,56.344],[55.103,56.344],[54.968,56.32]]]}},{"type":"Feature","id":"RU-PSK","properties":{"code":"RU-PSK","name":"Pskov Oblast","district":"Northwestern","country":"RU","special":false},"geometry":{"type":"Polygon","coordinates":[[[27.694,57.356],[27.641,57.389],[27.511,57.43],[27.528,57.528],[27.353,57.528],[27.329,57.571],[27.337,57.592],[27.385,57.607],[27.377,57.657],[27.391,57.68],[27.508,57.715],[27.502,57.773],[27.554,57.795],[27.525,57.807],[27.701,57.825],[27.799,57.861],[27.774,57.891],[27.665,57.918],[27.675,57.968],[27.669,57.992],[27.632,58.004],[27.63,58.088],[27.495,58.221],[27.483,58.269],[27.494,58.32],[27.555,58.395],[27.411,58.755],[27.478,58.875],[27.696,58.977],[27.873,59.014],[27.935,58.995],[28.122,58.993],[28.191,58.912],[28.28,58.852],[28.552,58.865],[28.757,58.827],[28.979,58.812],[28.965,58.783],[29.257,58.695],[29.303,58.645],[29.248,58.623],[29.449,58.595],[29.493,58.541],[29.559,58.534],[29.524,58.493],[29.546,58.477],[29.786,58.44],[29.975,58.445],[29.926,58.392],[29.825,58.349],[29.771,58.302],[29.658,58.244],[29.66,58.209],[29.695,58.167],[29.681,58.073],[29.798,58.093],[29.927,58.024],[29.998,58.039],[30.002,58.022],[29.918,57.976],[29.938,57.946],[30.072,57.941],[30.168,57.912],[30.543,57.876],[30.548,57.853],[30.518,57.807],[30.413,57.777],[30.518,57.746],[30.472,57.682],[30.609,57.617],[30.49,57.483],[30.493,57.389],[30.441,57.365],[30.516,57.318],[30.773,57.258],[30.728,57.213],[30.641,57.184],[30.67,57.144],[30.646,57.05],[30.651,56.967],[30.8,56.953],[30.836,56.937],[30.882,56.956],[31.0,56.965],[30.972,56.913],[30.896,56.897],[30.904,56.849],[30.887,56.805],[30.798,56.8],[30.781,56.774],[30.822,56.758],[30.817,56.72],[30.879,56.655],[30.909,56.654],[30.94,56.685],[30.973,56.67],[31.061,56.678],[31.08,56.623],[31.017,56.519],[31.016,56.48],[31.203,56.446],[31.222,56.422],[31.236,56.343],[31.292,56.349],[31.341,56.309],[31.492,56.301],[31.474,56.125],[31.511,56.052],[31.498,56.029],[31.345,55.964],[31.413,55.89],[31.406,55.831],[31.467,55.729],[31.318,55.722],[31.284,55.738],[31.206,55.718],[31.187,55.737],[31.047,55.769],[31.033,55.702],[30.953,55.66],[30.907,55.578],[30.848,55.611],[30.742,55.594],[30.694,55.652],[30.596,55.665],[30.584,55.679],[30.587,55.718],[30.481,55.754],[30.469,55.794],[30.271,55.831],[30.2,55.858],[30.106,55.822],[29.988,55.847],[29.908,55.843],[29.869,55.831],[29.806,55.771],[29.684,55.771],[29.481,55.681],[29.351,55.766],[29.348,55.803],[29.384,55.88],[29.444,55.907],[29.377,55.954],[29.224,55.978],[29.145,56.012],[29.031,56.024],[28.86,55.976],[28.833,55.961],[28.831,55.938],[28.732,55.947],[28.706,55.96],[28.681,56.027],[28.621,56.083],[28.538,56.098],[28.39,56.089],[28.333,56.05],[28.29,56.047],[28.149,56.142],[28.217,56.271],[28.167,56.37],[28.164,56.438],[28.093,56.502],[28.132,56.536],[28.011,56.588],[27.981,56.687],[27.865,56.743],[27.919,56.806],[27.914,56.82],[27.831,56.864],[27.786,56.871],[27.661,56.839],[27.628,56.844],[27.715,56.957],[27.751,57.042],[27.745,57.068],[27.682,57.104],[27.824,57.159],[27.841,57.211],[27.846,57.267],[27.828,57.305],[27.694,57.356]]]}},{"type":"Feature","id":"RU-ROS","properties":{"code":"RU-ROS","name":"Rostov Oblast","district":"Southern","country":"RU","special":false},"geometry":{"type":"Polygon","coordinates":[[[39.891,49.042],[39.919,49.048],[39.952,49.125],[40.142,49.246],[40.16,49.334],[40.062,49.426],[40.035,49.487],[40.054,49.52],[40.126,49.559],[40.119,49.588],[40.163,49.621],[40.198,49.627],[40.49,49.595],[40.612,49.648],[40.722,49.652],[40.805,49.688],[40.885,49.69],[41.029,49.794],[41.056,49.916],[41.11,49.972],[41.172,50.013],[41.266,50.034],[41.35,50.084],[41.347,50.115],[41.281,50.165],[41.362,50.226],[41.492,50.084],[41.591,50.051],[41.584,50.0],[41.617,49.962],[41.876,49.9],[42.115,49.75],[42.181,49.674],[42.118,49.57],[42.112,49.526],[42.072,49.502],[42.053,49.402],[42.086,49.358],[42.092,49.289],[42.034,49.261],[42.074,49.202],[42.071,49.152],[42.095,49.141],[42.311,49.161],[42.344,49.152],[42.371,49.122],[42.393,49.053],[42.48,49.043],[42.663,48.967],[42.66,48.9],[42.73,48.836],[42.745,48.797],[42.653,48.71],[42.701,48.618],[42.688,48.592],[42.629,48.548],[42.45,48.505],[42.277,48.498],[42.13,48.449],[42.078,48.411],[42.072,48.395],[42.147,48.287],[42.049,48.26],[42.051,48.23],[42.09,48.201],[42.099,48.161],[42.051,48.126],[42.021,48.037],[42.078,48.025],[42.224,48.03],[42.275,48.015],[42.334,48.046],[42.492,48.014],[42.731,47.852],[42.785,47.731],[42.955,47.51],[42.997,47.52],[43.054,47.573],[43.081,47.578],[43.153,47.567],[43.156,47.495],[43.226,47.45],[43.572,47.486],[43.661,47.445],[43.732,47.477],[43.799,47.371],[43.802,47.283],[43.939,47.269],[43.953,47.365],[43.974,47.393],[44.003,47.409],[44.116,47.418],[44.121,47.542],[44.245,47.569],[44.251,47.509],[44.334,47.475],[44.328,47.111],[44.262,46.9],[44.162,46.833],[44.073,46.828],[44.053,46.799],[43.93,46.723],[43.874,46.629],[43.814,46.58],[43.926,46.528],[43.918,46.416],[43.966,46.369],[43.966,46.34],[43.862,46.292],[43.843,46.364],[43.773,46.408],[43.646,46.216],[43.619,46.197],[43.545,46.164],[43.356,46.172],[43.08,46.36],[42.928,46.436],[42.777,46.388],[42.61,46.408],[42.556,46.446],[42.446,46.483],[42.409,46.525],[42.169,46.579],[42.034,46.543],[42.088,46.418],[42.173,46.386],[42.206,46.317],[41.963,46.289],[41.962,46.262],[41.915,46.185],[41.857,46.155],[41.784,46.17],[41.737,46.213],[41.659,46.178],[41.648,46.156],[41.67,46.131],[41.656,46.105],[41.714,46.04],[41.713,45.996],[41.642,45.975],[41.42,45.995],[41.404,45.992],[41.393,45.95],[41.375,45.947],[41.162,45.954],[41.16,46.0],[41.138,46.019],[41.126,46.068],[41.047,46.117],[40.995,46.128],[40.955,46.193],[40.994,46.234],[40.998,46.294],[40.936,46.279],[40.913,46.235],[40.757,46.233],[40.728,46.281],[40.339,46.28],[40.291,46.335],[40.237,46.346],[40.243,46.373],[40.284,46.403],[40.282,46.443],[40.234,46.46],[40.206,46.53],[40.046,46.548],[40.047,46.623],[40.098,46.644],[40.105,46.686],[40.132,46.722],[40.023,46.765],[39.845,46.766],[39.795,46.788],[39.577,46.778],[39.559,46.794],[39.444,46.809],[39.363,46.775],[39.238,46.769],[39.242,46.7],[39.176,46.684],[39.168,46.619],[39.089,46.6],[38.884,46.635],[38.86,46.588],[38.839,46.611],[38.849,46.713],[38.877,46.726],[38.883,46.808],[38.911,46.815],[38.69,46.821],[38.674,46.863],[38.804,46.894],[38.866,46.943],[38.937,46.947],[39.075,47.033],[39.115,47.013],[39.153,47.026],[39.28,47.013],[39.304,47.085],[39.389,47.115],[39.329,47.128],[39.28,47.088],[39.262,47.108],[39.273,47.136],[39.249,47.148],[39.256,47.19],[39.282,47.205],[39.264,47.261],[39.088,47.286],[39.013,47.254],[38.945,47.253],[38.932,47.185],[38.847,47.164],[38.553,47.136],[38.568,47.115],[38.517,47.119],[38.478,47.142],[38.56,47.218],[38.776,47.246],[38.821,47.276],[38.81,47.288],[38.783,47.259],[38.553,47.23],[38.428,47.134],[38.217,47.103],[38.201,47.131],[38.203,47.192],[38.285,47.241],[38.301,47.276],[38.189,47.301],[38.258,47.393],[38.274,47.528],[38.319,47.591],[38.353,47.607],[38.562,47.627],[38.662,47.683],[38.735,47.677],[38.796,47.82],[38.877,47.861],[39.039,47.857],[39.114,47.829],[39.32,47.846],[39.392,47.823],[39.57,47.831],[39.701,47.812],[39.759,47.833],[39.796,47.961],[39.76,48.015],[39.843,48.036],[39.829,48.077],[39.843,48.12],[39.894,48.183],[39.978,48.235],[39.993,48.273],[39.957,48.293],[39.885,48.279],[39.816,48.308],[39.924,48.376],[39.845,48.484],[39.842,48.499],[39.87,48.51],[39.835,48.573],[39.69,48.594],[39.632,48.587],[39.703,48.747],[39.779,48.808],[39.824,48.816],[39.975,48.79],[40.053,48.85],[40.034,48.886],[40.009,48.888],[39.95,48.853],[39.908,48.878],[39.759,48.895],[39.674,48.97],[39.681,49.02],[39.698,49.028],[39.891,49.042]]]}},{"type":"Feature","id":"RU-RYA","properties":{"code":"RU-RYA","name":"Ryazan Oblast","district":"Central","country":"RU","special":false},"geometry":{"type":"MultiPolygon","coordinates":[[[[40.052,53.382],[39.904,53.422],[39.909,53.487],[39.886,53.519],[39.727,53.592],[39.512,53.525],[39.524,53.462],[39.484,53.432],[39.182,53.386],[39.101,53.463],[39.048,53.547],[38.895,53.565],[38.915,53.609],[38.866,53.629],[38.9,53.655],[38.922,53.733],[38.9,53.758],[38.807,53.772],[38.815,53.798],[38.8,53.825],[38.822,53.849],[38.793,53.881],[38.844,53.936],[38.77,53.955],[38.751,54.013],[38.714,54.001],[38.696,54.09],[38.764,54.135],[38.746,54.183],[38.708,54.184],[38.681,54.167],[38.672,54.177],[38.675,54.245],[38.71,54.267],[38.737,54.345],[38.826,54.381],[38.856,54.373],[38.918,54.405],[38.791,54.464],[38.781,54.554],[38.82,54.602],[38.921,54.618],[38.963,54.593],[39.04,54.625],[39.232,54.635],[39.244,54.656],[39.238,54.711],[39.355,54.729],[39.327,54.752],[39.369,54.798],[39.379,54.853],[39.488,54.941],[39.591,54.982],[39.603,55.006],[39.685,55.021],[39.813,54.997],[39.888,55.081],[39.886,55.101],[39.838,55.123],[39.76,55.099],[39.72,55.126],[39.827,55.183],[40.012,55.204],[40.131,55.254],[40.236,55.336],[40.352,55.339],[40.361,55.327],[40.328,55.315],[40.321,55.297],[40.375,55.286],[40.536,55.327],[40.548,55.314],[40.532,55.293],[40.566,55.264],[40.554,55.255],[40.621,55.205],[40.741,55.205],[40.844,55.226],[40.899,55.263],[40.965,55.26],[41.036,55.222],[41.04,55.193],[41.081,55.147],[41.096,55.148],[41.096,55.199],[41.21,55.221],[41.315,55.197],[41.412,55.131],[41.463,55.136],[41.497,55.157],[41.607,55.134],[41.648,55.109],[41.719,55.125],[41.783,55.119],[41.8,55.079],[41.873,55.059],[41.981,55.089],[41.992,55.076],[41.976,55.045],[42.007,55.024],[41.965,55.002],[42.167,54.949],[42.338,55.0],[42.44,55.013],[42.482,55.0],[42.443,54.957],[42.475,54.91],[42.467,54.871],[42.386,54.789],[42.428,54.765],[42.419,54.736],[42.478,54.715],[42.51,54.728],[42.56,54.691],[42.623,54.715],[42.643,54.683],[42.609,54.647],[42.654,54.61],[42.695,54.598],[42.699,54.582],[42.621,54.543],[42.652,54.512],[42.645,54.499],[42.617,54.487],[42.571,54.505],[42.557,54.492],[42.544,54.439],[42.589,54.438],[42.637,54.391],[42.632,54.378],[42.527,54.367],[42.479,54.307],[42.278,54.236],[42.184,54.262],[42.224,54.185],[42.258,54.171],[42.369,54.204],[42.391,54.249],[42.439,54.26],[42.6,54.188],[42.529,54.142],[42.562,54.106],[42.535,54.083],[42.476,54.086],[42.437,54.112],[42.348,54.093],[42.309,54.104],[42.322,54.134],[42.282,54.122],[42.264,54.094],[42.274,54.082],[42.428,54.018],[42.462,53.965],[42.385,53.926],[42.308,53.847],[42.116,53.806],[41.748,53.823],[41.689,53.812],[41.658,53.783],[41.571,53.804],[41.509,53.781],[41.4,53.783],[41.351,53.753],[41.349,53.549],[41.266,53.518],[41.167,53.431],[41.066,53.443],[41.033,53.485],[40.927,53.505],[40.888,53.506],[40.872,53.481],[40.852,53.482],[40.738,53.56],[40.687,53.565],[40.63,53.511],[40.593,53.51],[40.481,53.454],[40.423,53.494],[40.406,53.445],[40.419,53.396],[40.383,53.368],[40.382,53.343],[40.325,53.35],[40.305,53.375],[40.19,53.335],[40.118,53.366],[40.123,53.398],[40.052,53.382]]],[[[42.465,54.811],[42.503,54.791],[42.507,54.759],[42.452,54.771],[42.444,54.804],[42.465,54.811]]]]}},{"type":"Feature","id":"RU-SAM","properties":{"code":"RU-SAM","name":"Samara Oblast","district":"Volga","country":"RU","special":false},"geometry":{"type":"Polygon","coordinates":[[[51.386,54.676],[51.391,54.601],[51.409,54.595],[51.492,54.597],[51.513,54.639],[51.696,54.557],[51.932,54.532],[51.933,54.436],[52.034,54.424],[52.078,54.343],[52.116,54.355],[52.099,54.388],[52.192,54.417],[52.211,54.442],[52.353,54.458],[52.366,54.45],[52.353,54.424],[52.369,54.419],[52.399,54.429],[52.415,54.473],[52.482,54.467],[52.502,54.447],[52.502,54.398],[52.539,54.377],[52.515,54.326],[52.28,54.328],[52.204,54.299],[52.217,54.283],[52.314,54.256],[52.349,54.217],[52.353,54.189],[52.339,54.174],[52.261,54.149],[52.271,54.118],[52.397,54.128],[52.485,54.059],[52.376,53.98],[52.413,53.927],[52.339,53.787],[52.283,53.729],[52.253,53.654],[52.219,53.63],[52.183,53.561],[52.102,53.547],[52.08,53.514],[52.094,53.465],[52.127,53.452],[52.153,53.401],[52.193,53.375],[52.174,53.323],[52.143,53.297],[52.163,53.256],[52.126,53.222],[52.128,53.174],[52.059,53.139],[52.148,53.121],[52.158,53.103],[52.064,53.075],[52.052,52.993],[51.868,52.929],[51.809,52.877],[51.728,52.869],[51.717,52.826],[51.772,52.796],[51.732,52.668],[51.662,52.653],[51.6,52.683],[51.545,52.681],[51.51,52.631],[51.546,52.574],[51.482,52.58],[51.471,52.569],[51.477,52.512],[51.539,52.479],[51.563,52.447],[51.47,52.415],[51.47,52.371],[51.413,52.35],[51.407,52.257],[51.453,52.219],[51.415,52.103],[51.112,51.935],[51.042,51.92],[50.996,51.884],[50.898,51.851],[50.767,51.759],[50.718,51.816],[50.732,51.897],[50.722,51.928],[50.651,51.958],[50.559,51.964],[50.517,51.991],[50.37,52.005],[50.331,52.058],[50.309,52.054],[50.297,52.023],[50.223,52.037],[50.168,52.024],[50.175,52.095],[50.212,52.104],[50.221,52.13],[50.068,52.159],[50.006,52.202],[49.977,52.184],[49.812,52.193],[49.704,52.29],[49.677,52.263],[49.65,52.267],[49.65,52.291],[49.62,52.33],[49.638,52.353],[49.584,52.398],[49.521,52.394],[49.521,52.34],[49.478,52.331],[49.413,52.405],[49.32,52.39],[49.353,52.459],[49.229,52.508],[49.159,52.486],[48.962,52.487],[48.932,52.47],[48.923,52.427],[48.891,52.411],[48.83,52.546],[48.737,52.559],[48.691,52.645],[48.595,52.646],[48.488,52.686],[48.356,52.664],[48.363,52.704],[48.422,52.771],[48.568,52.852],[48.59,52.881],[48.593,52.919],[48.522,52.978],[48.39,52.97],[48.324,52.984],[48.317,52.996],[48.362,53.051],[48.357,53.065],[48.27,53.057],[48.239,53.001],[48.222,52.999],[48.149,53.059],[48.202,53.147],[48.131,53.17],[48.102,53.209],[48.097,53.257],[48.035,53.315],[47.949,53.359],[47.945,53.374],[47.996,53.405],[48.005,53.439],[48.057,53.476],[48.166,53.477],[48.219,53.429],[48.244,53.461],[48.314,53.454],[48.376,53.471],[48.385,53.552],[48.435,53.581],[48.346,53.609],[48.321,53.649],[48.326,53.662],[48.358,53.67],[48.421,53.634],[48.456,53.666],[48.565,53.655],[48.599,53.668],[48.514,53.696],[48.469,53.738],[48.473,53.77],[48.874,53.716],[49.029,53.857],[49.299,53.84],[49.414,53.868],[49.592,53.849],[49.617,53.814],[49.733,53.84],[49.761,53.856],[49.759,53.875],[49.827,53.887],[49.848,53.883],[49.836,53.854],[49.856,53.838],[50.034,53.826],[50.057,53.848],[50.048,53.873],[49.957,53.907],[49.974,53.96],[50.197,54.038],[50.224,54.074],[50.203,54.138],[50.257,54.294],[50.202,54.388],[50.206,54.418],[50.12,54.432],[50.125,54.474],[50.077,54.516],[50.216,54.504],[50.276,54.444],[50.384,54.486],[50.474,54.401],[50.512,54.33],[50.589,54.361],[50.643,54.41],[50.697,54.427],[50.81,54.376],[50.887,54.374],[50.912,54.342],[50.935,54.34],[50.949,54.38],[50.994,54.431],[51.008,54.545],[51.093,54.554],[51.187,54.648],[51.286,54.639],[51.386,54.676]]]}},{"type":"Feature","id":"RU-SAR","properties":{"code":"RU-SAR","name":"Saratov Oblast","district":"Volga","country":"RU","special":false},"geometry":{"type":"Polygon","coordinates":[[[50.767,51.759],[50.744,51.742],[50.747,51.709],[50.795,51.626],[50.791,51.597],[50.72,51.567],[50.671,51.568],[50.659,51.576],[50.694,51.611],[50.582,51.635],[50.576,51.588],[50.525,51.566],[50.527,51.47],[50.479,51.454],[50.457,51.427],[50.36,51.413],[50.376,51.397],[50.338,51.372],[50.349,51.323],[50.325,51.303],[50.207,51.266],[49.987,51.23],[49.779,51.102],[49.437,51.112],[49.347,50.964],[49.424,50.882],[49.408,50.848],[49.369,50.827],[49.144,50.782],[49.013,50.683],[48.83,50.596],[48.74,50.598],[48.609,50.648],[48.568,50.637],[48.573,50.617],[48.648,50.602],[48.673,50.58],[48.674,50.478],[48.701,50.335],[48.789,50.173],[48.783,50.111],[48.866,50.086],[48.886,50.02],[48.785,49.933],[48.479,49.843],[48.43,49.81],[48.303,49.867],[48.239,49.865],[48.2,49.925],[48.142,49.964],[48.096,50.079],[48.012,50.142],[47.993,50.182],[47.625,50.441],[47.557,50.453],[47.47,50.412],[47.434,50.377],[47.24,50.379],[47.238,50.417],[47.209,50.444],[47.202,50.508],[47.064,50.512],[47.008,50.48],[46.938,50.489],[46.878,50.524],[46.868,50.565],[46.804,50.587],[46.832,50.64],[46.763,50.657],[46.716,50.69],[46.659,50.683],[46.576,50.699],[46.561,50.632],[46.472,50.609],[46.47,50.548],[46.369,50.551],[46.321,50.572],[46.295,50.567],[46.265,50.531],[46.094,50.526],[46.065,50.544],[46.065,50.663],[45.89,50.759],[45.811,50.774],[45.737,50.761],[45.678,50.729],[45.668,50.698],[45.684,50.611],[45.668,50.594],[45.566,50.582],[45.52,50.556],[45.514,50.603],[45.495,50.613],[45.414,50.613],[45.358,50.589],[45.228,50.588],[45.215,50.614],[45.255,50.679],[45.17,50.715],[45.271,50.752],[45.31,50.821],[45.308,50.877],[45.284,50.908],[45.211,50.946],[45.202,51.04],[45.072,51.085],[45.042,51.126],[44.93,51.115],[44.883,51.152],[44.756,51.15],[44.644,51.174],[44.62,51.167],[44.614,51.141],[44.577,51.135],[44.525,51.177],[44.446,51.212],[44.41,51.187],[44.287,51.181],[44.21,51.194],[44.162,51.093],[44.119,51.114],[44.008,51.083],[44.013,51.149],[43.99,51.174],[43.908,51.158],[43.864,51.113],[43.682,51.113],[43.665,51.106],[43.67,51.079],[43.653,51.067],[43.535,51.059],[43.417,51.019],[43.33,51.018],[43.142,51.122],[43.077,51.136],[42.873,51.231],[42.905,51.249],[42.871,51.269],[42.845,51.317],[42.861,51.381],[42.734,51.479],[42.53,51.575],[42.489,51.608],[42.512,51.624],[42.48,51.677],[42.651,51.813],[42.683,51.872],[42.703,51.982],[42.806,52.012],[42.751,52.078],[42.752,52.174],[42.856,52.239],[42.922,52.305],[42.92,52.37],[43.003,52.366],[43.043,52.395],[43.124,52.411],[43.175,52.462],[43.306,52.439],[43.33,52.399],[43.353,52.393],[43.532,52.426],[43.643,52.414],[43.772,52.432],[44.044,52.35],[44.347,52.316],[44.339,52.347],[44.378,52.361],[44.422,52.416],[44.537,52.426],[44.521,52.461],[44.536,52.488],[44.5,52.521],[44.548,52.552],[44.647,52.488],[44.849,52.45],[44.91,52.378],[44.977,52.365],[45.045,52.321],[45.098,52.343],[45.072,52.377],[45.14,52.421],[45.249,52.392],[45.355,52.419],[45.431,52.4],[45.515,52.44],[45.528,52.481],[45.644,52.519],[45.732,52.523],[45.726,52.462],[45.981,52.407],[45.98,52.436],[46.013,52.462],[45.975,52.492],[46.056,52.527],[46.086,52.559],[46.132,52.547],[46.15,52.598],[46.276,52.619],[46.274,52.652],[46.3,52.676],[46.516,52.695],[46.582,52.731],[46.609,52.718],[46.615,52.666],[46.663,52.661],[46.713,52.628],[46.831,52.616],[46.942,52.635],[47.062,52.57],[47.154,52.607],[47.207,52.567],[47.435,52.57],[47.573,52.616],[47.672,52.601],[47.708,52.581],[47.774,52.62],[47.772,52.674],[47.843,52.723],[47.899,52.722],[47.927,52.668],[48.02,52.68],[48.085,52.72],[47.997,52.736],[47.998,52.754],[48.092,52.776],[48.106,52.797],[48.178,52.792],[48.252,52.81],[48.345,52.806],[48.437,52.78],[48.363,52.704],[48.356,52.664],[48.488,52.686],[48.595,52.646],[48.691,52.645],[48.737,52.559],[48.83,52.546],[48.891,52.411],[48.923,52.427],[48.932,52.47],[48.962,52.487],[49.159,52.486],[49.206,52.508],[49.287,52.494],[49.353,52.459],[49.32,52.39],[49.413,52.405],[49.471,52.336],[49.499,52.328],[49.524,52.346],[49.521,52.394],[49.584,52.398],[49.638,52.353],[49.62,52.33],[49.65,52.291],[49.65,52.267],[49.677,52.263],[49.704,52.29],[49.812,52.193],[49.977,52.184],[50.006,52.202],[50.068,52.159],[50.221,52.13],[50.212,52.104],[50.175,52.095],[50.168,52.024],[50.223,52.037],[50.297,52.023],[50.309,52.054],[50.331,52.058],[50.355,52.015],[50.389,51.999],[50.517,51.991],[50.559,51.964],[50.662,51.954],[50.728,51.923],[50.718,51.816],[50.767,51.759]]]}},{"type":"Feature","id":"RU-SMO","properties":{"code":"RU-SMO","name":"Smolensk Oblast","district":"Central","country":"RU","special":false},"geometry":{"type":"Polygon","coordinates":[[[30.981,55.019],[31.006,55.023],[31.006,55.042],[30.97,55.101],[30.984,55.131],[30.959,55.144],[30.96,55.163],[30.887,55.205],[30.857,55.253],[30.794,55.286],[30.811,55.323],[30.918,55.388],[30.919,55.408],[30.881,55.451],[30.919,55.492],[30.899,55.499],[30.92,55.534],[30.907,55.578],[30.953,55.66],[31.033,55.702],[31.047,55.769],[31.187,55.737],[31.206,55.718],[31.284,55.738],[31.318,55.722],[31.401,55.734],[31.444,55.721],[31.586,55.747],[31.755,55.714],[31.822,55.756],[31.91,55.771],[32.091,55.704],[32.041,55.687],[32.035,55.673],[32.054,55.661],[32.152,55.683],[32.284,55.678],[32.309,55.707],[32.337,55.712],[32.446,55.684],[32.496,55.705],[32.553,55.66],[32.587,55.68],[32.623,55.671],[32.708,55.69],[32.762,55.668],[32.849,55.666],[32.939,55.632],[32.978,55.655],[33.165,55.646],[33.193,55.656],[33.225,55.698],[33.387,55.705],[33.417,55.734],[33.516,55.761],[33.569,55.816],[33.638,55.837],[33.67,55.865],[33.681,55.897],[33.65,55.935],[33.66,55.946],[33.827,55.93],[33.83,55.99],[33.891,56.043],[33.898,56.071],[34.081,56.055],[34.22,56.074],[34.28,56.045],[34.307,56.001],[34.374,56.014],[34.631,55.918],[34.694,55.926],[34.76,55.968],[34.825,55.952],[35.031,55.984],[35.207,55.938],[35.216,55.906],[35.246,55.916],[35.248,55.876],[35.308,55.81],[35.352,55.785],[35.334,55.755],[35.343,55.734],[35.312,55.717],[35.398,55.611],[35.381,55.564],[35.303,55.571],[35.282,55.559],[35.314,55.531],[35.32,55.499],[35.295,55.464],[35.314,55.437],[35.29,55.324],[35.37,55.239],[35.344,55.203],[35.302,55.19],[35.31,55.168],[35.28,55.148],[35.282,55.107],[35.24,55.065],[35.128,55.013],[35.141,54.965],[35.065,54.957],[34.992,54.882],[34.944,54.894],[34.866,54.884],[34.85,54.818],[34.921,54.772],[34.817,54.709],[34.654,54.663],[34.467,54.686],[34.408,54.68],[34.483,54.659],[34.5,54.632],[34.436,54.512],[34.387,54.499],[34.416,54.451],[34.375,54.422],[34.326,54.43],[34.213,54.505],[34.108,54.55],[33.927,54.572],[33.871,54.556],[33.725,54.559],[33.637,54.477],[33.674,54.449],[33.63,54.417],[33.617,54.374],[33.684,54.321],[33.633,54.261],[33.586,54.255],[33.618,54.237],[33.617,54.183],[33.568,54.164],[33.559,54.129],[33.525,54.113],[33.548,54.099],[33.477,54.092],[33.424,54.049],[33.493,54.031],[33.501,54.016],[33.445,53.999],[33.477,53.974],[33.379,53.953],[33.407,53.983],[33.349,53.982],[33.299,53.956],[33.248,53.954],[33.267,53.921],[33.247,53.881],[33.282,53.857],[33.289,53.822],[33.206,53.796],[33.214,53.761],[33.199,53.732],[33.13,53.718],[32.924,53.591],[32.891,53.557],[32.908,53.493],[32.87,53.45],[32.847,53.432],[32.817,53.443],[32.766,53.414],[32.752,53.433],[32.718,53.431],[32.701,53.462],[32.647,53.458],[32.65,53.488],[32.577,53.486],[32.554,53.511],[32.429,53.562],[32.399,53.635],[32.488,53.67],[32.462,53.707],[32.372,53.714],[32.29,53.761],[32.165,53.782],[32.106,53.807],[31.873,53.777],[31.745,53.795],[31.81,53.883],[31.838,53.962],[31.847,53.992],[31.823,54.053],[31.771,54.049],[31.737,54.094],[31.506,54.144],[31.325,54.229],[31.299,54.273],[31.285,54.347],[31.249,54.377],[31.209,54.448],[31.065,54.492],[31.168,54.622],[31.105,54.668],[30.999,54.671],[30.981,54.706],[30.771,54.786],[30.768,54.83],[30.826,54.877],[30.815,54.928],[30.917,54.954],[30.936,54.973],[30.907,55.013],[30.913,55.025],[30.981,55.019]]]}},{"type":"Feature","id":"RU-STA","properties":{"code":"RU-STA","name":"Stavropol Krai","district":"North Caucasian","country":"RU","special":false},"geometry":{"type":"Polygon","coordinates":[[[41.642,45.975],[41.713,45.996],[42.036,45.965],[42.111,45.929],[42.157,45.96],[42.152,46.023],[42.18,46.056],[42.177,46.099],[42.325,46.126],[42.34,46.107],[42.32,45.976],[42.517,45.99],[42.671,46.088],[42.739,46.099],[42.835,46.156],[42.852,46.175],[42.836,46.202],[42.916,46.241],[42.991,46.18],[43.263,46.103],[43.393,46.016],[43.568,45.981],[43.742,45.979],[43.878,45.945],[44.08,45.796],[44.148,45.653],[44.277,45.58],[44.421,45.527],[44.738,45.497],[45.586,45.158],[45.717,45.0],[45.622,44.903],[45.649,44.834],[45.646,44.8],[45.43,44.615],[45.382,44.621],[45.344,44.597],[45.271,44.591],[45.261,44.562],[45.272,44.539],[45.239,44.521],[45.228,44.487],[45.237,44.46],[45.405,44.442],[45.444,44.402],[45.441,44.376],[45.404,44.318],[45.131,44.268],[45.105,44.216],[45.124,44.202],[45.258,44.199],[45.3,44.183],[45.341,44.2],[45.517,44.185],[45.509,44.015],[45.453,43.994],[45.453,43.889],[45.221,43.883],[45.206,43.899],[45.204,43.948],[45.076,43.95],[45.055,43.911],[45.082,43.876],[45.077,43.781],[45.004,43.758],[45.0,43.705],[44.961,43.671],[44.893,43.652],[44.829,43.668],[44.85,43.706],[44.803,43.802],[44.685,43.831],[44.399,43.795],[44.285,43.819],[44.299,43.89],[44.358,43.937],[44.417,43.946],[44.42,43.999],[44.259,43.925],[44.167,43.926],[44.134,43.956],[44.017,43.963],[43.906,43.994],[43.797,43.936],[43.764,43.854],[43.739,43.841],[43.459,43.868],[43.327,43.805],[43.3,43.824],[43.266,43.91],[43.216,43.95],[43.175,43.948],[43.102,43.894],[42.948,43.885],[42.852,43.817],[42.719,43.822],[42.683,43.807],[42.662,43.846],[42.664,43.911],[42.612,43.934],[42.65,43.965],[42.56,43.982],[42.56,43.999],[42.593,44.017],[42.591,44.04],[42.487,44.026],[42.476,44.004],[42.5,43.973],[42.378,43.971],[42.332,44.048],[42.306,44.058],[42.303,44.129],[42.347,44.139],[42.426,44.201],[42.555,44.245],[42.557,44.289],[42.478,44.297],[42.352,44.27],[42.346,44.306],[42.287,44.328],[42.038,44.364],[41.953,44.395],[41.909,44.493],[41.729,44.459],[41.719,44.497],[41.636,44.507],[41.617,44.53],[41.573,44.537],[41.55,44.597],[41.486,44.607],[41.474,44.632],[41.423,44.666],[41.415,44.702],[41.522,44.727],[41.587,44.788],[41.651,44.897],[41.657,44.969],[41.642,44.981],[41.464,44.989],[41.421,45.053],[41.353,45.106],[41.36,45.212],[41.293,45.243],[41.26,45.228],[41.026,45.22],[41.034,45.297],[41.001,45.331],[41.008,45.385],[40.921,45.431],[40.908,45.504],[40.843,45.527],[40.857,45.69],[41.029,45.71],[41.062,45.681],[41.133,45.683],[41.169,45.695],[41.179,45.75],[41.274,45.754],[41.281,45.804],[41.233,45.82],[41.261,45.872],[41.171,45.89],[41.162,45.954],[41.385,45.948],[41.404,45.992],[41.42,45.995],[41.642,45.975]]]}},{"type":"Feature","id":"RU-SVE","properties":{"code":"RU-SVE","name":"Sverdlovsk Oblast","district":"Ural","country":"RU","special":false},"geometry":{"type":"Polygon","coordinates":[[[57.637,56.099],[57.537,56.1],[57.46,56.125],[57.454,56.145],[57.478,56.179],[57.408,56.243],[57.42,56.32],[57.376,56.361],[57.317,56.373],[57.349,56.457],[57.328,56.488],[57.381,56.567],[57.354,56.607],[57.426,56.659],[57.364,56.676],[57.311,56.724],[57.315,56.753],[57.219,56.853],[57.338,56.925],[57.404,56.917],[57.438,56.936],[57.461,56.9],[57.56,56.888],[57.698,56.942],[57.749,56.935],[57.767,56.972],[57.823,56.97],[57.829,57.0],[57.882,57.068],[57.945,57.063],[57.996,57.089],[58.008,57.076],[57.977,57.054],[58.072,57.051],[58.073,57.091],[58.03,57.099],[58.023,57.114],[58.105,57.127],[58.041,57.14],[58.031,57.152],[58.041,57.185],[57.989,57.193],[57.989,57.208],[58.039,57.237],[58.01,57.287],[57.951,57.295],[57.974,57.316],[57.938,57.332],[57.997,57.486],[57.975,57.541],[58.053,57.605],[58.094,57.564],[58.122,57.561],[58.172,57.634],[58.153,57.667],[58.171,57.686],[58.239,57.687],[58.268,57.67],[58.334,57.685],[58.436,57.676],[58.457,57.654],[58.445,57.597],[58.523,57.576],[58.83,57.726],[58.86,57.765],[58.86,57.834],[58.764,57.843],[58.728,57.9],[58.643,57.947],[58.605,57.996],[58.611,58.022],[58.665,58.054],[58.672,58.101],[58.762,58.134],[58.839,58.201],[58.997,58.203],[59.085,58.265],[59.203,58.305],[59.278,58.366],[59.286,58.417],[59.395,58.447],[59.456,58.493],[59.389,58.59],[59.422,58.68],[59.381,58.705],[59.319,58.694],[59.266,58.713],[59.196,58.707],[59.173,58.755],[59.083,58.769],[59.067,58.89],[59.142,58.904],[59.181,58.953],[59.091,59.022],[59.175,59.147],[59.174,59.168],[59.08,59.184],[59.003,59.231],[58.67,59.293],[58.619,59.354],[58.539,59.4],[58.519,59.437],[58.339,59.452],[58.311,59.468],[58.4,59.547],[58.451,59.705],[58.582,59.716],[58.675,59.859],[58.805,59.863],[58.856,59.932],[59.0,59.931],[58.951,59.995],[59.051,60.043],[59.046,60.113],[59.107,60.152],[59.114,60.203],[59.187,60.271],[59.164,60.367],[59.228,60.435],[59.234,60.475],[59.333,60.524],[59.39,60.583],[59.397,60.64],[59.435,60.718],[59.434,60.765],[59.472,60.819],[59.469,60.941],[59.373,60.97],[59.383,61.049],[59.341,61.09],[59.357,61.151],[59.27,61.207],[59.258,61.281],[59.299,61.33],[59.311,61.373],[59.418,61.429],[59.395,61.469],[59.428,61.507],[59.401,61.605],[59.344,61.665],[59.392,61.758],[59.34,61.802],[59.333,61.826],[59.392,61.909],[59.459,61.954],[59.485,61.993],[59.54,61.96],[59.652,61.936],[59.779,61.952],[59.984,61.903],[59.991,61.889],[59.968,61.852],[59.978,61.757],[60.057,61.721],[60.431,61.747],[60.759,61.704],[60.971,61.706],[61.165,61.683],[61.9,61.434],[61.933,61.404],[62.42,61.305],[62.62,61.211],[62.86,61.001],[62.778,60.917],[62.76,60.859],[62.834,60.749],[62.881,60.64],[63.091,60.46],[63.22,60.301],[63.228,60.276],[63.198,60.231],[63.396,60.166],[63.6,60.153],[63.638,60.123],[63.644,60.049],[63.7,59.994],[63.796,59.792],[63.794,59.695],[63.825,59.477],[64.029,59.395],[64.324,59.411],[65.038,59.327],[65.099,59.237],[65.2,59.215],[65.382,58.919],[65.669,58.663],[65.935,58.614],[65.954,58.572],[65.99,58.32],[66.151,58.084],[66.197,58.04],[66.066,58.007],[66.029,57.981],[65.85,57.954],[65.8,57.894],[65.739,57.907],[65.663,57.887],[65.637,57.871],[65.655,57.836],[65.54,57.78],[65.473,57.777],[65.428,57.834],[64.839,57.641],[64.906,57.608],[64.971,57.617],[65.002,57.593],[64.921,57.534],[64.91,57.479],[64.843,57.451],[64.874,57.408],[64.884,57.35],[64.829,57.305],[64.86,57.29],[64.918,57.296],[64.944,57.261],[64.99,57.237],[64.991,57.054],[65.037,57.011],[65.03,56.972],[65.07,56.946],[65.068,56.908],[65.109,56.892],[65.152,56.916],[65.233,56.928],[65.232,56.868],[65.18,56.819],[65.174,56.779],[65.14,56.77],[64.955,56.773],[64.887,56.793],[64.91,56.819],[64.838,56.842],[64.743,56.813],[64.542,56.808],[64.517,56.771],[64.484,56.76],[64.328,56.749],[64.316,56.738],[64.327,56.698],[64.361,56.686],[64.364,56.663],[64.323,56.643],[64.31,56.606],[64.226,56.604],[64.208,56.589],[64.196,56.552],[64.237,56.519],[64.222,56.483],[64.203,56.474],[64.041,56.493],[63.962,56.478],[63.846,56.49],[63.766,56.508],[63.736,56.541],[63.67,56.536],[63.595,56.557],[63.571,56.604],[63.408,56.624],[63.382,56.608],[63.39,56.58],[63.355,56.559],[63.357,56.515],[63.305,56.546],[63.306,56.578],[63.13,56.567],[63.001,56.598],[62.889,56.585],[62.863,56.55],[62.773,56.559],[62.712,56.507],[62.645,56.513],[62.624,56.498],[62.605,56.5],[62.59,56.524],[62.603,56.567],[62.542,56.578],[62.412,56.514],[62.387,56.484],[62.333,56.469],[62.276,56.422],[62.253,56.363],[62.133,56.291],[62.075,56.288],[62.06,56.199],[62.072,56.134],[61.97,56.147],[61.852,56.186],[61.851,56.219],[61.806,56.243],[61.777,56.233],[61.744,56.248],[61.732,56.281],[61.642,56.319],[61.58,56.317],[61.537,56.297],[61.439,56.327],[61.385,56.367],[61.325,56.363],[61.267,56.331],[61.15,56.376],[61.084,56.326],[61.148,56.265],[61.161,56.229],[61.072,56.199],[60.969,56.206],[60.909,56.188],[60.719,56.238],[60.585,56.214],[60.522,56.238],[60.315,56.238],[60.256,56.212],[60.199,56.208],[59.921,56.265],[59.789,56.233],[59.661,56.252],[59.701,56.306],[59.349,56.318],[59.209,56.354],[59.115,56.312],[59.165,56.255],[59.135,56.206],[59.003,56.215],[59.001,56.187],[59.026,56.169],[59.007,56.11],[58.925,56.061],[58.747,56.063],[58.701,56.107],[58.543,56.163],[58.455,56.147],[58.423,56.11],[58.382,56.091],[58.377,56.066],[58.352,56.059],[58.315,56.066],[58.3,56.114],[58.219,56.108],[58.079,56.141],[58.049,56.119],[57.907,56.115],[57.881,56.138],[57.802,56.151],[57.683,56.134],[57.637,56.099]]]}},{"type":"Feature","id":"RU-TAM","properties":{"code":"RU-TAM","name":"Tambov Oblast","district":"Central","country":"RU","special":false},"geometry":{"type":"Polygon","coordinates":[[[40.099,52.97],[40.121,52.99],[40.093,53.023],[40.145,53.088],[40.106,53.258],[40.116,53.298],[40.16,53.342],[40.26,53.349],[40.305,53.375],[40.325,53.35],[40.389,53.345],[40.383,53.368],[40.419,53.396],[40.406,53.445],[40.423,53.494],[40.481,53.454],[40.593,53.51],[40.63,53.511],[40.687,53.565],[40.738,53.56],[40.852,53.482],[40.872,53.481],[40.888,53.506],[40.927,53.505],[41.033,53.485],[41.066,53.443],[41.167,53.431],[41.266,53.518],[41.349,53.549],[41.351,53.753],[41.4,53.783],[41.509,53.781],[41.571,53.804],[41.658,53.783],[41.689,53.812],[41.748,53.823],[42.134,53.812],[42.146,53.778],[42.087,53.736],[42.121,53.689],[42.095,53.639],[42.101,53.528],[42.156,53.53],[42.174,53.506],[42.278,53.468],[42.313,53.436],[42.252,53.407],[42.253,53.371],[42.354,53.368],[42.555,53.207],[42.553,53.188],[42.512,53.166],[42.545,53.12],[42.631,53.114],[42.748,53.022],[42.92,52.963],[43.014,52.867],[43.095,52.822],[43.238,52.656],[43.137,52.59],[43.042,52.561],[43.05,52.54],[43.096,52.515],[43.001,52.503],[43.08,52.403],[43.003,52.366],[42.92,52.37],[42.922,52.305],[42.856,52.239],[42.752,52.174],[42.751,52.078],[42.806,52.012],[42.703,51.982],[42.683,51.872],[42.651,51.813],[42.483,51.684],[42.481,51.665],[42.512,51.624],[42.489,51.608],[42.421,51.636],[42.334,51.594],[42.274,51.6],[42.248,51.694],[42.192,51.726],[42.119,51.714],[42.117,51.643],[42.044,51.667],[41.952,51.656],[41.853,51.683],[41.831,51.716],[41.755,51.71],[41.709,51.736],[41.548,51.769],[41.5,51.801],[41.436,51.764],[41.299,51.795],[41.276,51.781],[41.278,51.737],[41.126,51.731],[41.066,51.71],[40.973,51.741],[40.888,51.747],[40.945,51.868],[40.938,51.89],[40.837,51.917],[40.778,51.897],[40.735,51.94],[40.504,51.954],[40.512,52.035],[40.632,52.066],[40.616,52.129],[40.658,52.196],[40.702,52.226],[40.684,52.289],[40.62,52.318],[40.576,52.304],[40.549,52.342],[40.5,52.367],[40.336,52.399],[40.259,52.479],[40.05,52.569],[40.04,52.607],[39.989,52.623],[39.953,52.654],[39.984,52.71],[39.953,52.743],[39.979,52.769],[40.04,52.788],[40.036,52.807],[40.08,52.804],[40.095,52.883],[40.071,52.939],[40.08,52.966],[40.099,52.97]]]}},{"type":"Feature","id":"RU-TA","properties":{"code":"RU-TA","name":"Republic of Tatarstan","district":"Volga","country":"RU","special":false},"geometry":{"type":"Polygon","coordinates":[[[53.632,55.907],[53.746,55.867],[53.781,55.887],[53.869,55.887],[53.92,55.848],[53.986,55.851],[53.997,55.837],[53.975,55.822],[53.966,55.782],[54.04,55.802],[54.043,55.777],[54.026,55.764],[54.095,55.773],[54.17,55.711],[54.231,55.692],[54.175,55.624],[54.003,55.554],[53.996,55.505],[53.943,55.467],[53.907,55.393],[53.714,55.333],[53.676,55.291],[53.598,55.255],[53.591,55.212],[53.512,55.202],[53.418,55.222],[53.353,55.196],[53.327,55.166],[53.147,55.147],[53.141,55.099],[53.262,55.051],[53.264,55.014],[53.414,54.989],[53.499,54.891],[53.643,54.9],[53.579,54.822],[53.603,54.807],[53.581,54.759],[53.606,54.714],[53.505,54.607],[53.417,54.559],[53.426,54.499],[53.349,54.391],[53.361,54.333],[53.43,54.266],[53.416,54.226],[53.47,54.046],[53.41,54.015],[53.379,53.97],[53.286,54.029],[53.258,54.071],[53.186,54.094],[53.073,54.07],[53.088,54.115],[53.035,54.128],[52.942,54.204],[52.942,54.219],[52.962,54.228],[53.023,54.22],[53.045,54.242],[53.107,54.247],[53.107,54.286],[53.053,54.337],[53.004,54.313],[53.026,54.289],[53.013,54.274],[52.898,54.275],[52.888,54.288],[52.927,54.291],[52.925,54.311],[52.753,54.35],[52.629,54.343],[52.539,54.377],[52.502,54.398],[52.497,54.457],[52.44,54.478],[52.409,54.469],[52.399,54.429],[52.369,54.419],[52.353,54.424],[52.366,54.45],[52.353,54.458],[52.211,54.442],[52.192,54.417],[52.099,54.388],[52.116,54.355],[52.078,54.343],[52.034,54.424],[51.933,54.436],[51.932,54.532],[51.696,54.557],[51.513,54.639],[51.492,54.597],[51.409,54.595],[51.391,54.601],[51.386,54.676],[51.286,54.639],[51.187,54.648],[51.093,54.554],[51.008,54.545],[50.994,54.431],[50.949,54.38],[50.943,54.343],[50.912,54.342],[50.879,54.376],[50.81,54.376],[50.697,54.427],[50.643,54.41],[50.589,54.361],[50.512,54.33],[50.474,54.401],[50.384,54.486],[50.276,54.444],[50.216,54.504],[50.061,54.522],[49.984,54.508],[49.949,54.531],[49.879,54.53],[49.746,54.574],[49.559,54.569],[49.581,54.599],[49.521,54.638],[49.558,54.668],[49.496,54.702],[49.521,54.718],[49.476,54.775],[49.421,54.8],[49.404,54.829],[49.341,54.845],[49.284,54.885],[49.234,54.845],[49.167,54.847],[49.118,54.795],[48.997,54.786],[48.828,54.648],[48.641,54.66],[48.475,54.632],[48.357,54.698],[48.295,54.678],[48.27,54.694],[48.304,54.736],[48.135,54.734],[48.08,54.768],[48.037,54.739],[47.974,54.738],[47.937,54.709],[47.909,54.659],[47.84,54.644],[47.811,54.665],[47.847,54.698],[47.842,54.725],[47.761,54.735],[47.706,54.654],[47.65,54.612],[47.637,54.565],[47.589,54.539],[47.475,54.554],[47.41,54.5],[47.371,54.517],[47.337,54.613],[47.242,54.678],[47.37,54.753],[47.379,54.832],[47.432,54.892],[47.487,54.858],[47.586,54.84],[47.675,54.85],[47.748,54.829],[47.737,54.86],[47.758,54.903],[47.801,54.819],[47.847,54.816],[47.811,54.852],[47.788,54.939],[47.996,54.968],[48.029,55.019],[47.994,55.022],[47.988,55.044],[47.969,55.047],[47.95,55.027],[47.918,55.06],[48.027,55.103],[48.069,55.099],[48.085,55.151],[48.057,55.205],[48.01,55.243],[48.013,55.281],[47.923,55.314],[47.897,55.313],[47.872,55.285],[47.902,55.252],[47.893,55.242],[47.819,55.276],[47.785,55.22],[47.699,55.223],[47.713,55.279],[47.696,55.323],[47.834,55.342],[47.914,55.45],[47.974,55.5],[48.092,55.536],[48.101,55.552],[48.063,55.597],[48.025,55.595],[48.025,55.63],[48.088,55.684],[48.119,55.657],[48.145,55.689],[48.225,55.701],[48.383,55.789],[48.412,55.829],[48.398,55.871],[48.415,55.902],[48.558,55.941],[48.634,55.935],[48.685,55.952],[48.698,56.076],[48.733,56.083],[48.755,56.053],[48.828,56.067],[48.871,56.127],[48.955,56.16],[48.995,56.209],[49.051,56.207],[49.009,56.235],[48.959,56.238],[48.933,56.262],[49.016,56.301],[49.037,56.358],[49.117,56.397],[49.138,56.363],[49.226,56.395],[49.264,56.357],[49.343,56.355],[49.362,56.374],[49.405,56.38],[49.417,56.48],[49.448,56.478],[49.449,56.442],[49.464,56.43],[49.544,56.432],[49.568,56.459],[49.572,56.501],[49.651,56.53],[49.788,56.533],[49.812,56.5],[49.749,56.47],[49.854,56.441],[49.885,56.442],[49.919,56.491],[49.965,56.501],[49.971,56.483],[49.948,56.455],[49.981,56.438],[50.025,56.46],[50.076,56.513],[50.174,56.543],[50.194,56.588],[50.091,56.605],[50.072,56.623],[50.159,56.617],[50.193,56.657],[50.241,56.66],[50.297,56.641],[50.32,56.654],[50.307,56.674],[50.325,56.676],[50.403,56.636],[50.419,56.593],[50.484,56.617],[50.452,56.55],[50.497,56.511],[50.5,56.48],[50.547,56.421],[50.57,56.402],[50.624,56.399],[50.583,56.359],[50.73,56.33],[50.779,56.358],[50.767,56.404],[50.851,56.39],[50.875,56.36],[50.869,56.336],[50.908,56.296],[50.859,56.273],[50.84,56.241],[50.954,56.205],[51.073,56.131],[51.124,56.148],[51.193,56.141],[51.224,56.1],[51.285,56.094],[51.313,56.073],[51.335,56.118],[51.373,56.131],[51.643,56.148],[51.648,56.132],[51.625,56.107],[51.484,56.069],[51.442,56.018],[51.399,55.994],[51.405,55.961],[51.442,55.925],[51.633,55.952],[51.689,55.934],[51.714,55.958],[51.736,55.957],[51.782,55.888],[51.829,55.918],[51.918,55.943],[51.938,55.974],[51.957,55.977],[52.042,55.955],[52.064,55.929],[52.058,55.897],[52.168,55.898],[52.199,55.937],[52.248,55.952],[52.209,55.991],[52.205,56.02],[52.242,56.047],[52.245,56.066],[52.206,56.052],[52.188,56.065],[52.225,56.086],[52.313,56.071],[52.376,56.035],[52.466,56.039],[52.45,56.068],[52.473,56.074],[52.655,56.018],[52.721,56.058],[52.717,56.136],[52.733,56.14],[52.786,56.097],[52.834,56.094],[52.85,56.121],[52.816,56.134],[52.842,56.158],[52.81,56.182],[52.813,56.201],[52.704,56.232],[52.579,56.228],[52.562,56.259],[52.587,56.286],[52.633,56.287],[52.644,56.311],[52.733,56.378],[52.731,56.394],[52.842,56.395],[52.949,56.445],[52.951,56.468],[52.847,56.502],[52.83,56.52],[52.924,56.506],[52.944,56.515],[52.934,56.538],[52.949,56.543],[53.049,56.52],[53.087,56.526],[53.059,56.474],[52.943,56.372],[52.977,56.346],[52.945,56.311],[52.978,56.285],[52.958,56.252],[53.002,56.22],[52.993,56.193],[53.045,56.205],[53.064,56.192],[53.049,56.136],[53.145,56.161],[53.183,56.118],[53.232,56.114],[53.263,56.086],[53.335,56.086],[53.336,56.157],[53.257,56.249],[53.32,56.27],[53.427,56.277],[53.538,56.248],[53.551,56.241],[53.542,56.203],[53.564,56.181],[53.546,56.146],[53.478,56.117],[53.376,55.998],[53.287,55.938],[53.194,55.935],[53.198,55.921],[53.311,55.857],[53.534,55.907],[53.632,55.907]]]}},{"type":"Feature","id":"RU-TOM","properties":{"code":"RU-TOM","name":"Tomsk Oblast","district":"Siberian","country":"RU","special":false},"geometry":{"type":"Polygon","coordinates":[[[83.504,61.047],[83.616,60.982],[83.989,60.827],[84.26,60.856],[84.355,60.791],[84.708,60.459],[84.784,60.363],[84.733,60.319],[84.684,60.239],[84.632,60.206],[84.606,60.046],[84.529,59.98],[84.692,59.905],[85.496,59.892],[85.968,59.956],[86.625,59.95],[87.084,59.883],[87.191,59.69],[87.522,59.667],[87.911,59.268],[88.621,59.293],[88.6,59.232],[88.608,59.215],[88.827,59.024],[88.392,58.914],[87.932,58.526],[87.918,58.5],[88.018,58.243],[88.073,58.207],[88.124,58.118],[88.156,58.107],[88.687,58.037],[88.851,57.961],[89.339,57.948],[89.377,57.917],[89.391,57.878],[89.354,57.796],[89.385,57.651],[89.361,57.627],[89.262,57.6],[89.147,57.614],[89.071,57.51],[89.004,57.497],[88.944,57.454],[88.872,57.444],[88.733,57.227],[88.648,57.212],[88.531,57.128],[88.53,57.096],[88.633,57.081],[88.714,57.089],[88.725,57.075],[88.624,56.833],[88.544,56.784],[88.392,56.826],[87.788,56.546],[87.62,56.64],[87.503,56.652],[87.385,56.614],[87.334,56.642],[87.167,56.676],[87.138,56.654],[87.179,56.6],[87.13,56.54],[87.03,56.536],[86.971,56.57],[86.928,56.556],[86.868,56.564],[86.855,56.573],[86.869,56.596],[86.837,56.615],[86.784,56.606],[86.696,56.634],[86.532,56.569],[86.398,56.548],[86.377,56.587],[86.313,56.627],[86.217,56.624],[86.176,56.556],[86.13,56.544],[86.106,56.492],[86.002,56.485],[85.989,56.454],[85.926,56.433],[85.854,56.44],[85.781,56.402],[85.8,56.365],[85.585,56.315],[85.573,56.285],[85.665,56.263],[85.688,56.239],[85.379,56.213],[85.266,56.245],[85.139,56.225],[85.076,56.147],[85.001,56.13],[84.991,56.15],[84.938,56.175],[84.893,56.17],[84.431,56.057],[84.347,55.984],[84.286,56.03],[84.218,56.055],[83.97,56.015],[83.922,55.968],[83.91,55.913],[83.769,55.873],[83.672,55.764],[83.673,55.727],[83.645,55.701],[83.568,55.693],[83.486,55.709],[83.409,55.682],[83.429,55.727],[83.403,55.735],[83.334,55.714],[83.295,55.682],[83.288,55.704],[83.229,55.73],[83.228,55.749],[83.274,55.782],[83.289,55.848],[83.36,55.845],[83.357,55.877],[83.407,55.901],[83.345,55.952],[83.353,55.969],[83.231,56.041],[83.231,56.057],[83.288,56.092],[83.286,56.104],[83.263,56.117],[83.205,56.103],[83.118,56.137],[83.147,56.169],[83.141,56.192],[83.218,56.208],[83.169,56.237],[83.108,56.212],[83.07,56.234],[83.202,56.339],[83.149,56.379],[83.239,56.416],[83.256,56.439],[83.252,56.456],[83.085,56.553],[82.996,56.508],[82.899,56.532],[82.815,56.524],[82.801,56.506],[82.834,56.449],[82.761,56.411],[82.689,56.428],[82.56,56.402],[82.451,56.401],[82.342,56.356],[82.146,56.335],[81.944,56.339],[81.557,56.258],[81.533,56.261],[81.426,56.373],[81.215,56.508],[81.122,56.533],[80.31,56.439],[80.249,56.455],[79.59,56.929],[78.448,57.122],[78.444,57.161],[76.919,57.188],[76.802,57.21],[76.109,57.25],[75.992,57.385],[75.954,57.405],[75.859,57.399],[75.727,57.599],[75.661,57.642],[75.592,57.651],[75.557,57.931],[75.08,58.119],[75.222,58.222],[75.069,58.343],[75.304,58.451],[75.303,58.487],[75.105,58.581],[75.158,58.618],[75.161,58.678],[75.373,58.786],[75.672,59.016],[75.687,59.04],[75.628,59.238],[75.819,59.295],[75.895,59.426],[75.996,59.422],[76.172,59.543],[76.44,59.545],[76.645,59.585],[76.656,59.693],[76.728,59.729],[76.741,59.758],[76.739,59.936],[76.757,60.066],[76.694,60.113],[76.781,60.173],[76.848,60.266],[76.818,60.33],[76.749,60.347],[76.753,60.377],[76.78,60.452],[76.806,60.471],[77.013,60.527],[77.047,60.559],[77.054,60.578],[77.034,60.628],[76.97,60.649],[76.971,60.71],[76.994,60.736],[77.068,60.726],[77.087,60.833],[77.105,60.852],[77.408,60.811],[77.562,60.829],[77.702,60.825],[77.92,60.747],[78.121,60.802],[78.474,60.777],[78.688,60.829],[78.806,60.78],[78.907,60.788],[78.976,60.825],[79.185,60.838],[79.312,60.801],[79.289,60.77],[79.285,60.721],[79.374,60.662],[79.503,60.687],[79.853,60.692],[80.186,60.665],[80.428,60.765],[80.624,60.769],[80.723,60.797],[81.028,60.755],[81.061,60.68],[81.141,60.637],[81.498,60.615],[81.545,60.631],[81.83,60.645],[81.906,60.63],[82.165,60.526],[82.381,60.612],[82.386,60.698],[82.407,60.723],[83.144,61.028],[83.504,61.047]]]}},{"type":"Feature","id":"RU-TUL","properties":{"code":"RU-TUL","name":"Tula Oblast","district":"Central","country":"RU","special":false},"geometry":{"type":"Polygon","coordinates":[[[38.895,53.565],[38.733,53.537],[38.704,53.51],[38.697,53.5],[38.729,53.479],[38.714,53.444],[38.756,53.399],[38.754,53.376],[38.676,53.344],[38.477,53.31],[38.598,53.236],[38.577,53.168],[38.636,53.117],[38.594,53.072],[38.603,53.056],[38.531,53.034],[38.473,53.041],[38.328,52.962],[38.271,53.021],[38.196,53.016],[38.1,53.061],[38.008,53.055],[37.912,53.073],[37.841,53.009],[37.804,53.074],[37.713,53.132],[37.611,53.113],[37.586,53.135],[37.555,53.188],[37.561,53.296],[37.487,53.276],[37.412,53.306],[37.34,53.307],[37.197,53.251],[37.111,53.276],[37.009,53.284],[36.991,53.307],[36.917,53.286],[36.781,53.304],[36.71,53.349],[36.667,53.416],[36.614,53.423],[36.535,53.391],[36.398,53.429],[36.308,53.485],[36.312,53.509],[36.232,53.574],[36.106,53.555],[36.015,53.586],[35.99,53.654],[36.058,53.704],[36.011,53.725],[35.957,53.726],[35.931,53.786],[35.96,53.797],[35.964,53.822],[35.911,53.85],[35.969,53.859],[35.989,53.916],[36.027,53.94],[36.111,53.961],[36.107,54.01],[36.121,54.027],[36.216,54.07],[36.204,54.096],[36.174,54.108],[36.088,54.099],[36.075,54.12],[36.111,54.124],[36.113,54.136],[36.022,54.177],[36.031,54.191],[36.098,54.199],[36.19,54.157],[36.233,54.187],[36.245,54.235],[36.406,54.211],[36.408,54.232],[36.459,54.256],[36.45,54.279],[36.461,54.288],[36.714,54.317],[36.741,54.307],[36.734,54.278],[36.926,54.294],[36.948,54.329],[36.931,54.36],[36.964,54.405],[36.913,54.459],[36.851,54.468],[36.84,54.522],[36.803,54.557],[36.805,54.61],[36.83,54.617],[36.912,54.587],[37.02,54.579],[37.072,54.536],[37.208,54.688],[37.212,54.711],[37.183,54.718],[37.228,54.808],[37.259,54.836],[37.448,54.83],[37.56,54.738],[37.671,54.714],[37.758,54.736],[37.77,54.781],[37.756,54.823],[37.844,54.838],[37.939,54.832],[37.961,54.772],[38.025,54.759],[38.049,54.709],[38.105,54.704],[38.143,54.681],[38.185,54.689],[38.219,54.66],[38.472,54.638],[38.515,54.598],[38.441,54.529],[38.377,54.515],[38.388,54.472],[38.46,54.406],[38.505,54.389],[38.521,54.289],[38.675,54.245],[38.675,54.17],[38.718,54.187],[38.752,54.178],[38.764,54.135],[38.712,54.109],[38.694,54.075],[38.714,54.001],[38.751,54.013],[38.77,53.955],[38.844,53.936],[38.793,53.881],[38.822,53.849],[38.801,53.83],[38.815,53.798],[38.804,53.778],[38.917,53.746],[38.9,53.655],[38.866,53.629],[38.915,53.609],[38.895,53.565]]]}},{"type":"Feature","id":"RU-TY","properties":{"code":"RU-TY","name":"Tuva Republic","district":"Siberian","country":"RU","special":false},"geometry":{"type":"Polygon","coordinates":[[[98.938,52.125],[98.886,52.129],[98.856,52.107],[98.839,52.025],[98.8,51.993],[98.777,51.93],[98.683,51.819],[98.619,51.781],[98.332,51.718],[98.228,51.583],[98.234,51.517],[98.22,51.475],[98.111,51.485],[98.051,51.466],[97.916,51.301],[97.929,51.215],[97.87,51.087],[97.806,51.001],[97.809,50.97],[97.985,50.847],[97.99,50.836],[97.947,50.796],[97.944,50.774],[98.038,50.623],[98.136,50.571],[98.251,50.551],[98.293,50.519],[98.298,50.46],[98.266,50.401],[98.262,50.284],[98.106,50.064],[98.048,50.023],[97.906,49.973],[97.83,49.923],[97.756,49.961],[97.567,49.917],[97.581,49.878],[97.574,49.848],[97.543,49.823],[97.391,49.749],[97.302,49.726],[97.153,49.75],[97.12,49.794],[97.057,49.813],[96.969,49.887],[96.702,49.914],[96.585,49.858],[96.503,49.922],[96.346,49.889],[96.236,49.949],[96.056,49.999],[95.946,49.939],[95.923,49.945],[95.867,50.015],[95.828,50.02],[95.788,50.012],[95.721,49.959],[95.584,49.937],[95.501,49.887],[95.355,49.948],[95.076,49.946],[95.028,49.963],[94.981,50.025],[94.922,50.046],[94.603,50.02],[94.509,50.11],[94.492,50.152],[94.392,50.186],[94.354,50.224],[94.332,50.301],[94.328,50.404],[94.259,50.558],[93.536,50.585],[93.422,50.609],[93.105,50.599],[93.011,50.623],[92.973,50.694],[92.962,50.778],[92.921,50.792],[92.796,50.788],[92.76,50.771],[92.735,50.705],[92.65,50.674],[92.612,50.688],[92.555,50.743],[92.443,50.786],[92.4,50.851],[92.361,50.868],[92.302,50.843],[92.294,50.791],[92.243,50.72],[92.159,50.689],[91.9,50.707],[91.75,50.684],[91.653,50.64],[91.576,50.562],[91.475,50.536],[91.416,50.461],[91.26,50.467],[91.13,50.426],[90.975,50.414],[90.84,50.321],[90.727,50.292],[90.713,50.238],[90.684,50.216],[90.475,50.215],[90.425,50.187],[90.344,50.175],[90.223,50.114],[90.021,50.071],[89.996,49.993],[89.969,49.967],[89.866,49.943],[89.721,49.94],[89.633,49.908],[89.585,49.934],[89.604,49.999],[89.549,50.047],[89.591,50.095],[89.521,50.124],[89.513,50.199],[89.44,50.21],[89.399,50.186],[89.345,50.204],[89.349,50.264],[89.383,50.279],[89.402,50.331],[89.517,50.37],[89.496,50.412],[89.514,50.469],[89.607,50.427],[89.611,50.391],[89.633,50.385],[89.844,50.43],[89.866,50.463],[89.866,50.502],[89.828,50.543],[89.78,50.567],[89.666,50.583],[89.656,50.612],[89.458,50.798],[89.407,50.823],[89.392,50.853],[89.06,51.056],[89.042,51.088],[89.041,51.174],[88.944,51.233],[88.946,51.348],[88.972,51.406],[88.967,51.428],[88.861,51.476],[88.825,51.516],[88.736,51.559],[89.033,51.6],[89.06,51.628],[89.206,51.659],[89.233,51.645],[89.216,51.569],[89.259,51.549],[89.293,51.554],[89.336,51.593],[89.421,51.605],[89.483,51.597],[89.581,51.553],[89.73,51.582],[89.965,51.761],[90.036,51.736],[90.101,51.751],[90.105,51.768],[90.058,51.841],[90.028,51.984],[90.119,52.044],[90.129,52.135],[90.216,52.138],[90.35,52.192],[90.491,52.182],[90.56,52.121],[90.736,52.069],[90.763,52.005],[90.814,51.963],[90.849,51.908],[91.101,51.943],[91.18,51.89],[91.239,51.882],[91.284,51.896],[91.558,51.9],[91.627,51.867],[91.778,51.872],[91.884,51.856],[91.945,51.804],[92.105,51.783],[92.209,51.806],[92.43,51.802],[92.505,51.781],[92.628,51.813],[92.673,51.84],[92.782,51.85],[92.853,51.833],[92.886,51.854],[92.901,51.895],[93.075,51.945],[93.134,52.012],[93.228,52.036],[93.36,52.129],[93.456,52.167],[93.545,52.17],[93.678,52.224],[93.687,52.296],[93.766,52.366],[93.765,52.439],[93.983,52.579],[93.983,52.633],[94.071,52.667],[94.139,52.761],[94.149,52.842],[94.305,52.904],[94.394,52.914],[94.436,52.891],[94.512,52.911],[94.526,52.957],[94.604,53.049],[94.584,53.09],[94.611,53.145],[94.604,53.176],[94.701,53.238],[94.676,53.28],[94.591,53.292],[94.594,53.316],[94.74,53.383],[94.927,53.386],[94.976,53.405],[95.007,53.382],[95.053,53.377],[95.14,53.401],[95.187,53.441],[95.247,53.457],[95.289,53.445],[95.303,53.395],[95.396,53.372],[95.622,53.449],[95.662,53.488],[95.757,53.52],[95.794,53.495],[95.92,53.494],[95.956,53.473],[96.092,53.451],[96.115,53.464],[96.114,53.49],[96.186,53.515],[96.219,53.553],[96.226,53.599],[96.252,53.616],[96.298,53.613],[96.272,53.59],[96.288,53.581],[96.372,53.599],[96.355,53.561],[96.418,53.543],[96.444,53.511],[96.478,53.536],[96.653,53.552],[96.699,53.61],[96.684,53.639],[96.718,53.699],[96.875,53.729],[97.128,53.613],[97.188,53.624],[97.242,53.601],[97.334,53.594],[97.397,53.52],[97.433,53.5],[97.448,53.461],[97.586,53.438],[97.587,53.388],[97.606,53.373],[97.731,53.378],[97.904,53.352],[97.958,53.358],[97.973,53.346],[97.974,53.292],[98.031,53.253],[98.289,53.223],[98.3,53.212],[98.281,53.19],[98.286,53.13],[98.303,53.104],[98.358,53.091],[98.392,53.103],[98.599,53.103],[98.687,53.155],[98.861,53.125],[98.893,53.148],[98.938,53.149],[99.064,53.097],[98.995,53.065],[98.989,53.034],[99.25,52.954],[99.217,52.913],[99.22,52.865],[99.207,52.853],[99.045,52.889],[98.978,52.925],[98.929,52.918],[98.851,52.836],[98.866,52.793],[98.938,52.798],[98.934,52.666],[98.914,52.647],[98.878,52.653],[98.8,52.606],[98.796,52.565],[98.826,52.541],[98.806,52.514],[98.733,52.507],[98.715,52.458],[98.629,52.424],[98.677,52.37],[98.644,52.303],[98.646,52.263],[98.66,52.257],[98.715,52.293],[98.799,52.274],[98.818,52.248],[98.809,52.196],[98.84,52.185],[98.927,52.195],[98.948,52.153],[98.938,52.125]]]}},{"type":"Feature","id":"RU-TVE","properties":{"code":"RU-TVE","name":"Tver Oblast","district":"Central","country":"RU","special":false},"geometry":{"type":"Polygon","coordinates":[[[37.626,58.49],[37.651,58.461],[37.644,58.429],[37.534,58.397],[37.478,58.415],[37.449,58.408],[37.37,58.349],[37.422,58.315],[37.379,58.263],[37.347,58.248],[37.387,58.194],[37.554,58.169],[37.672,58.075],[37.54,58.049],[37.524,58.035],[37.542,58.003],[37.515,57.987],[37.367,57.977],[37.371,57.949],[37.495,57.917],[37.496,57.894],[37.385,57.904],[37.346,57.887],[37.417,57.861],[37.377,57.844],[37.385,57.831],[37.457,57.828],[37.523,57.771],[37.54,57.738],[37.651,57.703],[37.656,57.675],[37.772,57.628],[37.828,57.631],[37.808,57.601],[37.816,57.551],[37.795,57.51],[37.841,57.467],[37.795,57.434],[37.984,57.359],[38.086,57.342],[38.148,57.337],[38.166,57.358],[38.286,57.366],[38.306,57.276],[38.248,57.269],[38.226,57.236],[38.153,57.227],[38.145,57.192],[38.245,57.136],[38.26,57.089],[38.22,57.008],[38.153,56.988],[38.21,56.963],[38.202,56.898],[38.12,56.879],[38.154,56.832],[38.23,56.815],[38.26,56.785],[38.257,56.77],[38.015,56.774],[37.974,56.854],[37.941,56.877],[37.879,56.873],[37.86,56.897],[37.765,56.916],[37.739,56.952],[37.712,56.953],[37.607,56.928],[37.592,56.903],[37.553,56.906],[37.545,56.892],[37.563,56.88],[37.559,56.852],[37.499,56.785],[37.374,56.78],[37.267,56.756],[37.247,56.776],[37.152,56.754],[37.117,56.709],[37.159,56.682],[37.141,56.668],[37.154,56.652],[37.127,56.629],[37.146,56.576],[37.118,56.545],[37.063,56.533],[37.052,56.516],[36.991,56.533],[36.978,56.558],[36.826,56.583],[36.796,56.559],[36.55,56.487],[36.522,56.437],[36.329,56.44],[36.172,56.408],[36.078,56.344],[35.976,56.389],[35.915,56.38],[35.849,56.405],[35.765,56.394],[35.703,56.45],[35.645,56.474],[35.475,56.464],[35.458,56.448],[35.484,56.431],[35.501,56.391],[35.53,56.4],[35.55,56.366],[35.542,56.352],[35.515,56.364],[35.498,56.349],[35.526,56.326],[35.507,56.289],[35.521,56.256],[35.366,56.232],[35.358,56.215],[35.383,56.198],[35.382,56.179],[35.304,56.112],[35.337,56.083],[35.332,56.062],[35.218,56.027],[35.174,55.948],[35.031,55.984],[34.825,55.952],[34.76,55.968],[34.694,55.926],[34.631,55.918],[34.374,56.014],[34.307,56.001],[34.28,56.045],[34.235,56.071],[33.971,56.056],[33.904,56.073],[33.891,56.043],[33.83,55.99],[33.827,55.93],[33.66,55.946],[33.65,55.935],[33.681,55.897],[33.67,55.865],[33.638,55.837],[33.569,55.816],[33.516,55.761],[33.417,55.734],[33.387,55.705],[33.225,55.698],[33.193,55.656],[33.165,55.646],[32.978,55.655],[32.939,55.632],[32.849,55.666],[32.762,55.668],[32.708,55.69],[32.623,55.671],[32.587,55.68],[32.553,55.66],[32.496,55.705],[32.446,55.684],[32.337,55.712],[32.309,55.707],[32.284,55.678],[32.152,55.683],[32.054,55.661],[32.035,55.673],[32.041,55.687],[32.091,55.704],[31.91,55.771],[31.822,55.756],[31.755,55.714],[31.586,55.747],[31.467,55.729],[31.406,55.831],[31.413,55.89],[31.345,55.964],[31.498,56.029],[31.511,56.052],[31.474,56.125],[31.492,56.301],[31.341,56.309],[31.292,56.349],[31.236,56.343],[31.222,56.422],[31.203,56.446],[31.02,56.477],[31.017,56.519],[31.08,56.623],[31.061,56.678],[30.973,56.67],[30.94,56.685],[30.909,56.654],[30.879,56.655],[30.817,56.72],[30.822,56.758],[30.781,56.77],[30.798,56.8],[30.887,56.805],[30.904,56.849],[30.896,56.897],[30.972,56.913],[31.0,56.965],[31.073,56.954],[31.109,56.931],[31.307,56.969],[31.416,56.938],[31.538,56.938],[31.677,57.009],[31.668,57.057],[31.715,57.104],[31.801,57.093],[31.892,57.116],[31.937,57.084],[31.967,57.117],[32.097,57.154],[32.125,57.182],[32.277,57.198],[32.278,57.241],[32.257,57.276],[32.395,57.236],[32.443,57.271],[32.511,57.28],[32.547,57.304],[32.655,57.333],[32.689,57.405],[32.762,57.427],[32.812,57.462],[33.053,57.437],[33.09,57.446],[33.092,57.468],[33.216,57.454],[33.248,57.428],[33.295,57.432],[33.245,57.5],[33.235,57.543],[33.309,57.566],[33.335,57.608],[33.317,57.642],[33.325,57.655],[33.477,57.687],[33.537,57.72],[33.557,57.749],[33.576,57.853],[33.668,57.879],[33.702,57.915],[33.683,57.962],[33.695,57.975],[33.686,58.003],[33.63,58.037],[33.588,58.034],[33.538,58.056],[33.6,58.099],[33.646,58.102],[33.639,58.129],[33.677,58.153],[33.878,58.146],[34.004,58.22],[34.051,58.189],[34.142,58.208],[34.488,58.146],[34.525,58.112],[34.688,58.079],[34.713,58.095],[34.697,58.151],[34.714,58.172],[34.684,58.197],[34.718,58.224],[34.775,58.242],[34.84,58.227],[34.939,58.236],[35.044,58.198],[35.148,58.224],[35.269,58.271],[35.262,58.324],[35.279,58.359],[35.257,58.384],[35.324,58.392],[35.386,58.431],[35.449,58.419],[35.579,58.449],[35.935,58.423],[35.951,58.426],[35.941,58.455],[35.957,58.467],[36.093,58.508],[36.143,58.504],[36.173,58.525],[36.223,58.512],[36.24,58.534],[36.275,58.536],[36.334,58.497],[36.489,58.531],[36.521,58.558],[36.512,58.586],[36.588,58.604],[36.645,58.645],[36.673,58.691],[36.714,58.696],[36.705,58.734],[36.772,58.721],[36.813,58.744],[36.784,58.806],[36.797,58.82],[36.864,58.843],[36.99,58.834],[37.092,58.869],[37.122,58.866],[37.175,58.826],[37.188,58.771],[37.376,58.635],[37.499,58.58],[37.626,58.49]]]}},{"type":"Feature","id":"RU-TYU","properties":{"code":"RU-TYU","name":"Tyumen Oblast","district":"Ural","country":"RU","special":false},"geometry":{"type":"Polygon","coordinates":[[[69.186,55.326],[69.123,55.398],[68.927,55.434],[68.902,55.42],[68.918,55.371],[68.977,55.347],[68.983,55.309],[68.971,55.279],[68.946,55.27],[68.846,55.337],[68.734,55.352],[68.723,55.368],[68.632,55.389],[68.606,55.423],[68.466,55.407],[68.436,55.467],[68.335,55.492],[68.311,55.561],[68.175,55.586],[68.189,55.7],[68.176,55.71],[68.12,55.709],[67.941,55.664],[67.892,55.672],[67.825,55.721],[67.591,55.711],[67.447,55.735],[67.299,55.897],[67.297,55.959],[67.149,55.95],[66.989,55.989],[66.903,55.963],[66.821,55.961],[66.802,55.967],[66.768,56.04],[66.738,56.049],[66.683,56.043],[66.589,55.983],[66.435,55.953],[66.298,56.058],[66.186,56.068],[66.089,56.003],[66.015,55.991],[65.861,56.065],[65.794,56.113],[65.776,56.148],[65.693,56.209],[65.667,56.274],[65.334,56.303],[65.184,56.286],[65.117,56.325],[65.212,56.36],[65.142,56.379],[65.088,56.448],[64.967,56.501],[64.973,56.525],[65.001,56.538],[64.996,56.576],[65.024,56.64],[64.986,56.665],[64.998,56.689],[64.981,56.747],[64.995,56.768],[65.174,56.779],[65.18,56.819],[65.232,56.868],[65.237,56.924],[65.152,56.916],[65.109,56.892],[65.068,56.908],[65.07,56.946],[65.03,56.972],[65.037,57.011],[64.991,57.054],[64.99,57.237],[64.944,57.261],[64.918,57.296],[64.86,57.29],[64.829,57.305],[64.884,57.35],[64.874,57.408],[64.843,57.451],[64.91,57.479],[64.921,57.534],[65.002,57.593],[64.971,57.617],[64.906,57.608],[64.839,57.641],[65.428,57.834],[65.473,57.777],[65.54,57.78],[65.655,57.836],[65.637,57.871],[65.663,57.887],[65.739,57.907],[65.8,57.894],[65.85,57.954],[65.986,57.97],[66.066,58.007],[66.197,58.033],[65.99,58.32],[65.954,58.572],[65.935,58.614],[66.252,58.614],[66.38,58.589],[66.741,58.67],[66.783,58.7],[66.762,58.907],[66.779,58.932],[66.966,58.975],[67.071,58.925],[67.264,59.02],[67.564,59.093],[67.742,59.212],[67.87,59.21],[68.195,59.242],[68.358,59.283],[68.571,59.574],[68.632,59.572],[68.844,59.621],[69.295,59.783],[69.299,59.798],[69.274,59.82],[69.071,59.897],[69.133,59.945],[69.306,59.989],[69.535,59.985],[69.571,59.918],[69.616,59.905],[70.155,59.9],[70.248,59.84],[70.399,59.817],[70.798,59.863],[70.986,59.819],[71.017,59.823],[71.12,59.9],[71.188,59.909],[71.296,59.799],[71.777,59.648],[71.882,59.573],[72.016,59.559],[72.071,59.512],[72.437,59.303],[72.449,59.289],[72.444,59.226],[72.524,59.155],[72.647,59.106],[72.863,59.157],[72.926,59.144],[72.976,59.099],[72.944,59.032],[72.95,59.017],[73.093,58.952],[73.032,58.863],[73.444,58.818],[73.633,58.854],[73.756,58.809],[73.866,58.824],[73.979,58.806],[74.1,58.739],[74.743,58.748],[74.823,58.736],[74.899,58.696],[75.009,58.717],[75.159,58.65],[75.158,58.618],[75.105,58.581],[74.895,58.475],[74.881,58.432],[74.795,58.418],[74.64,58.334],[74.614,58.294],[74.484,58.269],[74.206,58.134],[73.087,58.146],[72.985,58.107],[72.934,58.041],[72.861,58.011],[72.149,58.026],[72.125,58.031],[72.058,58.095],[71.989,58.123],[71.482,58.08],[71.401,58.092],[71.249,58.076],[71.221,58.166],[71.245,58.341],[71.302,58.385],[71.192,58.44],[71.128,58.448],[71.077,58.522],[71.002,58.52],[70.93,58.547],[70.865,58.535],[70.437,57.954],[70.436,57.934],[70.384,57.922],[70.425,57.874],[70.433,57.779],[70.48,57.761],[70.5,57.713],[70.573,57.697],[70.58,57.584],[70.667,57.592],[70.69,57.568],[70.686,57.519],[70.436,57.409],[70.432,57.384],[70.498,57.298],[70.562,57.268],[70.655,57.258],[70.609,57.222],[70.612,57.201],[70.729,57.194],[70.777,57.209],[70.784,57.235],[70.758,57.25],[70.754,57.271],[70.8,57.319],[71.004,57.351],[71.098,57.339],[71.095,57.297],[71.13,57.283],[71.144,57.258],[71.094,57.242],[71.092,57.224],[71.224,57.202],[71.371,57.064],[71.618,56.953],[71.657,56.916],[71.672,56.832],[71.597,56.798],[71.557,56.732],[71.489,56.717],[71.415,56.733],[71.395,56.719],[71.392,56.685],[71.357,56.671],[71.259,56.685],[71.169,56.676],[71.06,56.702],[71.045,56.695],[71.051,56.682],[71.107,56.639],[71.053,56.544],[70.971,56.499],[70.844,56.5],[70.78,56.472],[70.788,56.447],[70.855,56.456],[70.939,56.404],[70.927,56.347],[70.836,56.33],[70.768,56.289],[70.785,56.263],[70.832,56.258],[70.849,56.242],[70.813,56.202],[70.828,56.16],[70.91,56.132],[70.861,55.984],[70.809,55.925],[70.762,55.904],[70.513,55.894],[70.476,55.876],[70.505,55.847],[70.586,55.838],[70.754,55.853],[70.766,55.838],[70.732,55.819],[70.679,55.807],[70.63,55.815],[70.589,55.799],[70.588,55.768],[70.544,55.71],[70.556,55.67],[70.633,55.633],[70.705,55.629],[70.747,55.59],[70.692,55.509],[70.55,55.49],[70.487,55.437],[70.469,55.401],[70.5,55.333],[70.469,55.285],[70.441,55.283],[70.4,55.246],[70.382,55.206],[70.285,55.183],[70.197,55.133],[70.059,55.187],[69.94,55.2],[69.802,55.292],[69.674,55.334],[69.477,55.349],[69.335,55.385],[69.186,55.326]],[[70.763,55.993],[70.801,56.014],[70.807,56.043],[70.749,56.019],[70.739,56.001],[70.763,55.993]]]}},{"type":"Feature","id":"RU-UD","properties":{"code":"RU-UD","name":"Udmurt Republic","district":"Volga","country":"RU","special":false},"geometry":{"type":"Polygon","coordinates":[[[54.352,56.359],[54.32,56.339],[54.371,56.299],[54.346,56.253],[54.253,56.226],[54.117,56.158],[54.047,56.058],[54.006,56.029],[53.838,56.039],[53.786,55.974],[53.671,55.958],[53.632,55.907],[53.534,55.907],[53.289,55.858],[53.194,55.935],[53.287,55.938],[53.405,56.023],[53.478,56.117],[53.552,56.152],[53.565,56.176],[53.542,56.203],[53.551,56.241],[53.417,56.277],[53.26,56.254],[53.338,56.15],[53.341,56.091],[53.325,56.084],[53.263,56.086],[53.232,56.114],[53.176,56.121],[53.145,56.161],[53.049,56.136],[53.064,56.192],[53.045,56.205],[52.993,56.193],[53.002,56.22],[52.958,56.252],[52.978,56.285],[52.945,56.311],[52.977,56.346],[52.943,56.372],[53.059,56.474],[53.09,56.522],[52.939,56.541],[52.944,56.515],[52.924,56.506],[52.828,56.517],[52.951,56.468],[52.949,56.445],[52.842,56.395],[52.731,56.394],[52.733,56.378],[52.644,56.311],[52.633,56.287],[52.587,56.286],[52.562,56.259],[52.579,56.228],[52.704,56.232],[52.813,56.201],[52.81,56.182],[52.842,56.158],[52.816,56.134],[52.85,56.121],[52.834,56.094],[52.786,56.097],[52.733,56.14],[52.717,56.136],[52.708,56.116],[52.725,56.068],[52.67,56.022],[52.473,56.074],[52.45,56.068],[52.466,56.039],[52.376,56.035],[52.313,56.071],[52.225,56.086],[52.188,56.065],[52.206,56.052],[52.245,56.066],[52.242,56.047],[52.205,56.02],[52.209,55.991],[52.248,55.952],[52.199,55.937],[52.157,55.896],[52.058,55.897],[52.064,55.929],[52.042,55.955],[51.957,55.977],[51.938,55.974],[51.918,55.943],[51.829,55.918],[51.782,55.888],[51.727,55.958],[51.689,55.934],[51.633,55.952],[51.442,55.925],[51.405,55.961],[51.399,55.994],[51.501,56.082],[51.625,56.107],[51.648,56.144],[51.436,56.144],[51.429,56.184],[51.462,56.217],[51.375,56.234],[51.418,56.27],[51.417,56.29],[51.32,56.329],[51.323,56.372],[51.297,56.396],[51.291,56.436],[51.202,56.439],[51.138,56.5],[51.195,56.53],[51.173,56.562],[51.197,56.667],[51.379,56.68],[51.405,56.726],[51.4,56.767],[51.453,56.789],[51.54,56.883],[51.325,56.947],[51.314,56.977],[51.325,57.001],[51.227,57.067],[51.216,57.11],[51.242,57.142],[51.19,57.156],[51.193,57.203],[51.161,57.244],[51.123,57.26],[51.116,57.305],[51.136,57.377],[51.181,57.447],[51.226,57.462],[51.293,57.456],[51.397,57.478],[51.533,57.47],[51.593,57.442],[51.6,57.502],[51.633,57.541],[51.742,57.543],[51.754,57.576],[51.852,57.631],[51.873,57.679],[51.872,57.724],[51.926,57.759],[51.921,57.825],[51.837,57.852],[51.841,57.905],[51.889,57.979],[51.794,58.036],[51.821,58.085],[51.792,58.127],[51.766,58.141],[51.713,58.136],[51.673,58.172],[51.742,58.253],[51.791,58.281],[51.796,58.361],[51.971,58.464],[52.179,58.49],[52.273,58.475],[52.329,58.45],[52.87,58.411],[52.9,58.512],[52.921,58.534],[53.024,58.526],[53.118,58.544],[53.165,58.456],[53.321,58.389],[53.389,58.401],[53.498,58.45],[53.637,58.435],[53.785,58.44],[53.786,58.402],[53.886,58.319],[53.81,58.228],[53.887,58.19],[53.929,58.139],[53.941,58.098],[54.092,57.99],[54.089,57.909],[54.136,57.829],[54.156,57.706],[54.096,57.69],[54.076,57.666],[54.117,57.616],[53.998,57.587],[53.99,57.573],[54.042,57.559],[54.04,57.531],[54.092,57.522],[54.12,57.558],[54.176,57.556],[54.199,57.53],[54.169,57.508],[54.181,57.466],[54.264,57.464],[54.271,57.427],[54.157,57.392],[54.119,57.309],[54.258,57.305],[54.319,57.286],[54.323,57.138],[54.277,57.104],[54.295,57.084],[54.38,57.07],[54.4,57.043],[54.341,57.012],[54.175,57.003],[54.099,56.966],[54.087,56.936],[54.095,56.798],[54.088,56.771],[54.046,56.753],[53.95,56.74],[53.872,56.807],[53.822,56.799],[53.873,56.698],[53.845,56.638],[53.861,56.621],[53.947,56.625],[54.016,56.684],[54.076,56.669],[54.09,56.636],[54.041,56.593],[54.075,56.587],[54.121,56.539],[54.179,56.527],[54.245,56.432],[54.318,56.451],[54.352,56.359]]]}},{"type":"Feature","id":"RU-ULY","properties":{"code":"RU-ULY","name":"Ulyanovsk Oblast","district":"Volga","country":"RU","special":false},"geometry":{"type":"Polygon","coordinates":[[[49.284,54.885],[49.341,54.845],[49.404,54.829],[49.421,54.8],[49.476,54.775],[49.521,54.718],[49.496,54.702],[49.558,54.668],[49.521,54.638],[49.581,54.599],[49.559,54.569],[49.746,54.574],[49.879,54.53],[49.949,54.531],[49.984,54.508],[50.061,54.522],[50.122,54.48],[50.12,54.432],[50.206,54.418],[50.202,54.388],[50.257,54.294],[50.203,54.138],[50.224,54.074],[50.197,54.038],[49.974,53.96],[49.957,53.907],[50.048,53.873],[50.057,53.848],[50.034,53.826],[49.856,53.838],[49.836,53.854],[49.848,53.883],[49.827,53.887],[49.759,53.875],[49.761,53.856],[49.733,53.84],[49.617,53.814],[49.592,53.849],[49.414,53.868],[49.299,53.84],[49.029,53.857],[48.874,53.716],[48.466,53.767],[48.469,53.738],[48.514,53.696],[48.599,53.668],[48.565,53.655],[48.456,53.666],[48.421,53.634],[48.358,53.67],[48.326,53.662],[48.321,53.649],[48.346,53.609],[48.435,53.581],[48.385,53.552],[48.376,53.471],[48.314,53.454],[48.244,53.461],[48.219,53.429],[48.166,53.477],[48.057,53.476],[48.005,53.439],[47.996,53.405],[47.945,53.374],[47.949,53.359],[48.035,53.315],[48.097,53.257],[48.102,53.209],[48.131,53.17],[48.202,53.147],[48.152,53.07],[48.16,53.045],[48.23,52.997],[48.27,53.057],[48.364,53.063],[48.319,53.0],[48.324,52.984],[48.39,52.97],[48.522,52.978],[48.593,52.919],[48.59,52.881],[48.54,52.83],[48.437,52.78],[48.345,52.806],[48.252,52.81],[48.178,52.792],[48.098,52.795],[48.092,52.776],[47.99,52.748],[48.085,52.72],[48.02,52.68],[47.927,52.668],[47.899,52.722],[47.843,52.723],[47.777,52.68],[47.777,52.624],[47.718,52.582],[47.573,52.616],[47.435,52.57],[47.207,52.567],[47.154,52.607],[47.062,52.57],[46.942,52.635],[46.831,52.616],[46.816,52.678],[46.836,52.713],[46.983,52.771],[46.963,52.802],[46.972,52.838],[46.911,52.863],[46.902,52.882],[46.935,52.91],[46.917,52.967],[46.913,53.079],[46.948,53.124],[46.936,53.148],[46.97,53.178],[46.946,53.192],[46.887,53.175],[46.874,53.187],[46.879,53.242],[46.943,53.263],[46.91,53.295],[46.906,53.335],[46.789,53.412],[46.682,53.447],[46.68,53.476],[46.581,53.477],[46.494,53.511],[46.503,53.539],[46.474,53.559],[46.464,53.605],[46.499,53.624],[46.477,53.65],[46.399,53.676],[46.338,53.757],[46.271,53.757],[46.283,53.801],[46.218,53.823],[46.193,53.85],[46.213,53.891],[46.2,53.923],[46.007,53.998],[45.957,54.005],[45.854,53.967],[45.792,54.004],[45.879,54.031],[45.91,54.097],[45.951,54.114],[46.018,54.189],[46.272,54.206],[46.379,54.231],[46.488,54.284],[46.573,54.288],[46.738,54.345],[46.734,54.384],[46.622,54.407],[46.555,54.401],[46.515,54.444],[46.519,54.463],[46.59,54.501],[46.482,54.497],[46.531,54.54],[46.537,54.584],[46.439,54.578],[46.519,54.646],[46.444,54.688],[46.43,54.73],[46.441,54.772],[46.676,54.685],[46.803,54.665],[46.851,54.631],[47.063,54.69],[47.185,54.655],[47.242,54.678],[47.337,54.613],[47.371,54.517],[47.41,54.5],[47.475,54.554],[47.589,54.539],[47.637,54.565],[47.65,54.612],[47.706,54.654],[47.761,54.735],[47.842,54.725],[47.847,54.698],[47.811,54.665],[47.84,54.644],[47.909,54.659],[47.937,54.709],[47.974,54.738],[48.037,54.739],[48.08,54.768],[48.135,54.734],[48.304,54.736],[48.27,54.694],[48.295,54.678],[48.357,54.698],[48.475,54.632],[48.641,54.66],[48.828,54.648],[48.997,54.786],[49.118,54.795],[49.167,54.847],[49.234,54.845],[49.284,54.885]]]}},{"type":"Feature","id":"BY-VI","properties":{"code":"BY-VI","name":"Vitebsk Region","district":"Belarus","country":"BY","special":false},"geometry":{"type":"Polygon","coordinates":[[[26.542,55.308],[26.445,55.338],[26.508,55.439],[26.543,55.46],[26.532,55.516],[26.596,55.568],[26.608,55.616],[26.595,55.667],[26.616,55.688],[26.743,55.683],[26.823,55.706],[26.9,55.779],[26.981,55.827],[27.151,55.832],[27.263,55.787],[27.35,55.831],[27.439,55.799],[27.593,55.794],[27.645,55.923],[27.744,55.96],[27.781,56.016],[27.881,56.064],[27.927,56.109],[28.111,56.157],[28.311,56.043],[28.39,56.089],[28.611,56.088],[28.681,56.027],[28.706,55.96],[28.732,55.947],[28.831,55.938],[28.833,55.961],[28.86,55.976],[29.031,56.024],[29.145,56.012],[29.224,55.978],[29.396,55.948],[29.444,55.907],[29.384,55.88],[29.344,55.787],[29.363,55.751],[29.481,55.681],[29.684,55.771],[29.806,55.771],[29.869,55.831],[29.908,55.843],[29.988,55.847],[30.106,55.822],[30.218,55.855],[30.271,55.831],[30.469,55.794],[30.481,55.754],[30.587,55.718],[30.584,55.679],[30.596,55.665],[30.694,55.652],[30.742,55.594],[30.848,55.611],[30.886,55.6],[30.913,55.572],[30.92,55.534],[30.899,55.499],[30.919,55.492],[30.881,55.451],[30.919,55.408],[30.918,55.388],[30.811,55.323],[30.794,55.286],[30.857,55.253],[30.887,55.205],[30.96,55.163],[30.959,55.144],[30.984,55.131],[30.97,55.101],[31.006,55.023],[30.913,55.025],[30.907,55.013],[30.936,54.973],[30.899,54.946],[30.815,54.928],[30.826,54.877],[30.768,54.83],[30.763,54.802],[30.771,54.786],[30.981,54.706],[30.999,54.671],[31.105,54.668],[31.168,54.622],[31.065,54.492],[31.179,54.453],[31.055,54.433],[31.048,54.403],[30.935,54.435],[30.871,54.403],[30.688,54.419],[30.589,54.379],[30.615,54.349],[30.576,54.309],[30.525,54.289],[30.479,54.295],[30.411,54.345],[30.388,54.32],[30.34,54.304],[30.262,54.312],[30.256,54.323],[30.307,54.378],[30.244,54.357],[30.186,54.358],[30.165,54.336],[30.108,54.359],[30.116,54.373],[30.099,54.376],[30.026,54.328],[30.041,54.284],[30.025,54.272],[29.899,54.295],[29.878,54.334],[29.828,54.343],[29.815,54.333],[29.833,54.32],[29.802,54.311],[29.669,54.3],[29.569,54.317],[29.535,54.287],[29.484,54.278],[29.454,54.248],[29.377,54.225],[29.356,54.24],[29.359,54.269],[29.41,54.311],[29.367,54.347],[29.405,54.385],[29.425,54.487],[29.456,54.518],[29.437,54.544],[29.492,54.579],[29.473,54.616],[29.451,54.615],[29.439,54.584],[29.355,54.593],[29.298,54.574],[29.227,54.583],[29.212,54.638],[29.137,54.631],[29.136,54.65],[29.042,54.61],[28.879,54.623],[28.864,54.6],[28.885,54.575],[28.841,54.555],[28.812,54.58],[28.73,54.57],[28.665,54.582],[28.647,54.604],[28.665,54.636],[28.65,54.653],[28.595,54.635],[28.566,54.661],[28.481,54.645],[28.425,54.555],[28.394,54.55],[28.227,54.65],[27.909,54.614],[27.88,54.646],[27.831,54.628],[27.756,54.639],[27.679,54.702],[27.692,54.736],[27.675,54.747],[27.52,54.778],[27.523,54.809],[27.414,54.871],[27.319,54.874],[27.306,54.905],[27.25,54.943],[27.281,54.977],[27.25,54.997],[27.106,55.002],[27.074,54.988],[27.078,54.957],[27.059,54.951],[26.944,54.95],[26.897,54.975],[26.73,54.944],[26.68,54.97],[26.571,54.952],[26.383,54.983],[26.365,54.976],[26.358,54.948],[26.27,54.93],[26.248,54.97],[26.17,54.993],[26.225,55.055],[26.233,55.112],[26.264,55.14],[26.429,55.128],[26.473,55.146],[26.601,55.121],[26.657,55.215],[26.79,55.257],[26.801,55.273],[26.769,55.3],[26.603,55.317],[26.542,55.308]]]}},{"type":"Feature","id":"RU-VLA","properties":{"code":"RU-VLA","name":"Vladimir Oblast","district":"Central","country":"RU","special":false},"geometry":{"type":"Polygon","coordinates":[[[39.272,56.538],[39.337,56.609],[39.337,56.643],[39.311,56.661],[39.31,56.684],[39.343,56.71],[39.356,56.772],[39.484,56.766],[39.575,56.819],[39.679,56.822],[39.859,56.78],[39.858,56.75],[39.887,56.707],[39.88,56.65],[39.828,56.616],[39.943,56.53],[39.948,56.483],[40.072,56.475],[40.156,56.434],[40.213,56.448],[40.301,56.5],[40.35,56.505],[40.385,56.537],[40.404,56.52],[40.458,56.532],[40.505,56.596],[40.587,56.582],[40.715,56.598],[40.837,56.58],[40.837,56.55],[40.888,56.537],[40.885,56.516],[40.914,56.499],[40.963,56.532],[40.989,56.511],[41.017,56.516],[41.037,56.48],[41.085,56.473],[41.5,56.501],[41.587,56.486],[41.853,56.52],[41.901,56.541],[41.932,56.525],[41.946,56.411],[41.967,56.387],[42.066,56.368],[42.289,56.471],[42.469,56.421],[42.588,56.42],[42.709,56.358],[42.761,56.306],[42.755,56.22],[42.817,56.197],[42.921,56.195],[42.948,56.169],[42.906,56.152],[42.773,56.149],[42.698,56.13],[42.675,56.093],[42.694,56.003],[42.645,55.952],[42.575,55.976],[42.482,55.895],[42.486,55.852],[42.422,55.822],[42.392,55.783],[42.263,55.765],[42.198,55.715],[42.169,55.711],[42.158,55.682],[42.107,55.664],[42.096,55.644],[42.117,55.613],[42.04,55.609],[42.041,55.575],[42.072,55.538],[42.068,55.481],[42.134,55.459],[42.134,55.442],[42.094,55.403],[42.013,55.373],[42.001,55.337],[41.933,55.33],[41.954,55.278],[41.859,55.241],[41.903,55.199],[41.87,55.158],[41.783,55.119],[41.719,55.125],[41.658,55.109],[41.497,55.157],[41.422,55.129],[41.315,55.197],[41.197,55.222],[41.096,55.199],[41.096,55.148],[41.081,55.147],[41.04,55.193],[41.036,55.222],[40.965,55.26],[40.899,55.263],[40.844,55.226],[40.741,55.205],[40.621,55.205],[40.554,55.255],[40.566,55.264],[40.532,55.293],[40.548,55.314],[40.536,55.327],[40.4,55.287],[40.323,55.294],[40.328,55.315],[40.361,55.327],[40.345,55.34],[40.236,55.336],[40.206,55.309],[40.143,55.406],[40.137,55.434],[40.183,55.449],[40.143,55.514],[40.118,55.526],[40.036,55.517],[40.037,55.546],[40.085,55.613],[39.9,55.734],[39.889,55.747],[39.895,55.801],[39.857,55.826],[39.799,55.83],[39.666,55.782],[39.609,55.791],[39.358,55.761],[39.315,55.782],[39.336,55.809],[39.325,55.828],[39.192,55.84],[39.123,55.83],[39.054,55.852],[39.016,55.925],[38.947,55.913],[38.887,55.923],[38.839,55.901],[38.821,55.922],[38.778,55.92],[38.729,55.953],[38.598,55.962],[38.567,56.0],[38.583,56.028],[38.562,56.083],[38.492,56.178],[38.506,56.226],[38.456,56.218],[38.403,56.264],[38.418,56.291],[38.411,56.375],[38.38,56.406],[38.393,56.456],[38.323,56.494],[38.293,56.533],[38.33,56.562],[38.318,56.6],[38.346,56.639],[38.323,56.672],[38.374,56.697],[38.51,56.644],[38.541,56.617],[38.553,56.578],[38.537,56.563],[38.562,56.542],[38.629,56.581],[38.737,56.587],[38.759,56.61],[38.859,56.595],[38.913,56.556],[39.0,56.543],[39.121,56.594],[39.272,56.538]]]}},{"type":"Feature","id":"RU-VGG","properties":{"code":"RU-VGG","name":"Volgograd Oblast","district":"Southern","country":"RU","special":false},"geometry":{"type":"Polygon","coordinates":[[[47.434,50.377],[47.392,50.323],[47.323,50.304],[47.295,50.275],[47.322,50.237],[47.265,50.186],[47.273,50.158],[47.328,50.109],[47.329,50.073],[47.309,50.045],[47.177,49.947],[46.959,49.884],[46.923,49.861],[46.9,49.82],[46.775,49.333],[46.979,49.244],[47.029,49.201],[47.04,49.15],[47.021,49.097],[46.93,49.004],[46.754,48.914],[46.62,48.67],[46.333,48.808],[46.298,48.84],[46.032,48.869],[45.958,48.844],[45.858,48.74],[45.76,48.666],[45.679,48.646],[45.618,48.596],[45.435,48.571],[45.345,48.543],[45.247,48.556],[45.21,48.536],[45.214,48.516],[45.247,48.497],[45.327,48.5],[45.374,48.474],[45.364,48.45],[45.315,48.432],[45.246,48.476],[45.194,48.484],[45.172,48.439],[45.034,48.389],[45.03,48.358],[44.989,48.332],[45.0,48.311],[44.984,48.273],[45.156,48.236],[45.165,48.185],[45.261,48.162],[45.301,48.098],[45.129,48.114],[44.955,48.208],[44.933,48.185],[44.941,48.144],[44.83,48.072],[44.766,48.059],[44.654,48.09],[44.61,48.06],[44.569,48.057],[44.545,48.068],[44.535,48.205],[44.311,48.258],[44.296,48.213],[44.328,48.064],[44.465,48.039],[44.465,47.984],[44.394,47.923],[44.389,47.868],[44.083,47.909],[44.059,47.9],[44.019,47.865],[44.038,47.834],[44.032,47.816],[43.974,47.767],[43.842,47.757],[43.705,47.683],[43.634,47.57],[43.732,47.477],[43.667,47.446],[43.572,47.486],[43.226,47.45],[43.162,47.487],[43.157,47.562],[43.137,47.574],[43.06,47.575],[42.997,47.52],[42.945,47.517],[42.785,47.731],[42.731,47.852],[42.492,48.014],[42.334,48.046],[42.275,48.015],[42.224,48.03],[42.078,48.025],[42.021,48.037],[42.051,48.126],[42.099,48.161],[42.09,48.201],[42.051,48.23],[42.049,48.26],[42.147,48.287],[42.072,48.395],[42.078,48.411],[42.13,48.449],[42.277,48.498],[42.45,48.505],[42.629,48.548],[42.688,48.592],[42.701,48.618],[42.653,48.71],[42.745,48.805],[42.66,48.9],[42.663,48.967],[42.48,49.043],[42.393,49.053],[42.371,49.122],[42.344,49.152],[42.311,49.161],[42.095,49.141],[42.071,49.152],[42.074,49.202],[42.034,49.261],[42.092,49.289],[42.086,49.358],[42.053,49.402],[42.072,49.502],[42.112,49.526],[42.118,49.57],[42.179,49.686],[42.115,49.75],[41.876,49.9],[41.617,49.962],[41.584,50.0],[41.591,50.051],[41.492,50.084],[41.362,50.226],[41.509,50.392],[41.419,50.502],[41.455,50.551],[41.52,50.571],[41.526,50.599],[41.409,50.619],[41.33,50.717],[41.166,50.778],[41.37,50.831],[41.392,50.879],[41.444,50.917],[41.724,51.018],[41.855,51.189],[41.948,51.204],[42.144,51.142],[42.283,51.133],[42.367,51.157],[42.573,51.169],[42.658,51.226],[42.715,51.239],[42.844,51.236],[42.973,51.192],[43.077,51.136],[43.128,51.128],[43.33,51.018],[43.36,51.015],[43.435,51.022],[43.535,51.059],[43.653,51.067],[43.67,51.079],[43.665,51.106],[43.682,51.113],[43.864,51.113],[43.908,51.158],[43.982,51.173],[44.012,51.155],[44.008,51.083],[44.119,51.114],[44.162,51.093],[44.21,51.194],[44.287,51.181],[44.41,51.187],[44.446,51.212],[44.525,51.177],[44.577,51.135],[44.614,51.141],[44.631,51.173],[44.756,51.15],[44.872,51.153],[44.917,51.117],[45.042,51.126],[45.072,51.085],[45.188,51.051],[45.215,50.999],[45.211,50.946],[45.284,50.908],[45.313,50.848],[45.293,50.781],[45.262,50.744],[45.17,50.715],[45.255,50.679],[45.215,50.614],[45.228,50.588],[45.358,50.589],[45.414,50.613],[45.495,50.613],[45.514,50.603],[45.52,50.556],[45.566,50.582],[45.668,50.594],[45.684,50.611],[45.668,50.698],[45.678,50.729],[45.737,50.761],[45.811,50.774],[45.89,50.759],[46.065,50.663],[46.065,50.544],[46.094,50.526],[46.265,50.531],[46.295,50.567],[46.321,50.572],[46.369,50.551],[46.47,50.548],[46.472,50.609],[46.561,50.632],[46.576,50.699],[46.659,50.683],[46.708,50.691],[46.763,50.657],[46.832,50.64],[46.804,50.587],[46.868,50.565],[46.878,50.524],[46.929,50.493],[47.008,50.48],[47.064,50.512],[47.194,50.51],[47.208,50.501],[47.209,50.444],[47.238,50.417],[47.24,50.379],[47.434,50.377]]]}},{"type":"Feature","id":"RU-VLG","properties":{"code":"RU-VLG","name":"Vologda Oblast","district":"Northwestern","country":"RU","special":false},"geometry":{"type":"Polygon","coordinates":[[[37.773,61.522],[37.812,61.481],[37.793,61.423],[37.817,61.371],[37.866,61.346],[37.857,61.285],[37.973,61.205],[37.965,61.148],[38.041,61.14],[38.098,61.156],[38.179,61.126],[38.145,61.073],[38.198,61.026],[38.171,60.975],[38.22,60.92],[38.329,60.91],[38.355,60.952],[38.372,60.951],[38.418,60.874],[38.421,60.811],[38.586,60.797],[38.633,60.723],[38.661,60.711],[38.811,60.718],[38.851,60.763],[38.923,60.773],[38.957,60.807],[39.033,60.731],[39.17,60.686],[39.191,60.653],[39.177,60.714],[39.289,60.705],[39.359,60.682],[39.415,60.707],[39.637,60.746],[39.764,60.737],[39.915,60.655],[39.954,60.65],[40.005,60.658],[40.039,60.681],[40.168,60.673],[40.222,60.695],[40.351,60.708],[40.387,60.732],[40.375,60.766],[40.418,60.785],[40.504,60.756],[40.543,60.721],[40.621,60.728],[40.746,60.78],[40.759,60.743],[40.8,60.717],[41.059,60.65],[41.253,60.665],[41.343,60.646],[41.343,60.693],[41.412,60.791],[41.382,60.851],[41.394,60.858],[41.536,60.9],[41.637,60.891],[41.668,60.848],[41.719,60.84],[41.801,60.899],[41.856,60.912],[41.901,60.897],[41.923,60.917],[41.961,60.886],[41.916,60.864],[41.947,60.835],[42.024,60.836],[42.395,60.769],[42.467,60.791],[42.551,60.783],[42.558,60.832],[42.65,60.863],[42.823,60.855],[42.902,60.818],[42.908,60.779],[42.944,60.79],[42.98,60.737],[43.049,60.74],[43.15,60.806],[43.227,60.785],[43.511,60.767],[43.525,60.847],[43.747,60.895],[43.73,60.916],[43.776,61.021],[43.892,61.024],[44.025,61.055],[44.053,61.079],[44.108,61.083],[44.167,61.08],[44.158,60.995],[44.206,60.972],[45.229,60.904],[45.332,61.189],[45.379,61.205],[45.787,61.167],[45.767,61.055],[45.878,61.016],[46.285,60.968],[46.319,61.004],[46.398,61.011],[46.477,61.037],[46.509,61.064],[46.582,61.0],[46.746,60.983],[46.762,60.902],[46.898,60.886],[46.947,60.857],[47.043,60.854],[47.081,60.826],[47.019,60.716],[46.959,60.66],[47.021,60.639],[47.024,60.601],[47.052,60.582],[46.862,60.513],[46.876,60.475],[46.821,60.392],[46.829,60.374],[46.806,60.343],[46.81,60.323],[46.75,60.261],[46.428,60.271],[46.302,60.242],[46.352,60.209],[46.376,60.116],[46.506,60.105],[46.599,60.069],[46.831,60.073],[46.909,60.125],[47.035,60.117],[46.923,59.844],[46.926,59.803],[46.957,59.782],[47.113,59.753],[47.137,59.698],[47.114,59.611],[46.875,59.632],[46.757,59.607],[46.406,59.633],[46.366,59.499],[46.373,59.454],[46.356,59.347],[46.171,59.344],[46.143,59.312],[46.029,59.304],[45.973,59.246],[45.952,59.194],[45.918,59.184],[45.763,59.184],[45.692,59.204],[45.644,59.187],[45.526,59.188],[45.491,59.171],[45.45,59.19],[45.366,59.198],[45.314,59.175],[45.091,59.184],[45.05,59.173],[45.029,59.124],[44.991,59.122],[44.391,59.153],[44.332,59.138],[44.197,59.176],[44.171,59.22],[44.146,59.227],[43.936,59.207],[43.742,59.26],[43.673,59.242],[43.526,59.169],[43.501,59.19],[43.52,59.242],[43.5,59.259],[43.493,59.297],[43.341,59.271],[43.334,59.256],[43.359,59.223],[43.336,59.212],[43.151,59.261],[43.112,59.29],[43.109,59.261],[43.06,59.245],[43.026,59.208],[42.902,59.195],[42.854,59.162],[42.841,59.175],[42.8,59.17],[42.741,59.218],[42.671,59.228],[42.652,59.248],[42.669,59.269],[42.653,59.292],[42.601,59.316],[42.345,59.297],[42.318,59.269],[42.284,59.262],[42.19,59.309],[42.182,59.397],[42.049,59.427],[42.003,59.382],[41.994,59.313],[41.958,59.29],[41.973,59.265],[42.09,59.23],[42.077,59.16],[42.034,59.127],[41.932,59.113],[41.875,59.086],[41.744,59.121],[41.687,59.08],[41.522,59.037],[41.341,58.957],[41.277,58.986],[41.177,58.963],[41.159,58.935],[41.168,58.906],[41.239,58.906],[41.247,58.877],[41.183,58.85],[41.178,58.823],[41.134,58.799],[41.22,58.73],[41.031,58.627],[40.93,58.593],[40.926,58.579],[40.674,58.587],[40.625,58.606],[40.496,58.556],[40.293,58.544],[40.174,58.554],[40.105,58.598],[40.088,58.668],[40.02,58.68],[39.969,58.759],[39.839,58.768],[39.808,58.819],[39.683,58.848],[39.595,58.906],[39.531,58.877],[39.315,58.926],[39.227,58.916],[39.101,58.954],[39.03,58.936],[38.934,58.938],[38.938,58.912],[38.918,58.885],[39.002,58.849],[38.902,58.793],[38.909,58.74],[38.843,58.739],[38.824,58.753],[38.674,58.749],[38.563,58.779],[38.478,58.706],[38.048,58.736],[37.941,58.641],[37.891,58.617],[37.824,58.635],[37.722,58.627],[37.682,58.523],[37.626,58.49],[37.499,58.58],[37.376,58.635],[37.188,58.771],[37.175,58.826],[37.102,58.869],[36.99,58.834],[36.864,58.843],[36.797,58.82],[36.784,58.806],[36.813,58.744],[36.772,58.721],[36.705,58.734],[36.714,58.696],[36.673,58.691],[36.645,58.645],[36.588,58.604],[36.512,58.586],[36.521,58.558],[36.5,58.535],[36.334,58.497],[36.315,58.519],[36.258,58.538],[36.215,58.514],[36.173,58.525],[36.173,58.538],[36.236,58.599],[36.139,58.617],[36.147,58.643],[36.12,58.7],[35.986,58.727],[35.957,58.752],[35.786,58.749],[35.765,58.777],[35.821,58.787],[35.725,58.833],[35.639,58.814],[35.605,58.832],[35.398,58.844],[35.311,58.803],[35.273,58.763],[35.212,58.798],[35.216,58.828],[35.125,58.815],[35.14,58.889],[35.168,58.933],[35.039,58.918],[35.024,58.924],[35.025,58.942],[34.973,58.941],[34.948,58.966],[34.831,58.987],[34.879,59.043],[34.872,59.054],[34.806,59.047],[34.736,59.067],[34.73,59.103],[34.803,59.106],[34.806,59.139],[34.916,59.247],[34.948,59.226],[35.038,59.251],[35.182,59.265],[35.244,59.294],[35.382,59.3],[35.385,59.312],[35.324,59.323],[35.32,59.339],[35.406,59.37],[35.449,59.428],[35.289,59.499],[35.486,59.485],[35.498,59.507],[35.435,59.525],[35.494,59.547],[35.497,59.647],[35.593,59.623],[35.641,59.653],[35.627,59.71],[35.465,59.694],[35.406,59.712],[35.382,59.875],[35.411,59.904],[35.474,59.923],[35.413,59.973],[35.238,59.985],[35.085,60.024],[35.091,60.044],[35.173,60.08],[35.176,60.105],[35.144,60.14],[35.147,60.269],[35.227,60.332],[35.252,60.445],[35.259,60.585],[35.239,60.659],[35.201,60.725],[35.15,60.752],[35.144,60.777],[35.281,60.85],[35.44,60.862],[35.472,60.878],[35.515,60.927],[35.489,60.959],[35.498,60.981],[35.628,61.058],[35.64,61.09],[35.692,61.128],[35.679,61.152],[35.604,61.188],[36.467,61.407],[36.611,61.549],[36.85,61.541],[36.996,61.594],[37.182,61.544],[37.256,61.54],[37.278,61.501],[37.773,61.522]],[[38.11,61.013],[38.124,61.021],[38.088,61.042],[38.023,61.042],[38.037,61.021],[38.11,61.013]],[[44.481,59.157],[44.495,59.176],[44.467,59.208],[44.426,59.202],[44.425,59.185],[44.481,59.157]]]}},{"type":"Feature","id":"RU-VOR","properties":{"code":"RU-VOR","name":"Voronezh Oblast","district":"Central","country":"RU","special":false},"geometry":{"type":"Polygon","coordinates":[[[39.328,49.726],[39.238,49.765],[39.181,49.859],[39.188,49.926],[39.272,50.06],[39.236,50.054],[39.215,50.097],[39.099,50.165],[39.124,50.193],[39.108,50.275],[39.059,50.292],[39.056,50.312],[39.085,50.349],[38.99,50.433],[39.001,50.471],[39.098,50.506],[39.077,50.546],[39.086,50.576],[39.067,50.598],[39.119,50.611],[39.072,50.636],[38.96,50.649],[38.961,50.69],[38.918,50.697],[38.888,50.684],[38.818,50.712],[38.785,50.742],[38.794,50.784],[38.724,50.79],[38.721,50.816],[38.745,50.839],[38.711,50.864],[38.742,50.868],[38.733,50.9],[38.803,50.913],[38.829,50.898],[38.872,50.901],[38.846,51.036],[38.738,51.074],[38.678,51.055],[38.652,51.014],[38.618,50.998],[38.551,51.011],[38.509,51.065],[38.403,51.071],[38.369,51.146],[38.476,51.162],[38.501,51.189],[38.42,51.275],[38.336,51.267],[38.294,51.285],[38.352,51.372],[38.286,51.367],[38.275,51.531],[38.223,51.552],[38.14,51.629],[38.149,51.644],[38.219,51.632],[38.202,51.685],[38.213,51.707],[38.41,51.688],[38.505,51.732],[38.428,51.747],[38.387,51.776],[38.426,51.815],[38.41,51.92],[38.362,51.93],[38.304,51.915],[38.299,51.961],[38.385,52.0],[38.543,52.028],[38.575,52.063],[38.647,52.063],[38.688,52.1],[38.724,52.063],[38.762,52.052],[38.806,52.092],[38.871,52.096],[38.994,52.001],[39.036,51.988],[39.098,52.007],[39.109,52.06],[39.13,52.068],[39.163,52.056],[39.161,52.093],[39.265,52.105],[39.447,52.082],[39.514,52.024],[39.497,51.973],[39.738,51.924],[39.842,51.922],[39.875,51.946],[39.881,51.969],[39.913,51.98],[40.03,51.954],[40.122,51.992],[40.16,51.966],[40.735,51.94],[40.778,51.897],[40.837,51.917],[40.938,51.89],[40.945,51.868],[40.888,51.747],[40.973,51.741],[41.066,51.71],[41.126,51.731],[41.278,51.737],[41.276,51.781],[41.299,51.795],[41.436,51.764],[41.492,51.801],[41.548,51.769],[41.709,51.736],[41.755,51.71],[41.831,51.716],[41.853,51.683],[41.952,51.656],[42.044,51.667],[42.117,51.643],[42.119,51.714],[42.192,51.726],[42.248,51.694],[42.274,51.6],[42.334,51.594],[42.411,51.635],[42.456,51.628],[42.53,51.575],[42.734,51.479],[42.864,51.376],[42.845,51.317],[42.904,51.241],[42.669,51.23],[42.573,51.169],[42.367,51.157],[42.255,51.132],[42.067,51.16],[41.977,51.203],[41.855,51.189],[41.724,51.018],[41.444,50.917],[41.392,50.879],[41.37,50.831],[41.168,50.781],[41.33,50.717],[41.409,50.619],[41.526,50.599],[41.52,50.571],[41.455,50.551],[41.419,50.502],[41.509,50.392],[41.362,50.226],[41.281,50.165],[41.347,50.115],[41.35,50.084],[41.266,50.034],[41.172,50.013],[41.11,49.972],[41.056,49.916],[41.029,49.794],[40.885,49.69],[40.805,49.688],[40.722,49.652],[40.612,49.648],[40.49,49.595],[40.198,49.627],[40.163,49.621],[40.119,49.588],[39.998,49.608],[39.915,49.563],[39.829,49.541],[39.623,49.613],[39.558,49.724],[39.444,49.75],[39.328,49.726]]]}},{"type":"Feature","id":"RU-YAN","properties":{"code":"RU-YAN","name":"Yamalo-Nenets AO","district":"Ural","country":"RU","special":false},"geometry":{"type":"MultiPolygon","coordinates":[[[[70.131,66.556],[70.062,66.562],[70.041,66.55],[70.097,66.539],[70.044,66.501],[69.898,66.495],[69.871,66.478],[69.545,66.591],[69.538,66.601],[69.575,66.611],[69.575,66.638],[69.425,66.768],[69.374,66.778],[69.257,66.746],[69.151,66.775],[69.131,66.797],[69.178,66.811],[69.28,66.795],[69.473,66.798],[69.517,66.739],[69.636,66.694],[69.665,66.694],[69.545,66.752],[69.54,66.764],[69.562,66.769],[69.756,66.762],[69.781,66.748],[69.754,66.742],[69.891,66.728],[69.925,66.707],[70.05,66.709],[70.086,66.69],[70.08,66.639],[70.027,66.625],[70.131,66.556]]],[[[65.038,69.271],[65.419,69.177],[65.865,69.133],[65.903,69.113],[65.883,69.106],[65.754,69.107],[65.734,69.113],[65.745,69.127],[65.677,69.119],[65.646,69.131],[65.635,69.127],[65.69,69.085],[66.114,69.037],[66.329,68.964],[66.678,68.896],[66.991,68.876],[67.09,68.856],[67.129,68.839],[67.046,68.818],[67.04,68.797],[67.143,68.756],[67.196,68.707],[67.33,68.697],[67.584,68.603],[67.808,68.503],[67.705,68.516],[67.793,68.479],[68.135,68.423],[68.246,68.355],[68.259,68.334],[68.203,68.295],[68.205,68.269],[68.184,68.242],[68.263,68.249],[68.282,68.224],[68.26,68.201],[68.288,68.188],[68.481,68.249],[68.486,68.269],[68.548,68.304],[68.651,68.318],[68.589,68.332],[68.565,68.35],[68.561,68.373],[68.76,68.504],[68.924,68.637],[69.01,68.767],[69.013,68.806],[69.069,68.823],[69.109,68.879],[69.0,68.879],[68.946,68.893],[68.951,68.903],[69.088,68.916],[69.131,68.927],[69.061,68.927],[69.097,68.941],[69.219,68.962],[69.013,68.948],[69.027,68.962],[68.999,68.965],[68.788,68.916],[68.686,68.918],[68.458,68.985],[68.376,69.068],[68.125,69.222],[68.026,69.319],[68.02,69.335],[68.04,69.359],[68.105,69.397],[68.088,69.421],[68.107,69.549],[68.031,69.541],[68.014,69.514],[68.04,69.49],[67.824,69.511],[67.629,69.591],[67.459,69.627],[67.315,69.63],[67.102,69.693],[67.017,69.703],[66.971,69.688],[67.002,69.674],[67.0,69.653],[66.855,69.637],[66.958,69.537],[66.887,69.537],[66.796,69.586],[66.784,69.623],[66.795,69.711],[66.769,69.762],[66.885,70.013],[66.938,70.051],[66.978,70.058],[67.006,70.03],[66.965,69.996],[66.985,69.97],[67.143,69.983],[67.252,70.021],[67.328,70.106],[67.279,70.106],[67.286,70.154],[67.272,70.189],[67.252,70.195],[67.265,70.145],[67.243,70.145],[67.165,70.172],[67.094,70.221],[67.164,70.305],[67.193,70.382],[67.219,70.409],[67.266,70.415],[67.255,70.456],[67.293,70.477],[67.215,70.524],[67.277,70.66],[67.327,70.717],[67.334,70.758],[67.257,70.826],[67.138,70.842],[67.04,70.816],[66.689,70.77],[66.668,70.828],[66.608,70.881],[66.771,70.96],[66.833,71.013],[66.841,71.059],[66.889,71.079],[66.82,71.101],[66.8,71.093],[66.806,71.075],[66.738,71.052],[66.772,71.024],[66.69,71.001],[66.643,71.009],[66.616,71.032],[66.62,71.058],[66.811,71.161],[66.845,71.226],[66.912,71.295],[67.033,71.298],[67.588,71.415],[67.586,71.432],[67.605,71.442],[67.947,71.528],[68.255,71.688],[68.305,71.696],[68.349,71.675],[68.308,71.717],[68.469,71.826],[68.513,71.902],[68.556,71.923],[68.561,71.976],[68.644,72.033],[68.685,72.152],[68.733,72.21],[68.754,72.267],[68.774,72.278],[68.768,72.293],[68.822,72.326],[68.852,72.467],[68.917,72.484],[68.869,72.532],[68.916,72.565],[68.977,72.656],[69.054,72.662],[68.993,72.675],[68.976,72.696],[69.232,72.805],[69.305,72.884],[69.302,72.93],[69.354,72.953],[69.465,72.975],[69.774,72.973],[69.795,72.964],[69.798,72.944],[69.774,72.936],[69.557,72.914],[69.562,72.889],[69.588,72.878],[70.172,72.9],[70.655,72.889],[71.033,72.907],[71.267,72.895],[71.563,72.916],[71.674,72.885],[71.983,72.848],[72.008,72.834],[71.817,72.812],[71.886,72.797],[72.131,72.832],[72.297,72.794],[72.496,72.788],[72.837,72.71],[72.721,72.703],[72.742,72.676],[72.81,72.655],[72.731,72.617],[72.731,72.597],[72.782,72.544],[72.845,72.52],[72.799,72.481],[72.799,72.413],[72.85,72.324],[72.884,72.307],[72.874,72.281],[72.743,72.206],[72.708,72.114],[72.577,72.045],[72.56,71.979],[72.522,71.922],[72.485,71.898],[72.351,71.864],[72.32,71.823],[72.363,71.736],[72.345,71.708],[72.234,71.685],[72.209,71.615],[72.167,71.599],[72.029,71.572],[71.974,71.58],[71.838,71.532],[71.803,71.48],[71.839,71.431],[72.106,71.29],[72.636,71.132],[72.676,71.09],[72.634,71.052],[72.632,71.011],[72.827,70.888],[72.837,70.86],[72.781,70.756],[72.775,70.695],[72.688,70.634],[72.683,70.617],[72.694,70.593],[72.775,70.538],[72.758,70.472],[72.771,70.425],[72.612,70.384],[72.436,70.286],[72.434,70.266],[72.467,70.24],[72.599,70.193],[72.622,70.162],[72.574,70.096],[72.492,70.041],[72.519,70.02],[72.525,69.986],[72.649,69.905],[72.692,69.837],[72.65,69.748],[72.56,69.689],[72.553,69.664],[72.502,69.647],[72.562,69.604],[72.627,69.511],[72.638,69.441],[72.488,69.414],[72.613,69.359],[72.648,69.292],[72.528,69.235],[72.478,69.177],[72.48,69.13],[72.528,69.072],[72.577,68.94],[72.692,68.864],[72.852,68.798],[73.075,68.747],[73.539,68.581],[73.635,68.517],[73.646,68.458],[73.605,68.432],[73.59,68.452],[73.605,68.482],[73.579,68.493],[73.534,68.482],[73.454,68.444],[73.398,68.361],[73.091,68.214],[73.137,68.166],[73.132,68.146],[73.081,68.12],[73.073,68.09],[73.19,67.992],[73.204,67.957],[73.195,67.85],[73.072,67.816],[73.084,67.783],[73.151,67.732],[73.114,67.69],[73.084,67.722],[73.039,67.729],[72.892,67.685],[72.899,67.659],[72.852,67.635],[72.581,67.62],[72.547,67.591],[72.553,67.537],[72.533,67.52],[72.392,67.467],[72.454,67.401],[72.403,67.328],[72.255,67.31],[72.191,67.333],[72.048,67.303],[72.052,67.268],[72.214,67.224],[72.226,67.159],[72.175,67.162],[72.154,67.196],[72.128,67.207],[72.119,67.191],[72.139,67.16],[71.913,67.132],[72.015,67.111],[71.994,67.107],[72.007,67.077],[71.995,67.056],[71.944,67.043],[71.873,66.991],[71.795,66.974],[71.748,66.916],[71.625,66.946],[71.522,66.919],[71.394,66.975],[71.302,66.954],[71.428,66.927],[71.453,66.906],[71.391,66.906],[71.515,66.878],[71.489,66.857],[71.481,66.827],[71.55,66.782],[71.518,66.763],[71.584,66.732],[71.597,66.697],[71.556,66.68],[71.577,66.659],[71.391,66.642],[71.35,66.659],[71.385,66.687],[71.295,66.638],[71.165,66.659],[71.234,66.625],[71.057,66.625],[71.042,66.605],[71.124,66.584],[71.08,66.569],[70.939,66.584],[70.994,66.556],[70.98,66.536],[70.689,66.515],[70.413,66.563],[70.319,66.594],[70.295,66.638],[70.466,66.68],[70.6,66.693],[70.624,66.717],[70.68,66.716],[70.741,66.758],[70.575,66.76],[70.535,66.742],[70.617,66.742],[70.466,66.721],[70.542,66.7],[70.287,66.682],[70.154,66.716],[70.178,66.742],[70.067,66.76],[69.993,66.8],[69.936,66.863],[69.898,66.872],[69.882,66.861],[69.884,66.837],[69.837,66.816],[69.74,66.81],[69.603,66.838],[69.577,66.83],[69.637,66.797],[69.598,66.789],[69.398,66.83],[69.302,66.817],[69.131,66.831],[68.965,66.81],[68.997,66.787],[69.104,66.771],[69.118,66.733],[69.103,66.669],[69.113,66.619],[69.206,66.569],[69.386,66.513],[69.729,66.484],[69.903,66.415],[70.27,66.362],[70.363,66.334],[71.146,66.366],[71.429,66.356],[71.679,66.324],[71.833,66.235],[71.919,66.251],[71.99,66.231],[72.043,66.247],[72.084,66.238],[72.261,66.296],[72.306,66.289],[72.347,66.306],[72.376,66.341],[72.399,66.419],[72.367,66.471],[72.412,66.509],[72.382,66.517],[72.289,66.501],[72.318,66.528],[72.45,66.567],[72.474,66.611],[72.494,66.619],[72.942,66.657],[72.995,66.707],[72.988,66.728],[73.003,66.739],[73.492,66.823],[73.657,66.942],[73.797,66.964],[73.869,67.001],[73.874,67.053],[73.92,67.078],[73.892,67.119],[73.953,67.231],[73.9,67.296],[74.098,67.432],[74.73,67.686],[74.749,67.707],[74.792,67.797],[74.825,67.94],[74.757,68.057],[74.725,68.152],[74.58,68.262],[74.37,68.351],[74.332,68.386],[74.458,68.506],[74.468,68.535],[74.413,68.62],[74.481,68.721],[74.628,68.775],[75.191,68.875],[75.621,68.9],[75.82,68.944],[76.113,68.978],[76.376,68.994],[76.609,68.966],[76.696,68.858],[76.619,68.805],[76.663,68.763],[77.007,68.653],[77.114,68.567],[77.148,68.579],[77.1,68.592],[77.127,68.606],[77.326,68.523],[77.248,68.457],[77.285,68.428],[77.295,68.382],[77.246,68.339],[77.178,68.32],[77.162,68.294],[77.195,68.267],[77.357,68.233],[77.294,68.15],[77.217,68.105],[77.243,68.071],[77.241,68.044],[77.193,67.985],[77.305,67.91],[77.217,67.831],[77.141,67.851],[77.083,67.833],[77.072,67.824],[77.08,67.79],[77.12,67.769],[77.676,67.617],[77.703,67.598],[77.685,67.564],[77.693,67.545],[77.86,67.577],[77.904,67.558],[77.957,67.568],[78.047,67.544],[78.234,67.585],[78.366,67.555],[78.497,67.557],[78.603,67.586],[78.741,67.592],[78.96,67.557],[79.053,67.571],[78.98,67.611],[78.822,67.616],[78.812,67.634],[78.868,67.653],[78.751,67.653],[78.623,67.605],[78.565,67.604],[78.463,67.633],[78.573,67.633],[78.616,67.65],[78.61,67.663],[78.58,67.674],[78.484,67.667],[78.438,67.703],[78.422,67.7],[78.4,67.637],[78.327,67.68],[78.252,67.659],[78.185,67.669],[78.113,67.657],[78.012,67.694],[77.874,67.685],[77.86,67.691],[77.872,67.705],[77.949,67.728],[77.852,67.731],[77.776,67.778],[77.758,67.776],[77.738,67.74],[77.619,67.734],[77.494,67.751],[77.459,67.786],[77.479,67.907],[77.586,67.948],[77.525,67.945],[77.47,67.995],[77.504,68.028],[77.504,68.085],[77.537,68.129],[77.709,68.222],[78.103,68.248],[78.173,68.274],[78.112,68.312],[78.09,68.36],[77.959,68.398],[77.909,68.469],[77.956,68.495],[77.928,68.519],[77.895,68.529],[77.787,68.515],[77.768,68.571],[77.715,68.621],[77.744,68.677],[77.744,68.715],[77.692,68.817],[77.683,68.886],[77.647,68.911],[77.409,68.926],[77.233,68.99],[76.929,69.009],[76.829,69.085],[76.731,69.131],[76.622,69.154],[76.548,69.13],[76.428,69.144],[76.161,69.199],[76.042,69.239],[75.801,69.234],[75.509,69.261],[75.129,69.157],[75.092,69.133],[75.154,69.119],[75.107,69.104],[74.941,69.106],[74.773,69.081],[74.509,69.133],[74.314,69.146],[73.961,69.084],[73.897,69.093],[73.777,69.154],[73.752,69.184],[73.757,69.199],[73.85,69.315],[73.9,69.421],[73.859,69.482],[73.755,69.565],[73.563,69.684],[73.516,69.746],[73.535,69.776],[73.66,69.86],[73.656,69.893],[73.705,69.955],[73.711,70.019],[73.765,70.079],[73.756,70.11],[73.692,70.138],[73.708,70.161],[74.007,70.305],[74.077,70.383],[74.197,70.435],[74.316,70.52],[74.339,70.582],[74.318,70.668],[74.261,70.716],[73.928,70.855],[73.896,70.973],[73.704,71.071],[73.655,71.153],[73.556,71.255],[73.339,71.339],[73.033,71.406],[73.022,71.429],[73.365,71.583],[73.499,71.665],[73.525,71.706],[73.47,71.773],[73.526,71.822],[73.939,71.914],[74.25,71.96],[74.332,71.956],[74.928,72.098],[74.995,72.138],[75.076,72.21],[75.111,72.346],[75.109,72.404],[75.055,72.565],[75.059,72.595],[75.0,72.674],[74.742,72.814],[75.037,72.882],[75.522,72.76],[75.531,72.741],[75.456,72.71],[75.407,72.724],[75.338,72.683],[75.421,72.697],[75.519,72.631],[75.687,72.585],[75.708,72.566],[75.702,72.547],[75.597,72.547],[75.562,72.525],[75.556,72.498],[75.623,72.412],[75.626,72.382],[75.683,72.34],[75.667,72.333],[75.755,72.306],[75.736,72.257],[75.594,72.215],[75.518,72.153],[75.517,72.076],[75.414,72.031],[75.439,71.985],[75.354,71.958],[75.285,71.96],[75.254,71.942],[75.284,71.894],[75.224,71.842],[75.236,71.826],[75.22,71.81],[75.228,71.777],[75.258,71.768],[75.263,71.743],[75.287,71.729],[75.492,71.666],[75.506,71.652],[75.491,71.639],[75.392,71.618],[75.533,71.542],[75.434,71.502],[75.426,71.49],[75.442,71.462],[75.242,71.454],[75.228,71.405],[75.263,71.366],[75.343,71.335],[75.734,71.265],[76.017,71.237],[76.108,71.204],[76.126,71.203],[76.12,71.22],[76.15,71.229],[76.889,71.19],[76.914,71.182],[76.882,71.16],[76.894,71.127],[76.918,71.113],[76.914,71.072],[76.963,71.113],[76.929,71.161],[77.005,71.184],[77.382,71.159],[77.558,71.174],[77.783,71.142],[77.865,71.11],[77.886,71.089],[77.9,71.01],[77.949,70.976],[78.279,70.942],[78.411,70.895],[78.598,70.928],[78.769,70.914],[78.881,70.922],[78.929,70.948],[78.965,70.929],[79.04,70.937],[79.054,70.962],[79.018,70.969],[79.115,71.004],[79.074,71.024],[78.968,70.987],[78.845,71.013],[78.786,70.991],[78.902,70.976],[78.758,70.935],[78.565,70.963],[78.442,70.914],[78.435,70.95],[78.488,71.012],[78.463,71.024],[78.56,71.045],[78.498,71.079],[78.525,71.093],[78.497,71.115],[78.346,71.1],[78.376,71.076],[78.498,71.045],[78.43,71.045],[78.238,71.11],[78.234,71.123],[78.289,71.164],[78.311,71.208],[78.313,71.226],[78.279,71.259],[78.022,71.279],[77.928,71.257],[77.901,71.313],[77.99,71.346],[78.011,71.367],[77.988,71.375],[77.734,71.311],[77.751,71.292],[77.712,71.281],[77.515,71.329],[77.436,71.333],[77.525,71.305],[77.492,71.301],[77.232,71.362],[77.104,71.424],[76.713,71.463],[76.581,71.529],[76.272,71.573],[76.249,71.597],[76.268,71.63],[76.264,71.653],[76.162,71.735],[76.08,71.863],[75.997,71.908],[76.354,71.999],[76.878,72.05],[77.027,72.021],[77.585,71.831],[77.727,71.827],[78.11,71.88],[78.197,71.922],[78.226,71.983],[78.032,72.095],[77.938,72.118],[77.713,72.115],[77.564,72.071],[77.465,72.068],[77.387,72.092],[77.377,72.11],[77.491,72.175],[77.442,72.21],[77.507,72.222],[77.668,72.193],[77.741,72.216],[77.879,72.3],[78.088,72.359],[78.125,72.385],[78.232,72.364],[78.426,72.393],[78.503,72.382],[78.449,72.359],[78.454,72.341],[78.528,72.308],[78.609,72.296],[78.656,72.258],[78.665,72.22],[78.61,72.208],[78.684,72.182],[78.798,72.182],[78.779,72.173],[78.789,72.169],[78.908,72.144],[78.914,72.116],[79.019,72.119],[79.081,72.105],[79.108,72.073],[79.382,72.06],[79.436,72.04],[79.695,72.058],[79.854,72.025],[79.899,71.988],[80.016,71.983],[80.109,71.95],[80.229,71.94],[80.252,71.916],[80.339,71.89],[80.325,71.873],[80.276,71.874],[80.269,71.855],[80.179,71.867],[80.036,71.831],[80.037,71.815],[80.076,71.81],[80.119,71.779],[80.076,71.765],[80.118,71.687],[80.102,71.665],[80.03,71.66],[79.976,71.617],[79.868,71.602],[79.371,71.612],[79.338,71.598],[79.389,71.543],[79.358,71.494],[79.18,71.445],[79.143,71.415],[79.175,71.355],[79.227,71.321],[79.466,71.301],[79.565,71.277],[79.954,71.134],[80.403,71.091],[80.538,71.059],[80.55,71.044],[80.565,70.86],[80.686,70.801],[80.606,70.753],[80.593,70.722],[80.717,70.686],[80.757,70.656],[80.72,70.595],[80.663,70.574],[80.671,70.545],[80.658,70.518],[80.61,70.501],[80.662,70.473],[80.669,70.45],[80.795,70.438],[80.788,70.418],[80.738,70.415],[80.757,70.398],[80.747,70.394],[80.71,70.393],[80.687,70.421],[80.626,70.424],[80.569,70.461],[80.35,70.46],[80.276,70.429],[80.181,70.434],[80.183,70.393],[80.095,70.395],[80.106,70.365],[80.095,70.353],[79.88,70.278],[79.818,70.268],[79.717,70.28],[79.717,70.242],[79.63,70.221],[79.607,70.188],[79.496,70.112],[79.405,70.123],[79.393,70.132],[79.407,70.147],[79.333,70.148],[79.332,70.091],[79.355,70.05],[79.197,70.05],[79.183,70.041],[79.193,70.01],[79.134,70.008],[79.172,69.963],[79.055,69.93],[78.965,69.881],[78.88,69.88],[79.012,69.833],[78.986,69.806],[79.065,69.778],[79.075,69.749],[79.13,69.739],[79.012,69.703],[79.417,69.65],[79.491,69.654],[79.532,69.626],[79.508,69.609],[79.595,69.579],[79.64,69.522],[79.65,69.484],[79.729,69.447],[79.731,69.429],[79.814,69.423],[79.824,69.395],[79.869,69.373],[79.854,69.355],[79.865,69.349],[79.977,69.341],[80.129,69.362],[80.229,69.358],[80.47,69.32],[80.734,69.308],[80.763,69.302],[80.808,69.262],[80.967,69.209],[81.167,69.24],[81.324,69.286],[81.443,69.257],[81.571,69.273],[81.636,69.306],[81.616,69.334],[81.635,69.371],[81.626,69.415],[81.685,69.447],[81.783,69.429],[81.929,69.349],[81.909,69.319],[81.761,69.252],[81.841,69.196],[82.257,69.157],[82.401,69.173],[82.453,69.162],[82.494,69.105],[82.449,69.077],[82.333,69.062],[82.329,69.046],[82.36,69.021],[82.493,68.987],[82.534,68.927],[82.552,68.827],[82.729,68.789],[82.787,68.795],[82.806,68.777],[82.794,68.754],[82.803,68.742],[83.039,68.667],[82.867,68.628],[82.682,68.63],[82.59,68.605],[82.54,68.614],[82.528,68.591],[82.469,68.577],[82.617,68.534],[82.679,68.492],[82.71,68.414],[82.687,68.352],[82.703,68.298],[82.574,68.255],[82.531,68.22],[82.55,68.179],[82.533,68.17],[82.438,68.185],[82.395,68.177],[82.363,68.094],[82.392,68.057],[82.365,67.946],[82.059,67.948],[81.988,67.962],[81.877,67.933],[81.765,67.951],[81.726,67.924],[81.895,67.789],[82.1,67.724],[82.086,67.693],[82.112,67.686],[82.049,67.655],[82.11,67.609],[82.252,67.555],[82.338,67.563],[82.356,67.557],[82.352,67.533],[82.389,67.534],[82.355,67.5],[82.374,67.481],[82.33,67.48],[82.251,67.419],[82.332,67.36],[82.291,67.348],[82.358,67.331],[82.226,67.31],[82.262,67.291],[82.256,67.281],[82.193,67.289],[82.192,67.262],[82.117,67.244],[83.042,66.891],[83.055,66.88],[83.03,66.863],[83.041,66.852],[83.122,66.842],[83.162,66.818],[83.187,66.747],[83.26,66.712],[83.297,66.673],[83.181,66.623],[83.089,66.61],[83.078,66.573],[83.091,66.459],[83.134,66.418],[83.262,66.389],[83.344,66.342],[83.415,66.267],[83.535,66.193],[83.508,66.166],[83.372,66.136],[83.293,66.066],[83.373,65.984],[83.521,65.908],[83.518,65.822],[83.592,65.775],[83.744,65.801],[84.031,65.793],[84.168,65.703],[84.319,65.684],[84.297,65.617],[84.196,65.595],[84.43,65.551],[84.498,65.504],[84.55,65.433],[84.507,65.395],[84.582,65.317],[84.584,65.291],[84.523,65.213],[84.41,65.19],[84.313,65.098],[84.309,65.079],[84.331,65.053],[84.386,65.023],[84.387,64.994],[84.285,64.946],[84.273,64.928],[84.283,64.909],[84.47,64.89],[84.82,64.931],[84.92,64.928],[84.967,64.899],[84.928,64.851],[84.939,64.823],[85.093,64.811],[85.12,64.765],[85.161,64.751],[85.437,64.792],[85.559,64.83],[85.838,64.777],[85.858,64.739],[85.81,64.648],[85.916,64.588],[85.852,64.515],[85.842,64.459],[85.927,64.413],[85.926,64.371],[85.951,64.329],[86.017,64.293],[86.03,64.265],[85.934,64.123],[85.966,64.097],[85.958,64.06],[85.672,63.991],[85.534,63.937],[85.428,63.867],[85.373,63.808],[85.342,63.751],[85.338,63.707],[85.269,63.651],[85.181,63.597],[85.076,63.607],[85.032,63.586],[85.097,63.534],[85.186,63.53],[85.199,63.511],[85.299,63.517],[85.378,63.467],[85.392,63.424],[85.362,63.415],[85.365,63.405],[85.419,63.349],[85.495,63.375],[85.641,63.374],[85.672,63.36],[85.656,63.335],[85.531,63.263],[85.536,63.233],[85.501,63.212],[85.469,63.149],[85.522,63.096],[85.586,63.074],[85.578,63.045],[85.496,62.986],[85.518,62.933],[85.444,62.884],[85.324,62.869],[85.225,62.801],[85.167,62.747],[85.152,62.714],[85.085,62.674],[85.09,62.638],[84.949,62.589],[84.894,62.541],[84.911,62.499],[84.872,62.459],[84.746,62.41],[84.436,62.178],[84.395,62.239],[84.289,62.276],[84.283,62.327],[84.237,62.377],[84.096,62.375],[84.019,62.397],[83.98,62.42],[83.943,62.484],[83.789,62.563],[83.591,62.505],[83.56,62.504],[83.533,62.525],[83.311,62.457],[83.283,62.461],[83.034,62.53],[83.02,62.543],[83.027,62.577],[83.01,62.595],[82.758,62.67],[82.741,62.68],[82.76,62.738],[82.749,62.754],[82.47,62.779],[82.317,62.77],[82.165,62.809],[82.073,62.8],[81.84,62.692],[81.784,62.688],[81.635,62.734],[81.6,62.773],[81.339,62.826],[81.321,62.885],[81.175,62.972],[81.131,63.048],[81.115,63.116],[80.584,63.083],[80.58,63.031],[80.553,63.001],[80.476,62.988],[80.411,62.945],[80.307,62.928],[80.283,62.904],[80.087,62.83],[79.915,62.792],[79.903,62.701],[79.849,62.614],[79.82,62.604],[78.793,62.615],[78.523,62.57],[78.379,62.568],[78.139,62.506],[78.026,62.461],[77.967,62.478],[77.889,62.557],[77.327,62.71],[77.158,62.791],[77.026,62.975],[76.824,62.992],[76.688,63.039],[76.623,63.038],[76.297,62.95],[76.24,63.019],[75.94,63.08],[75.861,63.111],[75.592,63.09],[75.364,63.108],[75.15,63.062],[75.028,63.062],[74.915,63.032],[74.507,63.043],[74.241,63.172],[73.507,63.185],[73.368,63.207],[73.284,63.315],[73.187,63.374],[73.196,63.389],[73.104,63.436],[72.907,63.393],[72.832,63.34],[72.655,63.28],[72.161,63.299],[71.988,63.202],[71.805,63.219],[71.608,63.185],[71.569,63.551],[71.551,63.59],[71.388,63.675],[71.203,63.693],[70.923,63.687],[70.813,63.822],[70.638,63.903],[70.629,63.942],[70.558,64.002],[70.776,64.114],[70.789,64.151],[70.769,64.194],[70.672,64.237],[70.473,64.252],[70.307,64.344],[70.224,64.35],[70.098,64.318],[70.0,64.316],[69.825,64.341],[69.773,64.376],[69.693,64.4],[69.379,64.39],[69.214,64.472],[69.118,64.455],[69.015,64.472],[68.859,64.436],[68.99,64.33],[68.889,64.269],[68.882,64.223],[68.831,64.218],[68.687,64.256],[68.425,64.296],[68.207,64.208],[68.179,64.176],[68.012,64.123],[67.926,64.116],[67.799,64.032],[67.679,64.079],[67.575,64.071],[67.481,64.087],[67.454,64.068],[67.398,64.097],[67.281,64.081],[67.258,64.117],[67.166,64.125],[67.171,64.163],[66.888,64.198],[66.819,64.226],[66.797,64.257],[66.796,64.326],[66.887,64.378],[66.939,64.443],[66.936,64.487],[66.88,64.516],[66.682,64.557],[66.485,64.529],[66.466,64.512],[66.146,64.586],[66.019,64.595],[65.883,64.569],[65.4,64.571],[65.176,64.446],[64.995,64.466],[64.761,64.427],[64.601,64.437],[64.477,64.36],[64.002,64.356],[63.904,64.316],[63.899,64.291],[63.878,64.283],[63.611,64.268],[63.488,64.289],[63.413,64.328],[63.505,64.375],[63.463,64.455],[63.382,64.464],[63.237,64.524],[62.961,64.503],[62.9,64.477],[62.833,64.498],[62.688,64.494],[62.536,64.555],[62.586,64.605],[62.593,64.64],[62.744,64.693],[62.806,64.735],[62.786,64.785],[62.825,64.805],[62.81,64.836],[62.786,64.854],[62.684,64.873],[62.678,64.891],[62.687,64.918],[62.78,65.0],[62.801,65.051],[62.817,65.292],[62.481,65.349],[62.374,65.449],[62.411,65.515],[62.325,65.541],[62.278,65.623],[62.018,65.717],[62.132,65.728],[62.523,65.839],[62.851,65.873],[62.854,65.892],[62.803,65.931],[62.884,65.98],[62.821,66.012],[62.853,66.041],[62.862,66.075],[62.963,66.115],[62.98,66.162],[63.013,66.195],[63.105,66.25],[63.161,66.265],[63.295,66.239],[63.303,66.274],[63.241,66.313],[63.242,66.328],[63.282,66.36],[63.297,66.395],[63.404,66.452],[63.415,66.48],[63.541,66.471],[63.655,66.519],[63.809,66.547],[63.981,66.651],[64.295,66.663],[64.413,66.724],[64.534,66.728],[64.576,66.798],[64.85,66.837],[64.937,66.869],[64.999,66.865],[65.105,66.895],[65.116,66.908],[65.106,67.001],[65.078,67.042],[65.216,67.076],[65.19,67.145],[65.234,67.149],[65.328,67.199],[65.422,67.215],[65.554,67.268],[65.589,67.296],[65.662,67.311],[65.713,67.34],[65.678,67.369],[65.702,67.389],[65.937,67.393],[66.008,67.416],[66.103,67.48],[66.097,67.522],[66.036,67.575],[65.836,67.555],[65.796,67.568],[65.859,67.606],[65.824,67.63],[65.852,67.654],[66.0,67.678],[66.105,67.647],[66.206,67.693],[66.198,67.74],[66.02,67.798],[66.059,67.879],[66.093,67.905],[66.09,67.93],[66.0,67.933],[65.911,67.961],[65.78,67.924],[65.567,67.934],[65.437,67.92],[65.29,68.012],[65.331,68.091],[65.296,68.138],[65.277,68.236],[65.403,68.343],[65.422,68.387],[65.604,68.489],[65.654,68.556],[65.525,68.584],[65.459,68.643],[65.408,68.661],[65.383,68.685],[65.425,68.701],[65.411,68.723],[65.33,68.726],[65.344,68.786],[65.315,68.803],[65.204,68.821],[65.08,68.81],[64.904,68.871],[64.79,68.892],[64.758,68.885],[64.744,68.857],[64.579,68.865],[64.528,68.899],[64.581,68.946],[64.514,68.992],[64.527,69.023],[64.687,69.081],[64.749,69.131],[64.81,69.136],[64.99,69.205],[65.038,69.271]]],[[[71.353,73.385],[71.33,73.368],[71.35,73.347],[71.343,73.331],[71.264,73.315],[71.214,73.285],[71.137,73.293],[71.149,73.301],[71.144,73.347],[71.25,73.418],[71.343,73.402],[71.353,73.385]]],[[[78.279,72.552],[78.395,72.491],[78.18,72.422],[77.984,72.389],[77.771,72.305],[77.586,72.285],[77.201,72.29],[77.127,72.278],[76.918,72.293],[76.87,72.307],[76.853,72.333],[76.913,72.372],[77.249,72.469],[77.313,72.545],[77.61,72.635],[77.795,72.629],[78.279,72.552]]],[[[74.725,73.107],[74.845,73.094],[74.962,73.06],[74.768,73.092],[74.703,73.079],[74.685,73.055],[74.695,73.026],[74.639,72.96],[74.664,72.922],[74.708,72.902],[74.68,72.864],[74.656,72.859],[74.585,72.875],[74.598,72.895],[74.465,72.9],[74.344,72.928],[74.325,72.947],[74.201,72.966],[74.121,72.999],[74.093,73.028],[74.159,73.089],[74.212,73.115],[74.475,73.134],[74.725,73.107]]],[[[76.695,73.186],[76.732,73.166],[76.729,73.144],[76.633,73.131],[76.318,73.148],[76.171,73.182],[76.133,73.208],[76.185,73.217],[76.695,73.186]]],[[[71.669,73.227],[71.75,73.042],[71.73,73.034],[71.495,73.15],[71.375,73.179],[71.279,73.143],[70.662,73.103],[70.462,73.051],[70.257,73.038],[70.204,73.047],[70.11,73.101],[69.999,73.061],[70.085,73.038],[70.101,73.018],[69.875,73.038],[69.912,73.115],[70.021,73.183],[70.065,73.237],[70.058,73.279],[69.959,73.399],[70.47,73.499],[70.563,73.481],[70.65,73.5],[70.949,73.517],[71.229,73.465],[71.268,73.444],[71.239,73.437],[71.112,73.447],[71.136,73.393],[71.087,73.358],[71.096,73.313],[70.997,73.288],[70.98,73.265],[71.062,73.279],[71.212,73.274],[71.289,73.252],[71.277,73.278],[71.296,73.296],[71.402,73.319],[71.436,73.353],[71.608,73.275],[71.669,73.227]]],[[[76.757,73.45],[76.754,73.43],[76.563,73.486],[76.072,73.525],[76.162,73.563],[76.251,73.554],[76.731,73.47],[76.757,73.45]]],[[[75.923,73.524],[75.866,73.502],[75.901,73.471],[75.803,73.454],[75.496,73.45],[75.535,73.469],[75.544,73.498],[75.38,73.45],[75.363,73.435],[75.373,73.409],[75.36,73.397],[75.304,73.409],[75.335,73.451],[75.421,73.498],[75.619,73.553],[76.034,73.579],[76.079,73.56],[75.923,73.524]]],[[[67.217,69.421],[67.287,69.438],[67.306,69.428],[67.149,69.368],[67.096,69.366],[66.995,69.389],[66.939,69.439],[66.968,69.459],[67.013,69.436],[67.217,69.421]]],[[[67.328,69.573],[67.345,69.522],[67.259,69.439],[67.059,69.451],[67.022,69.477],[67.038,69.498],[67.188,69.571],[67.3,69.584],[67.328,69.573]]],[[[66.837,70.392],[66.764,70.403],[66.59,70.473],[66.668,70.538],[66.671,70.508],[66.7,70.477],[66.837,70.392]]],[[[66.559,70.544],[66.583,70.502],[66.528,70.507],[66.439,70.568],[66.397,70.63],[66.388,70.711],[66.428,70.8],[66.48,70.764],[66.454,70.684],[66.546,70.603],[66.559,70.544]]],[[[66.6,70.914],[66.508,70.828],[66.434,70.827],[66.523,70.943],[66.6,71.004],[66.613,70.983],[66.584,70.947],[66.6,70.914]]]]}},{"type":"Feature","id":"RU-YAR","properties":{"code":"RU-YAR","name":"Yaroslavl Oblast","district":"Central","country":"RU","special":false},"geometry":{"type":"Polygon","coordinates":[[[40.926,58.579],[41.034,58.522],[41.019,58.491],[41.063,58.47],[41.075,58.396],[41.164,58.361],[41.086,58.307],[40.976,58.267],[40.939,58.207],[40.881,58.194],[40.871,58.169],[40.885,58.126],[40.755,58.061],[40.702,57.984],[40.608,57.927],[40.599,57.891],[40.623,57.841],[40.623,57.655],[40.664,57.585],[40.607,57.539],[40.585,57.545],[40.577,57.578],[40.499,57.58],[40.44,57.552],[40.451,57.525],[40.49,57.499],[40.412,57.515],[40.387,57.503],[40.45,57.436],[40.4,57.418],[40.437,57.386],[40.426,57.342],[40.445,57.276],[40.327,57.293],[40.195,57.285],[40.188,57.272],[40.225,57.264],[40.178,57.206],[40.047,57.218],[39.942,57.184],[39.842,57.177],[39.832,57.155],[39.844,57.129],[39.827,57.11],[39.66,57.077],[39.52,57.027],[39.518,57.01],[39.551,57.0],[39.579,56.968],[39.527,56.956],[39.487,56.917],[39.465,56.918],[39.47,56.884],[39.39,56.844],[39.392,56.793],[39.417,56.772],[39.356,56.772],[39.343,56.71],[39.31,56.684],[39.311,56.661],[39.337,56.643],[39.337,56.609],[39.272,56.538],[39.121,56.594],[39.0,56.543],[38.913,56.556],[38.859,56.595],[38.759,56.61],[38.737,56.587],[38.629,56.581],[38.568,56.543],[38.548,56.547],[38.536,56.568],[38.553,56.578],[38.541,56.617],[38.51,56.644],[38.323,56.711],[38.306,56.744],[38.257,56.77],[38.237,56.809],[38.154,56.832],[38.147,56.858],[38.121,56.875],[38.202,56.898],[38.21,56.963],[38.153,56.988],[38.22,57.008],[38.26,57.089],[38.245,57.136],[38.145,57.192],[38.153,57.227],[38.226,57.236],[38.248,57.269],[38.306,57.276],[38.286,57.366],[38.166,57.358],[38.148,57.337],[38.086,57.342],[37.984,57.359],[37.795,57.434],[37.841,57.467],[37.795,57.51],[37.816,57.551],[37.808,57.601],[37.828,57.631],[37.772,57.628],[37.656,57.675],[37.651,57.703],[37.54,57.738],[37.523,57.771],[37.457,57.828],[37.385,57.831],[37.377,57.844],[37.417,57.861],[37.346,57.887],[37.385,57.904],[37.496,57.894],[37.495,57.917],[37.371,57.949],[37.367,57.977],[37.515,57.987],[37.542,58.003],[37.524,58.035],[37.54,58.049],[37.672,58.075],[37.554,58.169],[37.387,58.194],[37.347,58.248],[37.379,58.263],[37.422,58.315],[37.37,58.349],[37.449,58.408],[37.478,58.415],[37.534,58.397],[37.644,58.429],[37.651,58.461],[37.626,58.49],[37.682,58.523],[37.722,58.627],[37.824,58.635],[37.891,58.617],[37.941,58.641],[38.048,58.736],[38.478,58.706],[38.563,58.779],[38.674,58.749],[38.824,58.753],[38.843,58.739],[38.909,58.74],[38.902,58.793],[39.002,58.849],[38.918,58.885],[38.94,58.944],[39.03,58.936],[39.119,58.954],[39.227,58.916],[39.315,58.926],[39.531,58.877],[39.595,58.906],[39.683,58.848],[39.808,58.819],[39.839,58.768],[39.969,58.759],[40.02,58.68],[40.088,58.668],[40.105,58.598],[40.195,58.55],[40.496,58.556],[40.625,58.606],[40.674,58.587],[40.926,58.579]]]}},{"type":"Feature","id":"UA-CR","properties":{"code":"UA-CR","name":"Crimea","district":"Crimea","country":"UA","special":true,"analytic_scope":"occupied"},"geometry":{"type":"MultiPolygon","coordinates":[[[[33.629,46.125],[33.66,46.148],[33.67,46.218],[33.716,46.196],[33.802,46.203],[34.105,46.095],[34.236,46.098],[34.334,46.07],[34.362,46.056],[34.411,45.988],[34.465,45.955],[34.504,45.951],[34.53,45.981],[34.689,45.974],[34.763,45.932],[34.784,45.899],[34.789,45.804],[34.81,45.785],[34.871,45.773],[34.952,45.722],[35.002,45.729],[35.332,45.371],[35.481,45.298],[35.716,45.341],[35.833,45.471],[35.858,45.469],[35.854,45.414],[35.986,45.363],[36.022,45.368],[36.069,45.43],[36.118,45.457],[36.252,45.461],[36.284,45.477],[36.307,45.461],[36.299,45.443],[36.341,45.457],[36.412,45.436],[36.491,45.443],[36.533,45.409],[36.583,45.427],[36.614,45.409],[36.638,45.351],[36.586,45.334],[36.502,45.347],[36.484,45.316],[36.491,45.292],[36.437,45.272],[36.409,45.149],[36.455,45.092],[36.44,45.067],[36.268,45.044],[36.244,45.011],[36.225,45.008],[36.048,45.049],[35.993,44.998],[35.848,44.992],[35.783,45.058],[35.706,45.095],[35.591,45.12],[35.506,45.114],[35.408,45.062],[35.401,45.025],[35.435,45.005],[35.374,44.998],[35.362,44.987],[35.367,44.943],[35.319,44.97],[35.256,44.959],[35.215,44.914],[35.154,44.901],[35.081,44.794],[35.038,44.799],[34.986,44.84],[34.89,44.818],[34.721,44.811],[34.651,44.777],[34.469,44.73],[34.38,44.631],[34.331,44.545],[34.271,44.545],[34.243,44.507],[34.182,44.493],[34.147,44.45],[34.103,44.425],[33.938,44.381],[33.852,44.402],[33.73,44.398],[33.786,44.425],[33.852,44.432],[33.806,44.527],[33.777,44.532],[33.769,44.556],[33.73,44.554],[33.713,44.582],[33.75,44.624],[33.709,44.666],[33.625,44.661],[33.611,44.721],[33.689,44.754],[33.675,44.792],[33.581,44.819],[33.571,44.852],[33.609,44.872],[33.62,44.931],[33.563,45.094],[33.537,45.117],[33.396,45.19],[33.26,45.156],[33.24,45.18],[33.174,45.197],[33.079,45.272],[32.899,45.354],[32.729,45.361],[32.663,45.32],[32.591,45.32],[32.513,45.341],[32.482,45.409],[32.525,45.458],[32.644,45.522],[32.705,45.531],[32.758,45.565],[32.828,45.562],[32.827,45.596],[32.868,45.63],[33.176,45.743],[33.181,45.755],[33.159,45.769],[33.169,45.784],[33.23,45.751],[33.265,45.754],[33.482,45.854],[33.53,45.842],[33.62,45.882],[33.659,45.859],[33.692,45.861],[33.694,45.914],[33.777,45.93],[33.682,45.958],[33.62,45.951],[33.647,45.98],[33.632,45.988],[33.644,46.015],[33.628,46.068],[33.648,46.09],[33.629,46.125]]],[[[33.73,44.398],[33.645,44.425],[33.578,44.497],[33.518,44.491],[33.372,44.576],[33.371,44.588],[33.436,44.605],[33.572,44.621],[33.525,44.629],[33.515,44.649],[33.548,44.699],[33.516,44.785],[33.56,44.85],[33.571,44.852],[33.581,44.819],[33.675,44.792],[33.689,44.754],[33.611,44.721],[33.625,44.661],[33.709,44.666],[33.75,44.624],[33.713,44.582],[33.73,44.554],[33.769,44.556],[33.777,44.532],[33.806,44.527],[33.843,44.456],[33.852,44.432],[33.786,44.425],[33.73,44.398]]]]}}]}